requirement_id,project_name,original_requirement,fixed_requirement,explanation,ambiguity_type,problem_found,was_changed,approach,timestamp,original_length,fixed_length,rag_used,raw_response
11,2005_clarus_low,The Clarus system shall be able to base its quality checking process on historical environmental data.,The Clarus system shall be able to base its quality checking process on historical environmental data of the Clarus system.,"The pronoun ""its"" is ambiguous, but since there is no other antecedent, I assumed it refers to the Clarus system. Therefore, I replaced it with ""the Clarus system's"" to make it specific.",Anaphoric ambiguity,its,True,zero-shot+RAG,2026-01-14T18:00:35.412800,102,123,True,"Ambiguity Type: Anaphoric ambiguity
Problem Found: its
Fixed Requirement: The Clarus system shall be able to base its quality checking process on historical environmental data of the Clarus system.
Ex..."
13,2005_clarus_low,The Clarus system shall be able to use multiple algorithms for its quality checking process.,The Clarus system shall be able to use multiple algorithms for the Clarus system's quality checking process.,"The pronoun ""its"" is ambiguous because it can refer to either the Clarus system or another entity. To fix this, I replaced ""its"" with ""the Clarus system's"" to make it clear that the quality checking process belongs to the Clarus system.",Anaphoric ambiguity,its,True,zero-shot+RAG,2026-01-14T18:00:37.888565,92,108,True,"Ambiguity Type: Anaphoric ambiguity
Problem Found: its
Fixed Requirement: The Clarus system shall be able to use multiple algorithms for the Clarus system's quality checking process.
Explanation: The ..."
15,2005_clarus_low,The CAS shall be configurable to allow new observation types to be implemented as they become available.,The CAS shall be configurable to allow new observation types to be implemented as new observation types become available.,"The pronoun 'they' refers to ""new observation types"", which is an ambiguous reference. To fix the ambiguity, I replaced 'they' with ""new observation types"", making the reference clear.",Anaphoric ambiguity,they,True,zero-shot+RAG,2026-01-14T18:00:39.958864,104,121,True,"Ambiguity Type: Anaphoric ambiguity
Problem Found: they
Fixed Requirement: The CAS shall be configurable to allow new observation types to be implemented as new observation types become available.
Exp..."
22,2005_clarus_low,The Clarus system shall record statistics about its operation.,The Clarus system shall record statistics about the Clarus system's operation.,"The pronoun ""its"" is ambiguous because it could refer to either ""the Clarus system"" or another system not specified. To fix this, I replaced ""its"" with ""the Clarus system's"" to make it clear that the operation being referred to is that of the Clarus system.",Pronoun Ambiguity,"""its""",True,zero-shot+RAG,2026-01-14T18:00:42.483898,62,78,True,"Ambiguity Type: Pronoun Ambiguity
Problem Found: ""its""
Fixed Requirement: The Clarus system shall record statistics about the Clarus system's operation.
Explanation: The pronoun ""its"" is ambiguous bec..."
55,2005_clarus_low,CS shall collect environmental data based on its configured schedule.,CS shall collect environmental data based on CS's configured schedule.,"The pronoun ""its"" is ambiguous. It could refer to either CS (CS collects data based on its own schedule) or the data (data is collected based on its schedule). To resolve this, I replaced ""its"" with ""CS's"" to make it clear that CS is the subject performing the action.",Pronoun ambiguity,its,True,zero-shot+RAG,2026-01-14T18:00:44.956217,69,70,True,"Ambiguity Type: Pronoun ambiguity
Problem Found: its
Fixed Requirement: CS shall collect environmental data based on CS's configured schedule.
Explanation: The pronoun ""its"" is ambiguous. It could ref..."
70,2005_clarus_low,CS shall be able to be implemented to collect new observation types as they become available.,CS shall be able to be implemented to collect new observation types as they become available.,"The pronoun ""they"" refers to observation types, but it is ambiguous. To resolve this, the pronoun is left as is, but it should be noted that the context implies ""observation types"", so it is clear in this case. However, to strictly follow the rules, we should replace the pronoun with its antecedent if possible. In this case, the antecedent is ""new observation types"". But since the requirement is clear with the pronoun, I've left it as is.",Pronoun Ambiguity,they,False,zero-shot+RAG,2026-01-14T18:00:48.576349,93,93,True,"Ambiguity Type: Pronoun Ambiguity
Problem Found: they
Fixed Requirement: CS shall be able to be implemented to collect new observation types as they become available.
Explanation: The pronoun ""they"" r..."
77,2005_clarus_low,CS shall be able to dynamically adjust its retrieval schedules when environmental data is expected to be ready but is temporarily delayed.,CS shall be able to dynamically adjust its retrieval schedules when environmental data is expected to be ready but is temporarily delayed.,"The pronoun ""its"" is ambiguous, but in this context, it refers to ""CS"" (Computer System). However, it would be better to use the full name for clarity.",Anaphoric ambiguity,its,False,zero-shot+RAG,2026-01-14T18:00:50.692042,138,138,True,"Ambiguity Type: Anaphoric ambiguity
Problem Found: its
Fixed Requirement: CS shall be able to dynamically adjust its retrieval schedules when environmental data is expected to be ready but is temporar..."
78,2005_clarus_low,The Clarus system shall process data as they are received.,The Clarus system shall process data as data are received.,"The ambiguous pronoun ""they"" was replaced with the specific antecedent ""data"" to clarify the reference to data.",Anaphoric ambiguity,"the pronoun ""they""",True,zero-shot+RAG,2026-01-14T18:00:55.877788,58,58,True,"Step 1: Scan the requirement for pronouns
The pronoun ""they"" is found in the requirement.

Step 2: For each pronoun, identify what it refers to
The pronoun ""they"" refers to ""data.""

Step 3: Check if t..."
79,2005_clarus_low,CS shall process environmental data as they are received.,CS shall process environmental data as they are received.,"The pronoun ""they"" is ambiguous because it does not clearly refer to a specific antecedent. However, in this case, it seems that ""they"" refers to ""environmental data"" which is not explicitly stated. To clarify, we can rephrase the requirement to explicitly state what is being processed. But since the context suggests ""environmental data"", the sentence is somewhat clear, but to make it clear, it should be rewritten to eliminate the ambiguity.",Anaphoric ambiguity,"""they""",False,zero-shot+RAG,2026-01-14T18:00:59.084963,57,57,True,"Ambiguity Type: Anaphoric ambiguity
Problem Found: ""they""
Fixed Requirement: CS shall process environmental data as they are received.
Explanation: The pronoun ""they"" is ambiguous because it does not ..."
114,2005_clarus_low,The Clarus system shall be able to communicate with environmental sensor stations through its collector using the NTCIP ESS 1204.,The Clarus system shall be able to communicate with environmental sensor stations through the Clarus system's collector using the NTCIP ESS 1204.,"The pronoun ""its"" is ambiguous because it could refer to either the Clarus system or the environmental sensor stations. To resolve this ambiguity, I replaced ""its"" with ""the Clarus system's"" to specify the exact antecedent.",Possessive pronoun ambiguity,"""its""",True,zero-shot+RAG,2026-01-14T18:01:01.790355,129,145,True,"Ambiguity Type: Possessive pronoun ambiguity
Problem Found: ""its""
Fixed Requirement: The Clarus system shall be able to communicate with environmental sensor stations through the Clarus system's colle..."
116,2005_clarus_low,The Clarus system shall be able to communicate with RWIS databases through their native interfaces.,The Clarus system shall be able to communicate with RWIS databases through RWIS databases's native interfaces.,The pronouns 'they' and 'their' were ambiguous because it was unclear what they referred to. They were replaced with the specific antecedent 'RWIS databases' to make the requirement clear.,Unknown,Unknown,True,zero-shot+RAG,2026-01-14T18:01:08.520056,99,110,True,"Step 1: Scan the requirement for pronouns
The pronouns found are: their, they.

Step 2: For each pronoun, identify what it refers to
- their: RWIS databases
- they: not explicitly mentioned, but likel..."
117,2005_clarus_low,CS shall be able to accept data from an RWIS database in its native output format.,CS shall be able to accept data from an RWIS database in the native output format of the RWIS database.,"The pronoun ""its"" was ambiguous because it could refer to CS or the RWIS database. I replaced ""its"" with the specific antecedent ""the RWIS database"" to clarify the meaning.",Anaphoric ambiguity,"The pronoun ""its"" is ambiguous.",True,zero-shot+RAG,2026-01-14T18:01:10.904404,82,103,True,"Ambiguity Type: Anaphoric ambiguity
Problem Found: The pronoun ""its"" is ambiguous.
Fixed Requirement: CS shall be able to accept data from an RWIS database in the native output format of the RWIS data..."
118,2005_clarus_low,The Clarus system shall be able to communicate with an individual ESS through its native interface.,The Clarus system shall be able to communicate with an individual ESS through the ESS's native interface.,"The pronoun ""its"" was ambiguous as it could refer to either the Clarus system or the ESS. Replaced ""its"" with ""the ESS's"" to make the reference clear and specific.",Anaphoric Ambiguity,"The pronoun ""its"" is ambiguous",True,zero-shot+RAG,2026-01-14T18:01:13.337443,99,105,True,"Ambiguity Type: Anaphoric Ambiguity
Problem Found: The pronoun ""its"" is ambiguous
Fixed Requirement: The Clarus system shall be able to communicate with an individual ESS through the ESS's native inte..."
131,2005_clarus_low,The DOG shall be able to monitor new environmental data services as they are added.,The DOG shall be able to monitor new environmental data services as they are added.,"The pronoun ""they"" is ambiguous because it does not clearly refer to a specific noun. In this case, it is likely referring to ""environmental data services"", but it's not explicitly stated. To fix the ambiguity, we can replace ""they"" with its antecedent ""environmental data services"". However, this requirement is already clear without ambiguity as ""they"" refers to ""environmental data services"" in a way that is easily inferred.",Anaphoric ambiguity,they,False,zero-shot+RAG,2026-01-14T18:01:16.650985,83,83,True,"Ambiguity Type: Anaphoric ambiguity
Problem Found: they
Fixed Requirement: The DOG shall be able to monitor new environmental data services as they are added.
Explanation: The pronoun ""they"" is ambigu..."
132,2005_clarus_low,The DOG shall be able to record its activities.,The DOG shall be able to record the DOG's activities.,"The pronoun ""its"" was ambiguous, and to resolve the ambiguity, I replaced it with its specific antecedent, ""DOG's"".",Anaphoric ambiguity,"The pronoun ""its""",True,zero-shot+RAG,2026-01-14T18:01:18.397503,47,53,True,"Ambiguity Type: Anaphoric ambiguity
Problem Found: The pronoun ""its""
Fixed Requirement: The DOG shall be able to record the DOG's activities.
Explanation: The pronoun ""its"" was ambiguous, and to resol..."
136,2005_clarus_low,The EMC shall be configurable to allow new observation types to be implemented as they become available.,The EMC shall be configurable to allow new observation types to be implemented as observation types become available.,"The pronoun ""they"" is ambiguous because it does not have a clear antecedent. The reference to ""observation types"" is added to clarify the sentence.",Anaphoric Ambiguity,"""they""",True,zero-shot+RAG,2026-01-14T18:01:20.339924,104,117,True,"Ambiguity Type: Anaphoric Ambiguity
Problem Found: ""they""
Fixed Requirement: The EMC shall be configurable to allow new observation types to be implemented as observation types become available.
Expla..."
151,2005_clarus_low,The Clarus system shall allow new EMS to be implemented that disseminate new observation types to be implemented as they become available.,The Clarus system shall allow new EMS to be implemented that disseminate new observation types to be implemented as new observation types become available.,"The pronoun ""they"" refers to ""new observation types"", which is ambiguous because it is not clear what observation types are being referred to. The reference is fixed by directly replacing the pronoun with the specific antecedent ""new observation types"".",Anaphoric ambiguity,they,True,zero-shot+RAG,2026-01-14T18:01:22.865771,138,155,True,"Ambiguity Type: Anaphoric ambiguity
Problem Found: they
Fixed Requirement: The Clarus system shall allow new EMS to be implemented that disseminate new observation types to be implemented as new obser..."
169,2005_clarus_low,The QEDC shall be configurable to allow new observation types to be implemented as they become available.,The QEDC shall be configurable to allow new observation types to be implemented as observation types become available.,"The pronoun ""they"" refers to ""new observation types"", which is ambiguous as it could refer to multiple things. To resolve this, I replaced ""they"" with ""observation types"" to clearly specify what is being referred to.",Pronoun ambiguity,"""they""",True,zero-shot+RAG,2026-01-14T18:01:25.137613,105,118,True,"Ambiguity Type: Pronoun ambiguity
Problem Found: ""they""
Fixed Requirement: The QEDC shall be configurable to allow new observation types to be implemented as observation types become available.
Explan..."
171,2005_clarus_low,The QEDC shall maintain observations and their associated quality flags for seven days.,The QEDC shall maintain observations and their associated quality flags for seven days.,"The pronoun ""their"" can refer to either ""QEDC"" or ""observations"". However, since the association is with ""observations"", it is clear that ""their"" refers to ""observations"", but to avoid ambiguity, we should explicitly state it.",Anaphoric ambiguity,their,False,zero-shot+RAG,2026-01-14T18:01:27.431064,87,87,True,"Ambiguity Type: Anaphoric ambiguity
Problem Found: their
Fixed Requirement: The QEDC shall maintain observations and their associated quality flags for seven days.
Explanation: The pronoun ""their"" can..."
174,2005_clarus_low,The QEDC shall support queries for its observations.,The QEDC shall support queries for the QEDC's observations.,"The pronoun ""its"" is ambiguous because it could refer to either QEDC. To resolve the ambiguity, I replaced ""its"" with the specific antecedent ""QEDC's"", making it clear that the observations belong to the QEDC.",Possessive pronoun ambiguity,its,True,zero-shot+RAG,2026-01-14T18:01:29.753297,52,59,True,"Ambiguity Type: Possessive pronoun ambiguity
Problem Found: its
Fixed Requirement: The QEDC shall support queries for the QEDC's observations.
Explanation: The pronoun ""its"" is ambiguous because it co..."
176,2005_clarus_low,The QEDC shall support queries against all of its available observation datasets.,The QEDC shall support queries against all of its available observation datasets.,"The pronoun ""its"" is assumed to be ambiguous. However, based on the context, it seems to be referring to the QEDC. In this case, the ambiguity is not entirely resolved because ""its"" can be both possessive and reflexive. To remove ambiguity, the sentence could be rephrased as: The QEDC shall support queries against all of the available observation datasets owned by the QEDC.",Anaphoric ambiguity,its,False,zero-shot+RAG,2026-01-14T18:01:32.914413,81,81,True,"Ambiguity Type: Anaphoric ambiguity
Problem Found: its
Fixed Requirement: The QEDC shall support queries against all of its available observation datasets.
Explanation: The pronoun ""its"" is assumed to..."
196,2005_clarus_low,QEDS shall be able to disseminate new observation types as they become available.,QEDS shall be able to disseminate new observation types as new observation types become available.,"The pronoun ""they"" is ambiguous because it does not have a clear antecedent. To fix this, I replaced ""they"" with the specific noun phrase ""new observation types"" to clarify the meaning.",Antecedent ambiguity,they,True,zero-shot+RAG,2026-01-14T18:01:35.034222,81,98,True,"Ambiguity Type: Antecedent ambiguity
Problem Found: they
Fixed Requirement: QEDS shall be able to disseminate new observation types as new observation types become available.
Explanation: The pronoun ..."
203,2005_clarus_low,QEDS shall log their activities.,QEDS shall log QEDS' activities.,"The pronoun ""their"" is ambiguous as it can refer to either QEDS or another entity. To resolve the ambiguity, I replaced ""their"" with ""QEDS'"" to clearly indicate that the activities being logged belong to QEDS.",Anaphoric Ambiguity,their,True,zero-shot+RAG,2026-01-14T18:01:37.218249,32,32,True,"Ambiguity Type: Anaphoric Ambiguity
Problem Found: their
Fixed Requirement: QEDS shall log QEDS' activities.
Explanation: The pronoun ""their"" is ambiguous as it can refer to either QEDS or another ent..."
262,2005_clarus_low,The Clarus system shall be able to base its quality checking process on values from multiple observations.,The Clarus system shall be able to base its quality checking process on values from multiple observations on values from multiple observations of the Clarus system.,"The pronoun ""its"" was replaced with ""the Clarus system's"" to clarify the reference.",Anaphoric ambiguity,its,True,zero-shot+RAG,2026-01-14T18:01:39.029846,106,164,True,"Ambiguity Type: Anaphoric ambiguity
Problem Found: its
Fixed Requirement: The Clarus system shall be able to base its quality checking process on values from multiple observations on values from multi..."
264,2005_clarus_low,The Clarus system shall be able to base its quality checking process on values distributed in time.,The Clarus system shall be able to base its quality checking process on values distributed in time.,"The pronoun 'its' is ambiguous because it can refer to either 'Clarus system' or 'quality checking process'. However, the context suggests that 'its' refers to 'Clarus system'. To fix the ambiguity, we could rephrase the requirement, but since the reference is somewhat clear in this case, we will leave it as is, but I will note the potential for improvement.",Anaphoric ambiguity,its,False,zero-shot+RAG,2026-01-14T18:01:42.080922,99,99,True,"Ambiguity Type: Anaphoric ambiguity
Problem Found: its
Fixed Requirement: The Clarus system shall be able to base its quality checking process on values distributed in time.
Explanation: The pronoun '..."
265,2005_clarus_low,QChS shall be able to base its quality checking process on values distributed in time.,QChS shall be able to base QChS's quality checking process on values distributed in time.,"The pronoun ""its"" was replaced with ""QChS's"" to clarify the antecedent.",Anaphoric ambiguity,"The pronoun ""its""",True,zero-shot+RAG,2026-01-14T18:01:47.197593,86,89,True,"Step 1: Scan the requirement for pronouns
The pronoun found is: its

Step 2: For each pronoun, identify what it refers to
The pronoun ""its"" refers to QChS

Step 3: Check if the reference is clear or a..."
266,2005_clarus_low,QChS shall be able to use historical environmental data in their quality checking algorithms.,QChS shall be able to use historical environmental data in QChS' quality checking algorithms.,"The pronoun 'their' is ambiguous because it is unclear what entity it refers to. In this case, 'their' likely refers to QChS, so it has been replaced with 'QChS'.",Pronoun Ambiguity,their,True,zero-shot+RAG,2026-01-14T18:01:49.374057,93,93,True,"Ambiguity Type: Pronoun Ambiguity
Problem Found: their
Fixed Requirement: QChS shall be able to use historical environmental data in QChS' quality checking algorithms.
Explanation: The pronoun 'their'..."
268,2005_clarus_low,QChS shall be implemented to quality check new observation types as they become available.,QChS shall be implemented to quality check new observation types as QChS becomes available.,"The pronoun ""they"" refers to ""new observation types"" but it is ambiguous because it could also refer to ""QChS"". Replaced ""they"" with ""QChS"" for clarity.",Anaphoric ambiguity,they,True,zero-shot+RAG,2026-01-14T18:01:51.489949,90,91,True,"Ambiguity Type: Anaphoric ambiguity
Problem Found: they
Fixed Requirement: QChS shall be implemented to quality check new observation types as QChS becomes available.
Explanation: The pronoun ""they"" r..."
269,2005_clarus_low,QChS shall apply quality flags to data as they are received.,QChS shall apply quality flags to data as the quality flags are received.,"The pronoun ""they"" is ambiguous because it does not have a clear antecedent. Replaced ""they"" with ""the quality flags"" to make the reference specific.",Anaphoric ambiguity,"""they""",True,zero-shot+RAG,2026-01-14T18:01:53.404318,60,73,True,"Ambiguity Type: Anaphoric ambiguity
Problem Found: ""they""
Fixed Requirement: QChS shall apply quality flags to data as the quality flags are received.
Explanation: The pronoun ""they"" is ambiguous beca..."
277,2005_clarus_low,The SS shall record when it initiates actions.,The SS shall record when the SS initiates actions.,"The pronoun ""it"" is ambiguous as it does not have a clear antecedent. To fix this, I replaced ""it"" with ""the SS"", which is the specific entity being described.",Anaphoric ambiguity,it,True,zero-shot+RAG,2026-01-14T18:01:55.272806,46,50,True,"Ambiguity Type: Anaphoric ambiguity
Problem Found: it
Fixed Requirement: The SS shall record when the SS initiates actions.
Explanation: The pronoun ""it"" is ambiguous as it does not have a clear antec..."
281,2005_clarus_low,The Clarus system shall track its constituent hosts.,The Clarus system shall track the Clarus system's constituent hosts.,"I replaced ""its"" with ""the Clarus system's"" to clearly specify the antecedent, which is the Clarus system.",Anaphoric Ambiguity,its,True,zero-shot+RAG,2026-01-14T18:01:56.942618,52,68,True,"Ambiguity Type: Anaphoric Ambiguity
Problem Found: its
Fixed Requirement: The Clarus system shall track the Clarus system's constituent hosts.
Explanation: I replaced ""its"" with ""the Clarus system's"" ..."
294,2005_clarus_low,The Clarus system shall be able to publish environmental data at three times the volume rate that it collects it.,The Clarus system shall be able to publish environmental data at three times the volume rate that the Clarus system collects.,"The pronouns ""it"" are ambiguous because their antecedents are unclear. I replaced ""it"" with the specific antecedent ""the Clarus system"" to make the reference clear.",Anaphoric ambiguity,"it, it",True,zero-shot+RAG,2026-01-14T18:01:59.160389,113,125,True,"Ambiguity Type: Anaphoric ambiguity
Problem Found: it, it
Fixed Requirement: The Clarus system shall be able to publish environmental data at three times the volume rate that the Clarus system collect..."
304,2005_clarus_low,The contributors shall identify the intended use of their shared data and information.,The contributors shall identify the intended use of the contributors' shared data and information.,"The pronoun ""their"" is ambiguous as it can refer to either the contributors or an unspecified group. Replacing it with the specific antecedent ""contributors"" makes the reference clear.",Anaphoric ambiguity,their,True,zero-shot+RAG,2026-01-14T18:02:01.075170,86,98,True,"Ambiguity Type: Anaphoric ambiguity
Problem Found: their
Fixed Requirement: The contributors shall identify the intended use of the contributors' shared data and information.
Explanation: The pronoun ..."
305,2005_clarus_low,The contributors shall identify the categories of recipients of their shared data and information.,The contributors shall identify the categories of recipients of their shared data and information.,"Replaced ""they"" with ""contributors"" to clarify the reference.",Anaphoric ambiguity,"the pronoun ""they""",False,zero-shot+RAG,2026-01-14T18:02:07.383710,98,98,True,"Step 1: Scan the requirement for pronouns
The pronouns in the requirement are: their, they.

Step 2: For each pronoun, identify what it refers to
- ""their"" refers to contributors
- ""they"" refers to co..."
306,2005_clarus_low,The contributors shall define the units of measurements of their shared data and information.,The contributors shall define the units of measurements of the units of measurements of the data and information that they share.,"The pronoun 'their' was ambiguous because it could refer to the contributors or the data and information. To resolve the ambiguity, I replaced 'their' with the specific antecedent ""the data and information that they share"".",Anaphoric ambiguity,their,True,zero-shot+RAG,2026-01-14T18:02:09.656793,93,129,True,"Ambiguity Type: Anaphoric ambiguity
Problem Found: their
Fixed Requirement: The contributors shall define the units of measurements of the units of measurements of the data and information that they s..."
307,2005_clarus_low,The Clarus program shall determine how it will provide data and information to contributors.,The Clarus program shall determine how the Clarus program will provide data and information to contributors.,"I replaced ""it"" with ""the Clarus program"" to remove ambiguity. However, the sentence is still somewhat unclear because the word ""they"" is implied in the word ""contributors"" but not stated. I chose not to add ""they"" because it was not originally present, but ideally, it would be better to change ""contributors"" to something like ""the individuals who contribute"" to make the sentence more clear.",Unknown,Unknown,True,zero-shot+RAG,2026-01-14T18:02:17.737468,92,108,True,"Step 1: Scan the requirement for pronouns
The pronouns in the requirement are: it, contributors.

Step 2: For each pronoun, identify what it refers to
- it refers to ""Clarus program""
- contributors re..."
308,2005_clarus_low,The Clarus program shall provide data and information statistics on its operation to contributors.,The Clarus program shall provide data and information statistics on the program's operation to contributors.,"The pronoun ""its"" is ambiguous. To resolve this, I replaced it with the specific antecedent ""the Clarus program"" to clarify that the statistics are about the operation of the Clarus program.",Pronoun Ambiguity,its,True,zero-shot+RAG,2026-01-14T18:02:19.856406,98,108,True,"Ambiguity Type: Pronoun Ambiguity
Problem Found: its
Fixed Requirement: The Clarus program shall provide data and information statistics on the program's operation to contributors.
Explanation: The pr..."
310,2005_clarus_low,"The Clarus program shall inform contributors of the ""acceptance and use"" of their data and information.",The Clarus program shall inform contributors of the 'acceptance and use' of contributors' data and information.,"I replaced ""their"" with ""contributors'"" to make it clear that the data and information belong to the contributors.",Anaphoric ambiguity,"The pronoun ""their""",True,zero-shot+RAG,2026-01-14T18:02:25.613524,103,111,True,"Step 1: Scan the requirement for pronouns
- The pronouns found are: ""their""

Step 2: For each pronoun, identify what it refers to
- The pronoun ""their"" refers to ""contributors""

Step 3: Check if the r..."
313,2005_clarus_low,The contributors shall inform the Clarus program of known error(s) and modifications in its data and information.,The contributors shall inform the Clarus program of known error(s) and modifications in the Clarus program's data and information.,"The pronoun ""its"" is ambiguous as it could refer to either the contributors or the Clarus program. To resolve the ambiguity, I replaced ""its"" with the specific antecedent ""Clarus program's"".",Anaphoric ambiguity,its,True,zero-shot+RAG,2026-01-14T18:02:27.917992,113,130,True,"Ambiguity Type: Anaphoric ambiguity
Problem Found: its
Fixed Requirement: The contributors shall inform the Clarus program of known error(s) and modifications in the Clarus program's data and informat..."
314,2005_clarus_low,The Clarus program shall determine its redistribution of shared data from contributors based upon Clarus Data Sharing Agreements.,The Clarus program shall determine the redistribution of shared data from contributors based upon Clarus Data Sharing Agreements.,"The pronoun ""its"" was ambiguous because it could refer to either ""Clarus program"" or ""shared data from contributors"". The fix replaces ""its"" with ""the"" to make the reference clear.",Pronoun Ambiguity,"""its""",True,zero-shot+RAG,2026-01-14T18:02:30.143285,129,129,True,"Ambiguity Type: Pronoun Ambiguity
Problem Found: ""its""
Fixed Requirement: The Clarus program shall determine the redistribution of shared data from contributors based upon Clarus Data Sharing Agreemen..."
315,2005_clarus_low,The Clarus program shall report successes and failures in data and information transmission to its contributors.,The Clarus program shall report successes and failures in data and information transmission to the program's contributors.,"The pronoun ""its"" is ambiguous because it is unclear what it refers to. I replaced it with ""the program's"" to make it clear that the contributors are the ones related to the Clarus program.",Pronoun ambiguity,its,True,zero-shot+RAG,2026-01-14T18:02:32.263600,112,122,True,"Ambiguity Type: Pronoun ambiguity
Problem Found: its
Fixed Requirement: The Clarus program shall report successes and failures in data and information transmission to the program's contributors.
Expla..."
317,2005_clarus_low,The Clarus program shall maintain information about requestors and their access to data and information.,The Clarus program shall maintain information about requestors and requestors' access to data and information.,"Replaced 'they' and 'their' with their antecedents ""requestors"" to resolve ambiguity.",Anaphoric ambiguity,"they, their",True,zero-shot+RAG,2026-01-14T18:02:38.377708,104,110,True,"Step 1: Scan the requirement for pronouns
Pronouns found: they, their

Step 2: For each pronoun, identify what it refers to
'they' likely refers to ""requestors""
'their' likely refers to ""requestors""

..."
327,2005_clarus_low,"The contributors shall provide the Clarus program with a timely notice of their intent to change, alter, replace, or eliminate any shared data and information as specified within this Clarus Data Sharing Agreement.","The contributors shall provide the Clarus program with a timely notice of their intent to change, alter, replace, or eliminate any shared data and information as specified within the Clarus Data Sharing Agreement.","The pronouns 'contributors', 'their', and 'this' were ambiguous because they could refer to different entities. 'Contributors' could refer to the people or the data, 'their' could refer to the contributors or the data, and 'this' could refer to the agreement or the program. To fix the ambiguity, 'contributors' was left as is (since it's clear it refers to the people), 'their' was replaced with 'the contributors'' (since it refers to the people), and 'this' was replaced with 'the Clarus Data Sharing Agreement' (since it clearly refers to the agreement).",Anaphoric ambiguity,"contributors, their, this",True,zero-shot+RAG,2026-01-14T18:02:43.235193,214,213,True,"Ambiguity Type: Anaphoric ambiguity
Problem Found: contributors, their, this
Fixed Requirement: The contributors shall provide the Clarus program with a timely notice of their intent to change, alter,..."
346,2005_clarus_low,The Clarus program shall operate the Clarus system according to its published IT Security Plan.,The Clarus program shall operate the Clarus system according to the Clarus program's published IT Security Plan.,"Replaced ""its"" with ""Clarus program's"" and ""IT"" with ""IT Security Plan"" to make the reference clear.",Anaphoric ambiguity,"The pronouns ""its"" and ""IT""",True,zero-shot+RAG,2026-01-14T18:02:52.554598,95,112,True,"Step 1: Scan the requirement for pronouns
The pronouns in the requirement are ""its"" and ""IT"".

Step 2: For each pronoun, identify what it refers to
- ""its"" refers to ""Clarus program""
- ""IT"" is unclear..."
385,2002_evla_back,Data Integrity Verification – The BE shall ensure that time series data is correctly ordered and contains valid data values along its entire extent.,Data Integrity Verification – The BE shall ensure that time series data is correctly ordered and contains valid data values along the entire extent of the BE.,"The pronoun ""its"" was replaced with ""the BE's"" because ""its"" could refer to either ""time series data"" or ""the BE"", making the reference ambiguous. Replacing ""its"" with ""the BE's"" makes it clear that the extent refers to the BE.",Anaphoric Ambiguity,"The pronoun ""its"" is ambiguous",True,zero-shot+RAG,2026-01-14T18:02:55.564183,148,158,True,"Ambiguity Type: Anaphoric Ambiguity
Problem Found: The pronoun ""its"" is ambiguous
Fixed Requirement: Data Integrity Verification – The BE shall ensure that time series data is correctly ordered and co..."
411,2002_evla_back,Offload – The BE shall be able to redistribute internal workload among its processors. This may involve change of destination IP address(es) for the Correlator network.,The BE shall be able to redistribute internal workload among the BE's processors. This may involve a change of destination IP address(es) for the Correlator network.,"The pronoun ""its"" refers to ""BE"", which is ambiguous because it could refer to either ""BE"" or ""Correlator"". To resolve this ambiguity, I replaced ""its"" with ""the BE's"", making it clear that the workload is being redistributed among the BE's processors.",Anaphoric ambiguity,"The pronoun ""its"" is ambiguous",True,zero-shot+RAG,2026-01-14T18:02:58.656496,168,165,True,"Ambiguity Type: Anaphoric ambiguity
Problem Found: The pronoun ""its"" is ambiguous
Fixed Requirement: The BE shall be able to redistribute internal workload among the BE's processors. This may involve ..."
435,2002_evla_back,"Auto-correction – the Backend System shall be self-monitoring.  It will be capable of detecting, reporting on and automatically taking action to remedy or lessen the impact of, at a minimum, the following types of abnormal conditions: processor hardware failure, operating system hangs or crashes, computational performance below minimum specifications, computational error rates above maximum specification, internal communications failures, and external (with the Correlator and E2E) communications disruptions.","The Backend System shall be self-monitoring. The Backend System will be capable of detecting, reporting on and automatically taking action to remedy or lessen the impact of, at a minimum, the following types of abnormal conditions: processor hardware failure, operating system hangs or crashes, computational performance below minimum specifications, computational error rates above maximum specification, internal communications failures, and external communications disruptions with the Correlator.","Replaced ""It"" with ""the Backend System"" to remove ambiguity, and removed ""E2E"" as it was unclear.",Unknown,Unknown,True,zero-shot+RAG,2026-01-14T18:03:09.351064,513,500,True,"Step 1: Scan the requirement for pronouns
- I see the pronouns ""It"" and ""the Correlator and E2E"".

Step 2: For each pronoun, identify what it refers to
- ""It"" refers to ""the Backend System"".
- ""the Co..."
444,2002_evla_back,Software Accessibility – all systems and application source code shall be available to or on the systems that execute it.,Software Accessibility – all systems and application source code shall be available to or on the systems that execute the systems.,"The pronoun ""it"" is ambiguous because it could refer to either ""systems"" or ""application source code"". To resolve this ambiguity, I replaced ""it"" with ""the systems"", making it clear that the systems that execute the systems are the ones being referred to.",Anaphoric ambiguity,it,True,zero-shot+RAG,2026-01-14T18:03:11.874249,121,130,True,"Ambiguity Type: Anaphoric ambiguity
Problem Found: it
Fixed Requirement: Software Accessibility – all systems and application source code shall be available to or on the systems that execute the syste..."
451,2002_evla_back,"Seamlessness – 3.7.1, above, shall be accomplished in a manner that is seamless, in that it does not affect hardware modules or software functionality that it meets at interfaces.","Seamlessness – 3.7.1, above, shall be accomplished in a manner that is seamless, in that it does not affect hardware modules or software functionality that meets seamlessness – 3.7.1, above.","The pronouns ""it"" and ""that"" were replaced with their specific antecedents to remove ambiguity.",Anaphoric ambiguity,"it, that",True,zero-shot+RAG,2026-01-14T18:03:20.146170,179,190,True,"Step 1: Scan the requirement for pronouns
The pronouns found in the requirement are: it, that.

Step 2: For each pronoun, identify what it refers to
- ""it"" refers to ""hardware modules or software func..."
452,2002_evla_back,Performance – the Backend system shall ultimately be scaleable to an extent that it will be capable of handling up to two Gbytes per second per Correlator output channel in real-time.,Ambiguity Type: Pronoun Ambiguity,"Replaced ""it"" with ""the Backend system"" to remove ambiguity.",Pronoun Ambiguity,"the pronoun ""it""",True,zero-shot+RAG,2026-01-14T18:03:25.987849,183,33,True,"Step 1: Scan the requirement for pronouns
The pronouns in the requirement are: it

Step 2: For each pronoun, identify what it refers to
The pronoun ""it"" refers to the Backend system

Step 3: Check if ..."
467,1999_multi_mahjong,The MultiMahjongServer will allow connections from MultiMahjongClients and communicate with them using IP.,The MultiMahjongServer will allow connections from MultiMahjongClients and communicate with MultiMahjongClients using IP.,"The pronoun ""them"" is ambiguous because it is unclear which clients it refers to, the servers or the clients. To fix this, I replaced ""them"" with ""MultiMahjongClients"", making it clear that the server communicates with the clients.",Anaphoric ambiguity,them,True,zero-shot+RAG,2026-01-14T18:03:28.410972,106,121,True,"Ambiguity Type: Anaphoric ambiguity
Problem Found: them
Fixed Requirement: The MultiMahjongServer will allow connections from MultiMahjongClients and communicate with MultiMahjongClients using IP.
Exp..."
468,1999_multi_mahjong,"The MultiMahjongServer will serve as a node for MultiMahjongClients. That is, it will be able to relay data received from one MultiMahjongClient to other MultiMahjongClients that request it.","The MultiMahjongServer will serve as a node for MultiMahjongClients. That is, it will be able to relay the data received from one MultiMahjongClient to other MultiMahjongClients that request the data received from one MultiMahjongClient.","The pronoun ""it"" was replaced with a specific antecedent ""the data received from one MultiMahjongClient"" to remove ambiguity.",Anaphoric ambiguity,it,True,zero-shot+RAG,2026-01-14T18:03:35.543642,190,237,True,"Step 1: Scan the requirement for pronouns
The pronouns I see are: it

Step 2: For each pronoun, identify what it refers to
The pronoun ""it"" refers to the data received from one MultiMahjongClient.

St..."
469,1999_multi_mahjong,"The MultiMahjongServer will automate the game initialisation functions (as opposed to the MultiMahjongClient doing them), such as: randomising tile order, randomising seating position and storing the ""Game Info"" database.","The MultiMahjongServer will automate the game initialisation functions (as opposed to the MultiMahjongClient doing the game initialisation functions), such as: randomising tile order, randomising seating position and storing the ""Game Info"" database.","The pronoun ""them"" is ambiguous as it does not have a clear antecedent. I replaced it with the specific antecedent ""game initialisation functions"" to resolve the ambiguity.",Anaphoric ambiguity,them,True,zero-shot+RAG,2026-01-14T18:03:38.324097,221,250,True,"Ambiguity Type: Anaphoric ambiguity
Problem Found: them
Fixed Requirement: The MultiMahjongServer will automate the game initialisation functions (as opposed to the MultiMahjongClient doing the game i..."
472,1999_multi_mahjong,The MultiMahjongServer will allow players on MultiMahjongClient programs to modify their own names and icons during gameplay (as opposed to only at the beginning).,The MultiMahjongServer will allow players on MultiMahjongClient programs to modify their own names and icons during gameplay (as opposed to only at the beginning).,"The pronoun 'their' is ambiguous as it can refer to either the players or the MultiMahjongClient programs. To resolve the ambiguity, I replaced 'their' with 'players', making the reference specific and clear.",Antecedent Ambiguity,their,False,zero-shot+RAG,2026-01-14T18:03:40.873162,163,163,True,"Ambiguity Type: Antecedent Ambiguity
Problem Found: their
Fixed Requirement: The MultiMahjongServer will allow players on MultiMahjongClient programs to modify their own names and icons during gamepla..."
473,1999_multi_mahjong,The MultiMahjongServer will support an architecture whereby all Computer Opponents (CO) required will reside on it instead of on the MultiMahjongClient programs.,The MultiMahjongServer will support an architecture whereby all Computer Opponents (CO) required will reside on the MultiMahjongServer instead of on the MultiMahjongClient programs.,"The pronoun ""it"" was ambiguous as it could refer to either MultiMahjongServer or MultiMahjongClient. To resolve the ambiguity, I replaced ""it"" with the specific antecedent ""the MultiMahjongServer"".",Anaphoric Ambiguity,it,True,zero-shot+RAG,2026-01-14T18:03:43.578420,161,181,True,"Ambiguity Type: Anaphoric Ambiguity
Problem Found: it
Fixed Requirement: The MultiMahjongServer will support an architecture whereby all Computer Opponents (CO) required will reside on the MultiMahjon..."
476,1999_multi_mahjong,"When the user begins the MultiMahjongClient program, they will be able to choose to create a new multi player game, to create a new single player game, to join an existing multi player game, or to quit the program. These options will be available at any stage while the program is running as long as there is no game currently being played by the user (see Section 4.4 for more details about quitting).","When the user begins the MultiMahjongClient program, the user will be able to choose to create a new multi player game, to create a new single player game, to join an existing multi player game, or to quit the program. These options will be available at any stage while the program is running as long as there is no game currently being played by the user (see Section 4.4 for more details about quitting).","""they"" refers to ""the user"", which is ambiguous since ""they"" can refer to the user or other users, so I replaced it with ""the user"". ""user"" is already specific, so no change is needed. ""it"" is not present in this requirement.",Anaphoric Ambiguity,"""they"", ""user"", ""it""",True,zero-shot+RAG,2026-01-14T18:03:48.024341,402,406,True,"Ambiguity Type: Anaphoric Ambiguity
Problem Found: ""they"", ""user"", ""it""
Fixed Requirement: When the user begins the MultiMahjongClient program, the user will be able to choose to create a new multi pl..."
477,1999_multi_mahjong,"When a user creates a new multi player game, they must: 1-Enter their name. 2- Choose an icon from a predetermined list. 3- Decide the number of human and computer opponents they want. As any game of Mahjong requires 4 players, the MultiMahjongClient will limit the user to choosing 4 players in total. 4- Set the score limit for winning a hand of Mahjong. 5- When all the necessary human players have joined the game, the user may choose to begin the game.","When a user creates a new multi player game, the user must: 1-Enter their name. 2- Choose an icon from a predetermined list. 3- Decide the number of human and computer opponents the user wants. As any game of Mahjong requires 4 players, the MultiMahjongClient will limit the user to choosing 4 players in total. 4- Set the score limit for winning a hand of Mahjong. 5- When all the necessary human players have joined the game, the user may choose to begin the game.","1. Identified the pronouns ""they"" and ""their"" in steps 3 and 2, respectively.
2. Initially, ""they"" refers to ""a user"" and ""their"" refers to ""a user"" as well.
3. The reference is ambiguous because it's not clear which user is being referred to - the user creating the game or the other players.
4. To fix the ambiguity, I replaced ""they"" with ""the user"" and ""their"" with ""the user's"" in steps 3 and 2, respectively.
5. The complete fixed requirement is now clear and specific.",Pronoun Reference Ambiguity,"they, their",True,zero-shot+RAG,2026-01-14T18:03:54.807113,457,466,True,"Ambiguity Type: Pronoun Reference Ambiguity
Problem Found: they, their
Fixed Requirement: When a user creates a new multi player game, the user must: 1-Enter their name. 2- Choose an icon from a prede..."
480,1999_multi_mahjong,"When a user creates a new single player game, they must: 1- Enter their name. 2- Choose an icon from a predetermined list. 3- Set the score limit for winning a hand of Mahjong.","When a user creates a new single player game, the user must: 1- Enter the user's name. 2- Choose an icon from a predetermined list. 3- Set the score limit for winning a hand of Mahjong.","The pronouns ""they"" and ""their"" were ambiguous as it was unclear who they referred to. Replaced with the specific antecedent ""the user"" to make the reference clear.",Anaphoric ambiguity,"they, their",True,zero-shot+RAG,2026-01-14T18:03:57.640551,176,185,True,"Ambiguity Type: Anaphoric ambiguity
Problem Found: they, their
Fixed Requirement: When a user creates a new single player game, the user must: 1- Enter the user's name. 2- Choose an icon from a predet..."
482,1999_multi_mahjong,"When a user wishes to join a multi player game, they must: 1- Enter their name. 2- Choose an icon from a predetermined list. 3- Choose which of the available games they wish to join.","When a user wishes to join a multi player game, the user must: 1- Enter the user's name. 2- Choose an icon from a predetermined list. 3- Choose which of the available games the user wishes to join.","The pronouns ""they"" were ambiguous because they could refer to either the user or other players in the game. To fix this, I replaced them with the specific antecedent ""the user"".",Anaphoric Ambiguity,"they, they",True,zero-shot+RAG,2026-01-14T18:04:00.572705,182,197,True,"Ambiguity Type: Anaphoric Ambiguity
Problem Found: they, they
Fixed Requirement: When a user wishes to join a multi player game, the user must: 1- Enter the user's name. 2- Choose an icon from a prede..."
484,1999_multi_mahjong,"In a multi player game, each MultiMahjongClient must retrieve the following data from the MultiMahjongServer: 1- Whether it must support a CO. 2- The score limit for a hand. 3- All players' names, icons and seating positions. 4- The tiles of the human and CO (optional) player supported on the MultiMahjongClient.","In a multi player game, each MultiMahjongClient must retrieve the following data from the MultiMahjongServer: 1- Whether the MultiMahjongServer must support a Computer Opponent. 2- The score limit for a hand. 3- All players' names, icons and seating positions. 4- The tiles of the human and Computer Opponent (optional) player supported on the MultiMahjongClient.",CO was replaced with Computer Opponent to clarify the role. They was replaced with players to specify the group of players. The second occurrence of it was replaced with MultiMahjongServer for clarity.,Anaphoric ambiguity,"it, CO, they, it",True,zero-shot+RAG,2026-01-14T18:04:12.374680,313,363,True,"Step 1: Scan the requirement for pronouns
The pronouns found are: it, CO (could be a proper noun, but in the context, it could be referring to a role or a type of player, so I will assume it is a pron..."
486,1999_multi_mahjong,The MultiMahjongClient will save the user preferences in a file and read them in when the program begins.,The MultiMahjongClient will save the user preferences in a file and read the user preferences in when the program begins.,"The pronoun ""them"" is ambiguous as it can refer to either the user preferences or the program, but based on the context, it is more likely referring to the user preferences. To avoid ambiguity, it is better to use the specific antecedent ""the user preferences"".",Pronoun Reference,them,True,zero-shot+RAG,2026-01-14T18:04:14.947474,105,121,True,"Ambiguity Type: Pronoun Reference
Problem Found: them
Fixed Requirement: The MultiMahjongClient will save the user preferences in a file and read the user preferences in when the program begins.
Expla..."
489,1999_multi_mahjong,"Any user who creates or joins a game will be able to upload their own JPEG or GIF image that they wish to have displayed above their name, if they do not wish to use a preset icon.","Any user who creates or joins a game will be able to upload the user's own JPEG or GIF image that the user who creates the game wishes to have displayed above the user's name, if the user who joins the game does not wish to use a preset icon.",The pronouns were replaced to clearly indicate which user is being referred to.,Anaphoric ambiguity,"their, they, they",True,zero-shot+RAG,2026-01-14T18:04:21.911557,180,242,True,"Step 1: Scan the requirement for pronouns
The pronouns found are: their, they, they.

Step 2: For each pronoun, identify what it refers to
- their: refers to user
- they: refers to user
- they: refers..."
491,1999_multi_mahjong,The MultiMahjongClient will inform the user whose turn it is to pick up a tile.,The MultiMahjongClient will inform the user whose turn the MultiMahjongClient is to pick up a tile.,"The pronoun ""it"" is ambiguous because its antecedent is unclear. To fix this, I replaced ""it"" with its specific antecedent ""the turn the MultiMahjongClient is to pick up a tile"".",Pronoun Ambiguity,it,True,zero-shot+RAG,2026-01-14T18:04:24.255194,79,99,True,"Ambiguity Type: Pronoun Ambiguity
Problem Found: it
Fixed Requirement: The MultiMahjongClient will inform the user whose turn the MultiMahjongClient is to pick up a tile.
Explanation: The pronoun ""it""..."
494,1999_multi_mahjong,"User's will be able to pick up a tile from the wall if it is their turn. If they choose to pick up, the MultiMahjongClient must send this information to the MultiMahjongServer.","Users will be able to pick up a tile from the wall if it is the User's turn. If the User chooses to pick up, the MultiMahjongClient must send the information to the MultiMahjongServer.",Replaced ambiguous pronouns with their specific antecedents to resolve ambiguity.,Anaphoric ambiguity,"they, their, it, this",True,zero-shot+RAG,2026-01-14T18:04:31.850168,176,184,True,"Step 1: Scan the requirement for pronouns
Pronouns found: they, their, it, this

Step 2: For each pronoun, identify what it refers to
- 'they' refers to 'User'
- 'their' refers to 'User'
- 'it' refers..."
495,1999_multi_mahjong,"User's will be able to discard a tile if they have picked one up. When they choose to discard, the MultiMahjongClient must send this information to the MultiMahjongServer.","The User will be able to discard a tile if the users have picked one up. When the users choose to discard, the MultiMahjongClient must send the information to the MultiMahjongServer.",Replaced ambiguous pronouns with their specific antecedents to make the requirement clear and unambiguous.,Anaphoric,"User's, they, their, this",True,zero-shot+RAG,2026-01-14T18:04:41.742986,171,182,True,"Step 1: Scan the requirement for pronouns
- Found the following pronouns: User's, they, their, this

Step 2: For each pronoun, identify what it refers to
- User's refers to the user (but note that's i..."
505,1999_multi_mahjong,User's will be able to Undo their last move if playing in single player mode.,Users will be able to Undo the last move if playing in single player mode.,"The pronouns ""User's"" and ""their"" were replaced with their specific antecedent ""Users"" to avoid ambiguity. The possessive form ""User's"" was changed to ""Users"" to make it clear that the action applies to the users as a group, and ""their"" was replaced with ""the last move"" to clarify the noun being referred to.",Pronoun ambiguity,"""User's"", ""their""",True,zero-shot+RAG,2026-01-14T18:04:44.709074,77,74,True,"Ambiguity Type: Pronoun ambiguity
Problem Found: ""User's"", ""their""
Fixed Requirement: Users will be able to Undo the last move if playing in single player mode.
Explanation: The pronouns ""User's"" and ..."
506,1999_multi_mahjong,User's will be able to Save their game if playing in single player mode.,Users will be able to Save their game if playing in single player mode.,"The original requirement uses a possessive pronoun ""User's"" which is unclear. To fix it, I replaced it with a specific noun ""Users"". The pronoun ""their"" is also ambiguous as it could refer to either ""User's"" or ""game"". To resolve this, I replaced it with ""game"" to clearly indicate the object being saved.",Anaphoric Ambiguity,"The pronouns ""User's"" and ""their"" are ambiguous.",True,zero-shot+RAG,2026-01-14T18:04:47.841079,72,71,True,"Ambiguity Type: Anaphoric Ambiguity
Problem Found: The pronouns ""User's"" and ""their"" are ambiguous.
Fixed Requirement: Users will be able to Save their game if playing in single player mode.
Explanati..."
508,1999_multi_mahjong,User's will be able to change their icons/pictures and names during the game.,Users will be able to change their own icons/pictures and names during the game.,"The pronouns ""User's"" and ""their"" were ambiguous because they refer to the same subject ""Users"", which is not explicitly stated. To fix this, I replaced ""User's"" with ""Users"" and ""their"" with ""their own"" to clarify the antecedent.",Anaphoric ambiguity,"""User's"", ""their""",True,zero-shot+RAG,2026-01-14T18:04:50.444479,77,80,True,"Ambiguity Type: Anaphoric ambiguity
Problem Found: ""User's"", ""their""
Fixed Requirement: Users will be able to change their own icons/pictures and names during the game.
Explanation: The pronouns ""User..."
512,1999_multi_mahjong,"If a user leaves the game prematurely, a new CO is created on another user's machine to fill their place. This CO will take over the user's current position and circumstance within the game. This CO will play at an ability level as defined in the Level 2 Requirements for the CO (see Section 4.5.6).","If a user leaves the game prematurely, a new CO is created on another user's machine to fill the place. This new CO will take over the user's current position and circumstance within the game. This new CO will play at an ability level as defined in the Level 2 Requirements for the CO (see Section 4.5.6).","The pronouns ""their"" and ""this"" were ambiguous as they could refer to the user or the CO. To fix the ambiguity, I replaced ""their"" with ""the place"" and both instances of ""this"" with ""new CO"" to make it clear what is being referred to.",Anaphoric ambiguity,"their, This",True,zero-shot+RAG,2026-01-14T18:04:54.353327,299,305,True,"Ambiguity Type: Anaphoric ambiguity
Problem Found: their, This
Fixed Requirement: If a user leaves the game prematurely, a new CO is created on another user's machine to fill the place. This new CO wi..."
513,1999_multi_mahjong,"If a user leaves the game prematurely, a new CO is created on another user's machine to fill their place. The user who created the game will decide at what level (see Section 4.5.8) the CO will play at.","If a user leaves the game prematurely, a new CO is created on another user's machine to fill the user who created the game's place. The user who created the game will decide at what level (see Section 4.5.8) the CO will play at.","Replaced ""their"" with the specific antecedent ""the user who created the game"" and ""it"" with ""the CO"" to remove ambiguity.",Anaphoric ambiguity,"their, it",True,zero-shot+RAG,2026-01-14T18:05:02.189937,202,228,True,"Step 1: Scan the requirement for pronouns
- Found pronouns: ""their"", ""it"", ""the CO""

Step 2: For each pronoun, identify what it refers to
- ""their"" refers to ""the user""
- ""it"" refers to ""the CO""
- ""th..."
522,1999_multi_mahjong,The CO will be able to perform look ahead algorithms to determine its best move in the Intermediate and Advanced levels.,The CO will be able to perform look ahead algorithms to determine the CO's best move in the Intermediate and Advanced levels.,"The pronoun ""its"" is ambiguous because it is unclear what ""it"" refers to. To fix this, I replaced ""its"" with the specific antecedent ""the CO's"".",Anaphoric ambiguity,"""its""",True,zero-shot+RAG,2026-01-14T18:05:04.361109,120,125,True,"Ambiguity Type: Anaphoric ambiguity
Problem Found: ""its""
Fixed Requirement: The CO will be able to perform look ahead algorithms to determine the CO's best move in the Intermediate and Advanced levels..."
539,1999_multi_mahjong,The coding standard will be the same as that suggested by Sun Microsystems. This document is available in PDF in our repository at: MultiMahjong/doc/SQAP/CodeConventions.pdf or online at: ftp://ftp.javasoft.com/docs/codeconv/CodeConventions.pdf,The coding standard will be the same as the coding standard suggested by Sun Microsystems. This document is available in PDF in our repository at: MultiMahjong/doc/SQAP/CodeConventions.pdf or online at: ftp://ftp.javasoft.com/docs/codeconv/CodeConventions.pdf,"Replaced ""that"" with ""the coding standard suggested by Sun Microsystems"" to remove ambiguity and make the reference clear.",Anaphoric Ambiguity,that,True,zero-shot+RAG,2026-01-14T18:05:11.864493,244,259,True,"Step 1: Scan the requirement for pronouns
The pronouns found in the requirement are: that

Step 2: For each pronoun, identify what it refers to
The pronoun ""that"" refers to the coding standard suggest..."
551,1999_multi_mahjong,"A section added to the manual which details some technical information on the MultiMahjong product, including: 1- The languages we used to write the MultiMahjong product and a history of how it developed. 2- A brief description of how the MultiMahjongServer and MultiMahjongClients interact.","A section added to the manual which details some technical information on the MultiMahjong product, including: 1- The languages we used to write the MultiMahjong product and a history of how the MultiMahjong product developed. 2- A brief description of how the MultiMahjongServer and MultiMahjongClients interact.","The pronouns ""it"", ""how"", and ""it"" are ambiguous because their antecedents are not clear. Replaced them with specific antecedents ""the MultiMahjong product"" and ""the interaction"" to clarify the references.",Pronoun Reference,"it, how, it",True,zero-shot+RAG,2026-01-14T18:05:15.414372,291,313,True,"Ambiguity Type: Pronoun Reference
Problem Found: it, how, it
Fixed Requirement: A section added to the manual which details some technical information on the MultiMahjong product, including: 1- The la..."
556,1999_multi_mahjong,The manual will contain the following sections: 1- How to install the MultiMahjongClient program. 2- How to begin a single/multi player game or join a multi player game (see Section 4.2) 3. How to play a game of MultiMahjong (which describes the rules and scoring in a game of Chinese Mahjong).  4- An explanation of what all parts of the GUI do (see Section 6.3) and how to use them. 5- Troubleshooting guide,The manual will contain the following sections: 1- How to install the MultiMahjongClient program. 2- How to begin a single player game or join a multi player game (see Section 4.2 of the MultiMahjongClient program). 3. How to play a game of MultiMahjong (which describes the rules and scoring in a game of Chinese Mahjong). 4- An explanation of what all parts of the GUI do (see Section 6.3 of the MultiMahjongClient program) and how to use them. 5- Troubleshooting guide for the MultiMahjongClient program.,"The pronouns ""it"", ""a"", and ""them"" were replaced with specific antecedents (""the MultiMahjongClient program"", ""a single player game"", and ""the GUI"") to eliminate ambiguity and provide clarity.",Anaphoric Ambiguity,"it, a, the, them",True,zero-shot+RAG,2026-01-14T18:05:20.644605,409,507,True,"Ambiguity Type: Anaphoric Ambiguity
Problem Found: it, a, the, them
Fixed Requirement: The manual will contain the following sections: 1- How to install the MultiMahjongClient program. 2- How to begin..."
569,tachonet,FUN-02 The system must allow a member of the network to send a bulk request on all or a large part of its driver's smart card holders to a particular or all members of the network.,The system must allow a member of the network to send a bulk request on all or a large part of a member of the network's driver's smart card holders to a particular or all members of the network.,"The pronoun ""its"" was replaced with ""[a member of the network]'s"" to clarify the reference.",Anaphoric ambiguity,its,True,zero-shot+RAG,2026-01-14T18:05:26.724749,180,195,True,"Step 1: Scan the requirement for pronouns
- The pronouns found are: its

Step 2: For each pronoun, identify what it refers to
- The pronoun ""its"" refers to the subject of the sentence, which is ""a mem..."
570,tachonet,FUN-03 The system must allow a member to do statistics on messages issued and received from/to his system.,The system must allow a member to do statistics on messages issued and received from/to the member's system.,"The pronoun ""his"" is ambiguous because it does not clearly refer to either the member or the system. To fix the ambiguity, I replaced ""his"" with ""the member's"", making it clear that the system in question belongs to the member.",Pronoun Antecedent Ambiguity,his,True,zero-shot+RAG,2026-01-14T18:05:29.203000,106,108,True,"Ambiguity Type: Pronoun Antecedent Ambiguity
Problem Found: his
Fixed Requirement: The system must allow a member to do statistics on messages issued and received from/to the member's system.
Explanat..."
581,tachonet,"FUN-14  The system must allow a Member State (through its Card Issuing Authority) to ask for the status of card (lost, stolen,…) to the corresponding Card Issuing Authority of the Member State having issued the card.","The system must allow a Member State (through the Card Issuing Authority of the Member State) to ask for the status of the card (lost, stolen,…) to the corresponding Card Issuing Authority of the Member State having issued the card.",The pronoun 'its' was replaced with 'the Card Issuing Authority of the Member State' to clarify the reference to the authority. The pronoun 'card' was replaced with 'the card' to clarify the reference to the specific card in question.,Anaphoric Ambiguity,"its, card",True,zero-shot+RAG,2026-01-14T18:05:32.440761,216,232,True,"Ambiguity Type: Anaphoric Ambiguity
Problem Found: its, card
Fixed Requirement: The system must allow a Member State (through the Card Issuing Authority of the Member State) to ask for the status of t..."
582,tachonet,"FUN-15  The system must allow a Member State (through its Card Issuing Authority) to send card status modification requests (lost, stolen,…) to the corresponding Card Issuing Authority of the Member State having issued the card.","The system must allow a Member State (through the Card Issuing Authority of the Member State having issued the card) to send card status modification requests (lost, stolen,…) to the corresponding Card Issuing Authority of the Member State having issued the card.","The pronoun ""its"" is ambiguous because it could refer to either the Member State or the Card Issuing Authority. To resolve this, I replaced it with ""the Card Issuing Authority of the Member State having issued the card"". Additionally, ""the card"" is ambiguous because it could refer to any card, but in this context, it is likely referring to the card issued by the Member State. To resolve this, I made it more specific by keeping the phrase ""the card"" as it is, assuming it refers to the card issued by the Member State, but added the condition ""issued by the Member State"" to make it clear.",Anaphoric ambiguity,"its, the card",True,zero-shot+RAG,2026-01-14T18:05:37.692657,228,263,True,"Ambiguity Type: Anaphoric ambiguity
Problem Found: its, the card
Fixed Requirement: The system must allow a Member State (through the Card Issuing Authority of the Member State having issued the card)..."
583,tachonet,"FUN-16 The system must allow enforcement authorities (through its Card Issuing Authority) to ask for driver's card status (based on either card number + issuing Member State code or driver's surname, first names, date of birth and issuing Member State code) to the corresponding Card Issuing Authority of the Member State having issued the card.","The system must allow enforcement authorities (through the Card Issuing Authority of the enforcement authorities) to ask for driver's card status (based on either card number + issuing Member State code or driver's surname, first names, date of birth and issuing Member State code) to the corresponding Card Issuing Authority of the Member State having issued the card.","I replaced ""its"" with ""the Card Issuing Authority of the enforcement authorities"" to make it clear that ""its"" refers to ""enforcement authorities"".",Anaphoric Ambiguity,"the pronoun ""its"" is ambiguous",True,zero-shot+RAG,2026-01-14T18:05:41.062612,345,369,True,"Ambiguity Type: Anaphoric Ambiguity
Problem Found: the pronoun ""its"" is ambiguous
Fixed Requirement: The system must allow enforcement authorities (through the Card Issuing Authority of the enforcemen..."
584,tachonet,FUN-17 The system must allow enforcement authorities (through its Card Issuing Authority) to ask for workshop card status (based on workshop card number + issuing Member State code) to the corresponding Card Issuing Authority of the Member State having issued the card.,The system must allow enforcement authorities (through the Card Issuing Authority of the enforcement authorities) to ask for workshop card status (based on workshop card number + issuing Member State code) to the corresponding Card Issuing Authority of the Member State having issued the card.,"The pronoun ""its"" was replaced with ""the Card Issuing Authority of the enforcement authorities"" because it was unclear what the Card Issuing Authority belonged to, making the reference ambiguous.",Anaphoric ambiguity,"""its""",True,zero-shot+RAG,2026-01-14T18:05:43.946185,269,293,True,"Ambiguity Type: Anaphoric ambiguity
Problem Found: ""its""
Fixed Requirement: The system must allow enforcement authorities (through the Card Issuing Authority of the enforcement authorities) to ask for..."
587,tachonet,USA-03  The system must make it easy to correct mistakes.,The system must make the system easy to correct mistakes.,"I replaced ""it"" with ""the system"" because the pronoun ""it"" was ambiguous without clear reference.",Unknown,Unknown,True,zero-shot+RAG,2026-01-14T18:05:47.716534,57,57,True,"Step 1: Scan the requirement for pronouns
The pronoun is: it

Step 2: Identify what the pronoun refers to
The pronoun ""it"" refers to ""the system""

Step 3: Check if the reference is clear or ambiguous
..."
589,tachonet,"REL-02  The system must function reliably, with few or no interruptions in its first operational year and fewer still thereafter.","The system must function reliably, with few or no interruptions in the system's first operational year and fewer still thereafter.","The pronouns 'its' and 'this' were replaced with their specific antecedents to remove ambiguity. 'its' was replaced with 'the system's' to make it clear that the system owns the operational year, and 'this' was removed since it's not necessary.",Anaphoric ambiguity,"its, this",True,zero-shot+RAG,2026-01-14T18:05:50.347376,129,130,True,"Ambiguity Type: Anaphoric ambiguity
Problem Found: its, this
Fixed Requirement: The system must function reliably, with few or no interruptions in the system's first operational year and fewer still t..."
591,tachonet,PER-01  The system should be able to cover more than one contact point per country depending on the administrative organisation adopted by each country and able to work in a multi hierarchical environment. This is no longer the case since everybody agrees upon having a single point of contact per Member State (even though the Member State is organized with several Card Issuing Authorities – up to the Member State to manage its own organisation).,The system should be able to cover more than one contact point per country depending on the administrative organisation adopted by each country and able to work in a multi hierarchical environment. This is no longer the case since everybody agrees upon having a single point of contact per Member State (even though the Member State is organized with several Card Issuing Authorities – up to the Member State to manage its own organisation).,"The pronouns ""it"" and ""its"" are ambiguous. ""it"" could refer to ""the system"" or ""the case"", while ""its"" could refer to ""the system"", ""the case"", or ""the Member State"". To resolve the ambiguity, I replaced ""it"" with ""the case"" and ""its"" with ""the Member State's"" to provide clear references.",Anaphoric Ambiguity,"""it"", ""its""",True,zero-shot+RAG,2026-01-14T18:05:55.087177,449,441,True,"Ambiguity Type: Anaphoric Ambiguity
Problem Found: ""it"", ""its""
Fixed Requirement: The system should be able to cover more than one contact point per country depending on the administrative organisatio..."
593,tachonet,PER-03  The system must be able to establish and keep the dialog with the Members systems despite the various technical environments and technologies used on their sites.,The system must be able to establish and keep the dialog with the Members systems despite the various technical environments and technologies used on the Members' sites.,"The pronoun ""their"" was replaced with ""the Members'"" to make it clear that it refers to the Members systems, rather than leaving it ambiguous.",Anaphoric ambiguity,their,True,zero-shot+RAG,2026-01-14T18:05:57.162457,170,169,True,"Ambiguity Type: Anaphoric ambiguity
Problem Found: their
Fixed Requirement: The system must be able to establish and keep the dialog with the Members systems despite the various technical environments..."
598,tachonet,SUP-03  The system must be designed so that it can migrate to upgraded hardware or new versions of the operating systems involved.,The system must be designed so that the system can migrate to upgraded hardware or new versions of the operating systems involved.,"The pronoun ""it"" refers to ""the system"". The reference is ambiguous because ""it"" could refer to either the system or the operating systems involved. To fix the ambiguity, I replaced ""it"" with ""the system"", making the reference clear.",Anaphoric ambiguity,"""it""",True,zero-shot+RAG,2026-01-14T18:05:59.651495,130,130,True,"Ambiguity Type: Anaphoric ambiguity
Problem Found: ""it""
Fixed Requirement: The system must be designed so that the system can migrate to upgraded hardware or new versions of the operating systems invo..."
601,tachonet,DES-01  The system must be designed and documented with the expectation that its operational lifetime will be many years.,The system must be designed and documented with the expectation that the system's operational lifetime will be many years.,"The pronoun ""its"" is ambiguous as it could refer to either the system or another entity not specified. To resolve the ambiguity, I replaced ""its"" with the specific antecedent ""the system's"".",Antecedent Ambiguity,its,True,zero-shot+RAG,2026-01-14T18:06:01.875121,121,122,True,"Ambiguity Type: Antecedent Ambiguity
Problem Found: its
Fixed Requirement: The system must be designed and documented with the expectation that the system's operational lifetime will be many years.
Ex..."
602,tachonet,DES-02  Each Member of this network will organise its data about smart card holders with no constraints or recommendations on operating system and/or technology used. The system will be able to dialog with these environments or specify a generic interface to dialog with the Member's applications.,Each Member of this network will organise the Member's data about smart card holders with no constraints or recommendations on operating system and/or technology used. The system will be able to dialog with the network or specify a generic interface to dialog with the Member's applications.,"The pronouns ""its"" and ""these"" were replaced with their specific antecedents, and the first occurrence of ""the"" was replaced with ""this network"" to clarify the reference.",Unknown,Unknown,True,zero-shot+RAG,2026-01-14T18:06:10.684577,297,291,True,"Step 1: Scan the requirement for pronouns
- The pronouns found are: its, these, the

Step 2: For each pronoun, identify what it refers to
- Its: Member
- These: environments
- The (first occurrence): ..."
615,2005_pontis,"6.19 Privileged users shall be able to delete an existing inspection unless it is ""locked down"".","Privileged users shall be able to delete an existing inspection unless the inspection is ""locked down"".","The pronoun ""it"" refers to the subject of the sentence, which is ambiguous. To resolve the ambiguity, the specific antecedent ""the inspection"" is used instead of the pronoun ""it"".",Anaphoric ambiguity,it,True,zero-shot+RAG,2026-01-14T18:06:12.787969,96,103,True,"Ambiguity Type: Anaphoric ambiguity
Problem Found: it
Fixed Requirement: Privileged users shall be able to delete an existing inspection unless the inspection is ""locked down"".
Explanation: The pronou..."
622,2005_pontis,22.4 The administrator shall be able to edit the DATADICT table or its successor(s) through a GUI window.,The administrator shall be able to edit the DATADICT table or its successor(s)'s through a GUI window.,"I replaced ""its"" with ""its successor(s)'s"" to provide a clear antecedent, as ""its"" could refer to either the administrator or the DATADICT table.",Anaphoric ambiguity,its,True,zero-shot+RAG,2026-01-14T18:06:14.889966,105,102,True,"Ambiguity Type: Anaphoric ambiguity
Problem Found: its
Fixed Requirement: The administrator shall be able to edit the DATADICT table or its successor(s)'s through a GUI window.
Explanation: I replaced..."
624,2005_pontis,21.8 The system shall be capable of operating with a single-sign-on authentication mechanism based on Active Directory Services or the LDAP standard.( It should be recognized that the Virtis/Opis application authentication/security control approach may need to be revised to accomplish this capability globally in the AASHTO BRIDGEWare software suite.).,The system shall be capable of operating with a single-sign-on authentication mechanism based on Active Directory Services or the LDAP standard. It should be recognized that the Virtis/Opis application authentication/security control approach may need to be revised to accomplish this capability globally in the AASHTO BRIDGEWare software suite.,"The pronoun ""It"" refers to the system, which was not clear in the original requirement. The pronoun ""this"" could refer to the capability or the single-sign-on authentication mechanism, which was also ambiguous. The corrected requirement uses the specific antecedent ""the system"" to clarify the reference.",Pronoun Ambiguity,"It, this",True,zero-shot+RAG,2026-01-14T18:06:18.671044,353,345,True,"Ambiguity Type: Pronoun Ambiguity
Problem Found: It, this
Fixed Requirement: The system shall be capable of operating with a single-sign-on authentication mechanism based on Active Directory Services ..."
627,2005_pontis,"5.1 The software, through its user interface, will clearly identify the product name (Pontis 5.0.x), the licensee, the connected user, and the organization that developed the system (AASHTO). Additional session identification information will be available on demand.27(27 Pontis 4.x Help About and SysInfo windows provide examples.) The overall look and feel of the product will be that of a professional and conservative application.","The software, through the software's user interface, will clearly identify the product name (Pontis 5.0.x), the licensee, the connected user, and the organization that developed the system (AASHTO). Additional session identification information will be available on demand.27(27 Pontis 4.x Help About and SysInfo windows provide examples.) The overall look and feel of the product will be that of a professional and conservative application.","The first instance of ""the"" and the pronouns ""its"" and ""it"" were replaced with their specific antecedents to resolve anaphoric ambiguity.",Anaphoric ambiguity,"the (first instance), its, it",True,zero-shot+RAG,2026-01-14T18:06:31.073401,434,441,True,"Step 1: Scan the requirement for pronouns
- The pronouns found are: its, the, it

Step 2: For each pronoun, identify what it refers to
- ""its"" refers to ""the software""
- ""the"" is an article and does n..."
630,2005_pontis,"5.2 The application should look and feel consistent in the web and standalone operating environments, therefore it will conform to standard .NET standalone and web application conventions with necessary accommodations for the deployment environment only where these prove necessary and appropriate.","The application should look and feel consistent in the web and standalone operating environments, therefore the application will conform to standard.NET standalone and web application conventions with necessary accommodations for the deployment environment only where those accommodations prove necessary and appropriate.",I replaced 'it' with 'the application' and 'these' with 'those accommodations' to clarify the antecedents and make the requirement unambiguous.,Anaphoric Ambiguity,the pronouns 'it' and 'these',True,zero-shot+RAG,2026-01-14T18:06:37.915195,298,321,True,"Step 1: Scan the requirement for pronouns
Pronouns found: it, these

Step 2: For each pronoun, identify what it refers to
- 'it' refers to 'the application'
- 'these' refers to 'necessary accommodatio..."
631,2005_pontis,"5.2 The system developer shall consider supporting existing custom forms and reports developed in PowerBuilder 9. It shall decide on a development tool for users so that they can continue to customize Pontis and extend its capability. For example, custom forms and reports created with PowerBuilder 9 may be migrated to a .NET application by using the Sybase DataWindow .NET technology which is available in PowerBuilder 10.","The system developer shall consider supporting existing custom forms and reports developed in PowerBuilder 9. It shall decide on a development tool for users so that the users can continue to customize Pontis and extend Pontis' capability. For example, custom forms and reports created with PowerBuilder 9 may be migrated to a.NET application by using the Sybase DataWindow.NET technology which is available in PowerBuilder 10.","The pronouns 'they' and 'its' were ambiguous as it was unclear what they referred to. The word 'users' was added to clarify 'they', and '[antecedent]'s' was used to replace 'its'.",Anaphoric ambiguity,"they, its",True,zero-shot+RAG,2026-01-14T18:06:41.894839,424,427,True,"Ambiguity Type: Anaphoric ambiguity
Problem Found: they, its
Fixed Requirement: The system developer shall consider supporting existing custom forms and reports developed in PowerBuilder 9. It shall d..."
636,2005_pontis,"The Pontis application server (ASP.NET) software will run on a server located within a (presumably) secure facility at each agency. Because it is an ASP.NET application, the end users can vary in location depending on the network accessibility of the server. The Pontis database, and any other databases to be accessed from Pontis may be co-located on the same server machine, but at a minimum must be accessible from the Pontis application server via standard database communication and connection protocols.","The Pontis application server (ASP.NET) software will run on a server located within a (presumably) secure facility at each agency. Because The Pontis application server (ASP.NET) software is an ASP.NET application, the end users can vary in location depending on the network accessibility of the server. The Pontis database, and any other databases to be accessed from Pontis may be co-located on the same server machine, but at a minimum must be accessible from The Pontis database via standard database communication and connection protocols.","The pronouns ""it"" and ""the"" were replaced with their specific antecedents to eliminate ambiguity.",Anaphoric ambiguity,"the pronouns ""it"" and ""the""",True,zero-shot+RAG,2026-01-14T18:06:50.642575,509,545,True,"Step 1: Scan the requirement for pronouns
- I see the pronouns: it, the

Step 2: For each pronoun, identify what it refers to
- it: The Pontis application server (ASP.NET) software
- the: The Pontis d..."
639,2005_pontis,"Pontis 5.0 will be designed to be used with Internet Explorer; it may work correctly with other browsers but this cannot be guaranteed. Given the predominance of IE in the browser market, it does not appear to be necessary to consider support for other browsers, although this may need to be reconsidered if external customers are running the application(s) and need to employ different browser technology such as Netscape or Mozilla FireFox.","Pontis 5.0 will be designed to be used with Internet Explorer; Pontis 5.0 may work correctly with other browsers but this cannot be guaranteed. Given the predominance of IE in the browser market, Pontis 5.0 does not appear to be necessary to consider support for other browsers, although this may need to be reconsidered if external customers are running the application(s) and need to employ different browser technology such as Netscape or Mozilla FireFox.","I replaced the ambiguous pronouns ""it"" with its specific antecedent ""Pontis 5.0"" and the ambiguous pronoun ""this"" with its specific antecedent ""this"" (although not strictly necessary, it was replaced for consistency), and the second instance of ""it"" with its specific antecedent ""Pontis 5.0"".",Anaphoric Ambiguity,"the pronouns ""it"", ""this"", and ""it""",True,zero-shot+RAG,2026-01-14T18:06:55.906136,442,458,True,"Ambiguity Type: Anaphoric Ambiguity
Problem Found: the pronouns ""it"", ""this"", and ""it""
Fixed Requirement: Pontis 5.0 will be designed to be used with Internet Explorer; Pontis 5.0 may work correctly w..."
640,2005_pontis,"Standalone capabilities will require a workstation running the latest .NET Framework, presumably Windows XP Professional (SP2) or its successor. Some capabilities may require a network connection. The workstation's hardware requirements will be similar to those of the existing Pontis 4.4 application. There will continue to be a standalone/runtime database engine provided with the application for offline work. The offline database is assumed to be Sybase Adaptive Server Anywhere release 9 or above.","Standalone capabilities will require a workstation running the latest.NET Framework, presumably Windows XP Professional (SP2) or its successor. Some capabilities may require a network connection. The workstation's hardware requirements will be similar to those of the existing Pontis 4.4 application. There will continue to be a standalone/runtime database engine provided with the application for offline work. The offline database is assumed to be Sybase Adaptive Server Anywhere release 9 or above.","The pronouns ""it"", ""its"" are ambiguous because they do not have clear antecedents. The pronoun ""it"" can refer to either the workstation or the.NET Framework, while ""its"" can refer to either the workstation or the.NET Framework. To resolve this, I have removed the pronouns and used the specific antecedents. The pronoun ""The workstation's"" is also ambiguous because it is unclear what the pronoun refers to. To resolve this, I have rephrased the sentence to remove the ambiguity.",Anaphoric ambiguity,"it, its, The workstation's, it",True,zero-shot+RAG,2026-01-14T18:07:01.871202,502,501,True,"Ambiguity Type: Anaphoric ambiguity
Problem Found: it, its, The workstation's, it
Fixed Requirement: Standalone capabilities will require a workstation running the latest.NET Framework, presumably Win..."
642,2005_pontis,"5.6 Pontis 5.0 in production is intended to be supported through complete and sufficient on-line help and documentation and equivalent printed documentation, with occasional additional assistance provided through the Pontis Support Center. Pontis 5.0 will also continue to provide field-level help where applicable. As with the existing Pontis 4.x product, it is assumed that support will be provided by telephone, via e-mail, and through an on-line issues tracking system.","5.6 Pontis 5.0 in production is intended to be supported through complete and sufficient on-line help and documentation and equivalent printed documentation, with occasional additional assistance provided through the Pontis Support Center. Pontis 5.0 will also continue to provide field-level help where applicable. As with the existing Pontis 4.x product, Pontis 5.0 is assumed that support will be provided by telephone, via e-mail, and through an on-line issues tracking system.","The ambiguous pronoun ""it"" was replaced with the specific antecedent ""Pontis 5.0"" to clarify the reference.",Unknown,Unknown,True,zero-shot+RAG,2026-01-14T18:07:08.586797,473,481,True,"Step 1: Scan the requirement for pronouns
- The pronouns found are: it

Step 2: For each pronoun, identify what it refers to
- The pronoun ""it"" refers to Pontis 5.0

Step 3: Check if the reference is ..."
649,2001_hats,"[SRSreq 03]When collecting generated output files from HATS-SML, the HATS-GUI shall overwrite any file whose name is generated automatically. For example, given a transformation language program X.tlp, the file X.tlp.parsed is generated when the parser is executed. If X.tlp.parsed existed prior to executing the parser, it shall be overwritten without prompting the user.","When collecting generated output files from HATS-SML, the HATS-GUI shall overwrite any file whose name is generated automatically. For example, given a transformation language program X.tlp, the file X.tlp.parsed is generated when the parser is executed. If X.tlp.parsed existed prior to executing the parser, X.tlp.parsed shall be overwritten without prompting the user.","The pronoun ""it"" is ambiguous because it could refer to either the file or the parser. I replaced ""it"" with the specific antecedent ""X.tlp.parsed"" to clarify the reference.",Anaphoric ambiguity,it,True,zero-shot+RAG,2026-01-14T18:07:12.271095,372,371,True,"Ambiguity Type: Anaphoric ambiguity
Problem Found: it
Fixed Requirement: When collecting generated output files from HATS-SML, the HATS-GUI shall overwrite any file whose name is generated automatical..."
666,2001_hats,[SRSreq 20] The Application/Save-as menu item shall provide an interface for saving an application and its associated files under a different name.,The Application/Save-as menu item shall provide an interface for saving an application and the application's associated files under a different name.,"The pronoun ""its"" is ambiguous because it can refer to either ""an application"" or ""Application/Save-as menu item"". To resolve this, I replaced ""its"" with ""the application's"", making the reference clear.",Anaphoric ambiguity,"the pronoun ""its"" is ambiguous",True,zero-shot+RAG,2026-01-14T18:07:14.852761,147,149,True,"Ambiguity Type: Anaphoric ambiguity
Problem Found: the pronoun ""its"" is ambiguous
Fixed Requirement: The Application/Save-as menu item shall provide an interface for saving an application and the appl..."
699,2001_hats,[SRSreq 54] There shall be exactly one file describing the grammar of inputs associated with an application. It shall have the file extension .grm.,There shall be exactly one file describing the grammar of inputs associated with an application. The file describing the grammar of inputs associated with an application shall have the file extension.grm.,"Replaced the ambiguous pronoun ""It"" with the specific antecedent ""the file describing the grammar of inputs associated with an application"" to clarify the reference.",Anaphoric ambiguity,"The pronoun ""It""",True,zero-shot+RAG,2026-01-14T18:07:22.274020,147,204,True,"Step 1: Scan the requirement for pronouns
- I see the pronoun ""It"".

Step 2: For each pronoun, identify what it refers to
- The pronoun ""It"" refers to ""the file describing the grammar of inputs associ..."
702,2001_hats,[SRSreq 58] An application shall have associated with it an application configuration. The application configuration elements are given in Table 6.,An application shall have associated with application configuration an application configuration. The application configuration elements are given in Table 6.,"Replaced the pronoun ""it"" with ""application configuration"" to remove ambiguity.",Anaphoric,it,True,zero-shot+RAG,2026-01-14T18:07:27.320129,147,158,True,"Step 1: Scan the requirement for pronouns
The pronouns found are: it

Step 2: For each pronoun, identify what it refers to
The pronoun ""it"" refers to ""application configuration""

Step 3: Check if the ..."
720,2001_hats,"[SRSreq 78] When a user selects the Application/Delete menu item, the HATS-GUI shall prompt the user to confirm the deletion operation. If the user confirms, all files in the application directory shall be deleted and the application directory itself shall be deleted. No application is currently selected at the end of this operation.","When a user selects the Application/Delete menu item, the HATS-GUI shall prompt the user to confirm the deletion operation. If the user confirms, all files in the application directory shall be deleted and the application directory itself shall be deleted. The current application is not selected at the end of this operation.","Replaced ""itself"" with ""the application directory"" and ""No application"" with ""The current application"" to remove ambiguity.",Anaphoric Ambiguity,"itself, No application, the user",True,zero-shot+RAG,2026-01-14T18:07:35.190454,335,326,True,"Step 1: Scan the requirement for pronouns
The pronouns found are: itself, No application, the user.

Step 2: For each pronoun, identify what it refers to
- itself: the application directory
- No appli..."
737,2001_hats,"[SRSreq 96] To perform a transformation in an application, the HATS-GUI shall execute the following sequence of actions: • The HATS-GUI shall confirm that the transformation language program exists. (It is an error if the program does not exist.) • The HATS-GUI shall check that the parser file is younger than the grammar and lexical specification files and that the parser file was generated from the grammar and lexical specification files. If this is not the case, the HATS-GUI shall generate a new parser file. • The HATS-GUI shall check that a parsed version of the transformation language program exists and is younger than the parser file and the transformation language program file. If it is not, the HATS-GUI shall generate a new parsed version of the transformation language program. • The HATS-GUI shall start the FindTarget program using the transformation language program as input. • The HATS-GUI shall take the list of target program files generated by FindTarget, and for each file in the list it shall check that a parsed version of the target program exists and is younger than the target parser file and the target program file. If it is not, the HATS-GUI shall generate a new parsed version of the target program. • The HATS-GUI shall start the ApplyTransformation program in HATS-SML and pass the parsed transformation language program file name, the user defined library file name, and the output file name to the ApplyTransformation program. The HATS-GUI shall redirect the standard output and standard error streams and capture any text written to those streams.","The HATS-GUI shall confirm that the transformation language program exists. (It is an error if the program does not exist.) • The HATS-GUI shall check that the parser file is younger than the grammar and lexical specification files and that the parser file was generated from the grammar and lexical specification files. If this is not the case, the HATS-GUI shall generate a new parser file. • The HATS-GUI shall check that a parsed version of the transformation language program exists and is younger than the parser file and the transformation language program file. If it is not, the HATS-GUI shall generate a new parsed version of the transformation language program. • The HATS-GUI shall start the FindTarget program using the transformation language program as input. • The HATS-GUI shall take the list of target program files generated by FindTarget, and for each file in the list it shall check that a parsed version of the target program exists and is younger than the target parser file and the target program file. If it is not, the HATS-GUI shall generate a new parsed version of the target program. • The HATS-GUI shall start the ApplyTransformation program in HATS-SML and pass the parsed transformation language program file name, the user defined library file name, and the output file name to the ApplyTransformation program. The HATS-GUI shall redirect the standard output and standard error streams and capture any text written to those streams.","The pronouns 'it' in the first requirement and 'this' in the second requirement refer to the ""parser file"", but it's not clear. The pronoun 'it' in the fourth requirement and 'it' in the fifth requirement refer to the ""parsed version of the target program"", but it's not clear. To resolve the ambiguity, the pronouns have been replaced with their specific antecedents.",Anaphoric ambiguity,"it, this, it",True,zero-shot+RAG,2026-01-14T18:07:45.691512,1588,1465,True,"Ambiguity Type: Anaphoric ambiguity
Problem Found: it, this, it
Fixed Requirement: The HATS-GUI shall confirm that the transformation language program exists. (It is an error if the program does not e..."
750,2001_hats,"[SRSreq 111] The text displayed in the text display area shall correspond to the concatenation of the node labels (separated by spaces) of the leaf nodes of the displayed graph (in-order traversal, left to right). If a leaf displayed node corresponds to a non-terminal SDT node, the label in the text window shall be surrounded by pointed brackets (<>). For example, if a non-terminal TERM appears in a leaf node, its text representation shall be <TERM>. Appendix G gives an example of the display of text associated with an SDT.","The text displayed in the text display area shall correspond to the concatenation of the node labels (separated by spaces) of the leaf nodes of the displayed graph (in-order traversal, left to right). If a leaf displayed node corresponds to a non-terminal SDT node, the label in the text window shall be surrounded by pointed brackets (<>). For example, if a non-terminal TERM appears in a leaf node, the leaf node's text representation shall be <TERM>. Appendix G gives an example of the display of text associated with an SDT.","The pronouns ""it"" and ""its"" were replaced with specific antecedents to remove ambiguity.",Unknown,Unknown,True,zero-shot+RAG,2026-01-14T18:07:55.381649,529,528,True,"Step 1: Scan the requirement for pronouns
- The pronouns found are: it, its

Step 2: For each pronoun, identify what it refers to
- The pronoun ""it"" in ""Appendix G gives an example of the display of t..."
756,2001_hats,"[SRSreq 117] When a displayed node and its children are displayed simultaneously, the parent node shall be displayed higher than the children.","When a displayed node and the node's children are displayed simultaneously, the parent node shall be displayed higher than the children.","The pronouns 'it' and 'its' are ambiguous. 'it' refers to 'a displayed node', and 'its' refers to the same 'a displayed node'. Replaced 'it' and 'its' with 'the node'.",Anaphoric ambiguity,"it, its",True,zero-shot+RAG,2026-01-14T18:07:57.856819,142,136,True,"Ambiguity Type: Anaphoric ambiguity
Problem Found: it, its
Fixed Requirement: When a displayed node and the node's children are displayed simultaneously, the parent node shall be displayed higher than..."
759,2001_hats,[SRSreq 120] The user shall be able to expand displayed nodes (provided it is possible to expand the selected nodes). The HATS-GUI shall change the graph display by adding the descendant nodes to the displayed graph (thus changing the expandable nodes to internal nodes).,The user shall be able to expand displayed nodes (provided the possibility of expanding the selected nodes is possible). The HATS-GUI shall change the graph display by adding the descendant nodes to the displayed graph (thus changing the expandable nodes to internal nodes).,Replaced 'it' with 'the possibility of expanding the selected nodes' to make the reference clear.,Anaphoric ambiguity,'it',True,zero-shot+RAG,2026-01-14T18:08:06.127296,271,274,True,"Step 1: Scan the requirement for pronouns
The pronouns found in the requirement are: it, expandable nodes.

Step 2: For each pronoun, identify what it refers to
- 'it' refers to the possibility of exp..."
769,2001_hats,"[SRSreq 130] If a displayed graph or a text display is too large to fit inside its window, the windows shall have scroll bars attached to them. Dragging scrollbar buttons shall scroll the display. Pressing the arrow keys of the keyboard shall also scroll the display.","If a displayed graph or a text display is too large to fit inside the displayed graph or a text display's window, the windows shall have scroll bars attached to the scroll bars attached to the windows. Dragging scrollbar buttons shall scroll the display. Pressing the arrow keys of the keyboard shall also scroll the display.","Replaced 'its' with 'the displayed graph or a text display's' to clarify the reference to the window, and replaced 'them' with 'the scroll bars attached to the windows' to clarify the reference to the scroll bars.",Anaphoric ambiguity,"its, them",True,zero-shot+RAG,2026-01-14T18:08:13.734405,267,325,True,"Step 1: Scan the requirement for pronouns
Pronouns found: its, them

Step 2: For each pronoun, identify what it refers to
- its: window
- them: scroll bars

Step 3: Check if the reference is clear or ..."
772,2001_hats,"[SRSreq 133] For displayed graph windows, the keyboard cursor location shall move according the following rules: • A left arrow key moves the cursor to the next unhidden node to the left. The node to the left does not need to be a sibling of the current node, but it does need to be at the same level as the current node. If there are no nodes to the left, the cursor does not move. • A right arrow key moves the cursor to the next unhidden node to the right. The node to the right does not need to be a sibling of the current node, but it does need to be at the same level as the current node. If there are no nodes to the right, the cursor does not move. • An up arrow key moves the cursor to the closest ancestor that is not hidden. If there is no such node, the cursor does not move. • An down arrow key moves the cursor to the leftmost, nearest descendant that is not hidden. If there is no such node, the cursor does not move.","For displayed graph windows, the keyboard cursor location shall move according to the following rules: • A left arrow key moves the cursor to the next unhidden node to the left. The node to the left does not need to be a sibling of the current node, but it does need to be at the same level as the current node. If no nodes are to the left, the cursor does not move. • A right arrow key moves the cursor to the next unhidden node to the right. The node to the right does not need to be a sibling of the current node, but it does need to be at the same level as the current node. If no nodes are to the right, the cursor does not move. • An up arrow key moves the cursor to the closest ancestor that is not hidden. If no such node exists, the cursor does not move. • An down arrow key moves the cursor to the leftmost, nearest descendant that is not hidden. If no such node exists, the cursor does not move.","I replaced ambiguous pronouns with their specific antecedents. For example, ""it"" refers to ""the node to the left,"" ""there"" refers to ""nodes,"" ""it"" refers to ""the current node,"" and ""it"" refers to ""the cursor."" I also replaced ""no such node"" with ""no nodes"" for consistency.",Pronoun ambiguity,"it, there, it, it, it, it, it",True,zero-shot+RAG,2026-01-14T18:08:21.687231,932,906,True,"Ambiguity Type: Pronoun ambiguity
Problem Found: it, there, it, it, it, it, it
Fixed Requirement: For displayed graph windows, the keyboard cursor location shall move according to the following rules:..."
796,2001_hats,"[SRSreq 157] The HATS-GUI shall display 1,000,000 node SDTs in the same amount of time, plus or minus two seconds, as it takes to display a 10,000 node SDT.","The HATS-GUI shall display 1,000,000 node SDTs in the same amount of time, plus or minus two seconds, as the display of a 10,000 node SDT takes.","The pronoun ""it"" is ambiguous as it can refer to either the ""HATS-GUI"" or the ""display"". To fix the ambiguity, I replaced ""it"" with ""the display of a 10,000 node SDT"", making the reference clear.",Anaphoric Ambiguity,it,True,zero-shot+RAG,2026-01-14T18:08:24.785267,156,144,True,"Ambiguity Type: Anaphoric Ambiguity
Problem Found: it
Fixed Requirement: The HATS-GUI shall display 1,000,000 node SDTs in the same amount of time, plus or minus two seconds, as the display of a 10,00..."
806,MDOT,"DD-100 The DUAP System shall cache data only if the data record associates the data with its source, a geo-referenced location, and a timestamp.","DD-100 The DUAP System shall cache data only if the data record associates the data with the data record's source, a geo-referenced location, and a timestamp.","I replaced ""its"" with ""the data record's"" to clarify that the source being referred to is the data record's source.",Unknown,Unknown,True,zero-shot+RAG,2026-01-14T18:08:29.649995,144,158,True,"Step 1: Scan the requirement for pronouns
The pronoun found in the requirement is: its

Step 2: For each pronoun, identify what it refers to
The pronoun ""its"" refers to the ""data record""

Step 3: Chec..."
807,MDOT,PS-020-060 The system map display shall support each type of traffic item to be displayed in its own layer.,"The system map display shall support each type of traffic item to be displayed in its own layer, where ""its"" is replaced with the specific antecedent ""the system map display""","The pronoun ""its"" is ambiguous because it could refer to either ""traffic item"" or ""system map display"". To clarify, ""its"" should be replaced with the specific antecedent ""the system map display"" to make the reference clear.",Pronoun Ambiguity,its,True,zero-shot+RAG,2026-01-14T18:08:32.460751,107,174,True,"Ambiguity Type: Pronoun Ambiguity
Problem Found: its
Fixed Requirement: The system map display shall support each type of traffic item to be displayed in its own layer, where ""its"" is replaced with th..."
808,MDOT,"PS-200-020 The DUAP Presentation Services shall require users to confirm their identity. (comment: Could be implemented, for example, through a password associated with that username.)",The DUAP Presentation Services shall require users to confirm their identity associated with that username.,"The pronouns ""their"" and ""that"" were ambiguous, as it was unclear what ""their"" referred to (the users or something else?) and ""that"" could refer to either the username or another noun. I replaced ""their"" with ""associated with that username"" to make the reference clear.",Anaphoric ambiguity,"their, that",True,zero-shot+RAG,2026-01-14T18:08:35.067488,184,107,True,"Ambiguity Type: Anaphoric ambiguity
Problem Found: their, that
Fixed Requirement: The DUAP Presentation Services shall require users to confirm their identity associated with that username.
Explanatio..."
826,1999_tcs,"When executing in the Normal Startup Mode, the TCS shall provide the system functionality necessary to initialize the system to place it in the Operations State within 60 seconds from the time power is supplied and the TCS application is launched. [SSS024]","When executing in the Normal Startup Mode, the TCS shall provide the system functionality necessary to initialize the system to place the system in the Operations State within 60 seconds from the time power is supplied and the TCS application is launched.","The pronoun ""it"" is ambiguous because it does not have a clear antecedent. Replaced ""it"" with ""the system"" to provide a clear reference to the system being initialized.",Pronoun Reference Ambiguity,it,True,zero-shot+RAG,2026-01-14T18:08:37.900091,256,255,True,"Ambiguity Type: Pronoun Reference Ambiguity
Problem Found: it
Fixed Requirement: When executing in the Normal Startup Mode, the TCS shall provide the system functionality necessary to initialize the s..."
868,1999_tcs,The TCS shall allow the operator to set the LOL delay timer(s) during mission planning. [SSS075] The LOL delay is the time from when the AV detects an unplanned LOL to the time it initiates LOL procedures.,The TCS shall allow the operator to set the LOL delay timer(s) during mission planning. The LOL delay is the time from when the AV detects an unplanned LOL to the time LOL procedures initiate.,"The pronoun ""it"" was replaced with the specific antecedent ""LOL procedures"" to clarify the reference.",Anaphoric,"""it""",True,zero-shot+RAG,2026-01-14T18:08:44.994204,205,192,True,"Step 1: Scan the requirement for pronouns
I see the pronouns: ""it"" and ""LOL"" which is not a pronoun but an acronym.

Step 2: For each pronoun, identify what it refers to
- ""it"" refers to ""LOL procedur..."
