requirement_id,project_name,original_requirement,fixed_requirement,explanation,ambiguity_type,problem_found,was_changed,approach,timestamp,original_length,fixed_length,rag_used,raw_response
11,2005_clarus_low,The Clarus system shall be able to base its quality checking process on historical environmental data.,The Clarus system shall be able to base the Clarus system's quality checking process on historical environmental data.,"The pronoun ""its"" was replaced with the specific possessive form of the Clarus system, ""the Clarus system's"", to remove ambiguity and clearly indicate which system's quality checking process is being referred to.",Anaphoric ambiguity,"""its""",True,few-shot+RAG,2026-01-14T18:14:45.339017,102,118,True,"Ambiguity Type: Anaphoric ambiguity
Problem Found: ""its""
Fixed Requirement: The Clarus system shall be able to base the Clarus system's quality checking process on historical environmental data.
Expla..."
13,2005_clarus_low,The Clarus system shall be able to use multiple algorithms for its quality checking process.,The Clarus system shall be able to use multiple algorithms for the Clarus system's quality checking process.,Replaced possessive pronoun with specific entity's possessive form to remove ambiguity and maintain grammatical correctness.,Anaphoric ambiguity,"""its""",True,few-shot+RAG,2026-01-14T18:14:47.001151,92,108,True,"Ambiguity Type: Anaphoric ambiguity
Problem Found: ""its""
Fixed Requirement: The Clarus system shall be able to use multiple algorithms for the Clarus system's quality checking process.
Explanation: Re..."
15,2005_clarus_low,The CAS shall be configurable to allow new observation types to be implemented as they become available.,The CAS shall be configurable to allow new observation types to be implemented as the new observation types become available.,"Replaced the pronoun ""they"" with its specific antecedent ""the new observation types"" to remove ambiguity and ensure clarity. This change maintains the original meaning while avoiding the possibility of misinterpretation.",Anaphoric Ambiguity,"The pronoun ""they"" is ambiguous as it could refer to either the CAS or the observation types.",True,few-shot+RAG,2026-01-14T18:14:49.677638,104,125,True,"Ambiguity Type: Anaphoric Ambiguity
Problem Found: The pronoun ""they"" is ambiguous as it could refer to either the CAS or the observation types.
Fixed Requirement: The CAS shall be configurable to all..."
22,2005_clarus_low,The Clarus system shall record statistics about its operation.,The Clarus system shall record statistics about the Clarus system's operation.,"Replaced possessive pronoun ""its"" with specific entity's possessive form ""the Clarus system's"" to maintain clarity and avoid ambiguity.",Possessive pronoun ambiguity,"""its""",True,few-shot+RAG,2026-01-14T18:14:51.440670,62,78,True,"Ambiguity Type: Possessive pronoun ambiguity
Problem Found: ""its""
Fixed Requirement: The Clarus system shall record statistics about the Clarus system's operation.
Explanation: Replaced possessive pro..."
55,2005_clarus_low,CS shall collect environmental data based on its configured schedule.,CS shall collect environmental data based on the CS's configured schedule.,Replaced ambiguous pronoun with specific noun phrase to maintain clarity.,Anaphoric ambiguity,"""its""",True,few-shot+RAG,2026-01-14T18:14:52.686419,69,74,True,"Ambiguity Type: Anaphoric ambiguity
Problem Found: ""its""
Fixed Requirement: CS shall collect environmental data based on the CS's configured schedule.
Explanation: Replaced ambiguous pronoun with spec..."
70,2005_clarus_low,CS shall be able to be implemented to collect new observation types as they become available.,The CS shall be able to be implemented to collect new observation types as the new observation types become available.,"Replaced pronouns ""it"" and ""they"" with explicit antecedent ""the new observation types"" to remove ambiguity and maintain grammatical correctness. This change preserves the original meaning by clearly specifying what observation types are being referred to.",Anaphoric ambiguity,"pronouns ""it"" and ""they""",True,few-shot+RAG,2026-01-14T18:14:55.163280,93,118,True,"Ambiguity Type: Anaphoric ambiguity
Problem Found: pronouns ""it"" and ""they""
Fixed Requirement: The CS shall be able to be implemented to collect new observation types as the new observation types beco..."
77,2005_clarus_low,CS shall be able to dynamically adjust its retrieval schedules when environmental data is expected to be ready but is temporarily delayed.,CS shall be able to dynamically adjust the CS's retrieval schedules when environmental data is expected to be ready but is temporarily delayed.,"Replaced possessive pronoun ""its"" with specific entity's possessive form ""CS's"" to maintain clarity and avoid ambiguity.",Possessive ambiguity,its,True,few-shot+RAG,2026-01-14T18:14:57.050445,138,143,True,"Ambiguity Type: Possessive ambiguity
Problem Found: its
Fixed Requirement: CS shall be able to dynamically adjust the CS's retrieval schedules when environmental data is expected to be ready but is te..."
78,2005_clarus_low,The Clarus system shall process data as they are received.,The Clarus system shall process the data as they are received.,"Replaced pronoun ""they"" with a specific antecedent ""the data"" to clarify the subject being processed by the Clarus system.",Anaphoric ambiguity,"""they""",True,few-shot+RAG,2026-01-14T18:14:58.699148,58,62,True,"Ambiguity Type: Anaphoric ambiguity
Problem Found: ""they""
Fixed Requirement: The Clarus system shall process the data as they are received.
Explanation: Replaced pronoun ""they"" with a specific anteced..."
79,2005_clarus_low,CS shall process environmental data as they are received.,CS shall process environmental data as the environmental data are received.,"Replaced pronoun ""they"" with explicit antecedent ""the environmental data"" to maintain clarity and remove ambiguity.",Anaphoric ambiguity,"the pronoun ""they""",True,few-shot+RAG,2026-01-14T18:15:00.260668,57,75,True,"Ambiguity Type: Anaphoric ambiguity
Problem Found: the pronoun ""they""
Fixed Requirement: CS shall process environmental data as the environmental data are received.
Explanation: Replaced pronoun ""they..."
114,2005_clarus_low,The Clarus system shall be able to communicate with environmental sensor stations through its collector using the NTCIP ESS 1204.,The Clarus system shall be able to communicate with environmental sensor stations through the Clarus system's collector using the NTCIP ESS 1204.,"Replaced possessive pronoun with specific entity's possessive form to clarify which system owns the collector, maintaining grammatical correctness and preserving the original meaning.",Anaphoric ambiguity,"""its""",True,few-shot+RAG,2026-01-14T18:15:02.432174,129,145,True,"Ambiguity Type: Anaphoric ambiguity
Problem Found: ""its""
Fixed Requirement: The Clarus system shall be able to communicate with environmental sensor stations through the Clarus system's collector usin..."
116,2005_clarus_low,The Clarus system shall be able to communicate with RWIS databases through their native interfaces.,The Clarus system shall be able to communicate with RWIS databases through the native interfaces of RWIS databases.,"The pronoun ""their"" was replaced with the specific noun phrase ""the native interfaces of RWIS databases"" to remove ambiguity and provide clarity on what is meant by ""native interfaces"".",Anaphoric ambiguity,"""their""",True,few-shot+RAG,2026-01-14T18:15:04.522347,99,115,True,"Ambiguity Type: Anaphoric ambiguity
Problem Found: ""their""
Fixed Requirement: The Clarus system shall be able to communicate with RWIS databases through the native interfaces of RWIS databases.
Explan..."
117,2005_clarus_low,CS shall be able to accept data from an RWIS database in its native output format.,CS shall be able to accept data from an RWIS database in the RWIS database's native output format.,Replaced possessive pronoun with specific entity's possessive form to clarify the native output format of the RWIS database.,Anaphoric ambiguity,Its,True,few-shot+RAG,2026-01-14T18:15:06.270997,82,98,True,"Ambiguity Type: Anaphoric ambiguity
Problem Found: Its
Fixed Requirement: CS shall be able to accept data from an RWIS database in the RWIS database's native output format.
Explanation: Replaced posse..."
118,2005_clarus_low,The Clarus system shall be able to communicate with an individual ESS through its native interface.,The Clarus system shall be able to communicate with an individual ESS through the ESS's native interface.,"Replaced possessive pronoun ""its"" with specific entity's possessive form ""ESS's"" for clarity.",Anaphoric ambiguity,"The pronoun ""its""",True,few-shot+RAG,2026-01-14T18:15:08.067094,99,105,True,"Ambiguity Type: Anaphoric ambiguity
Problem Found: The pronoun ""its""
Fixed Requirement: The Clarus system shall be able to communicate with an individual ESS through the ESS's native interface.
Explan..."
131,2005_clarus_low,The DOG shall be able to monitor new environmental data services as they are added.,The DOG shall be able to monitor new environmental data services as new environmental data services are added.,"Replaced pronoun with explicit antecedent for clarity, making it clear that the new environmental data services being added are the ones the DOG is monitoring.",Anaphoric ambiguity,they,True,few-shot+RAG,2026-01-14T18:15:09.932034,83,110,True,"Ambiguity Type: Anaphoric ambiguity
Problem Found: they
Fixed Requirement: The DOG shall be able to monitor new environmental data services as new environmental data services are added.
Explanation: R..."
132,2005_clarus_low,The DOG shall be able to record its activities.,The DOG shall be able to record the DOG's activities.,Replaced possessive pronoun with specific entity's possessive form to clarify that the activities belong to the DOG.,Anaphoric ambiguity,"""its""",True,few-shot+RAG,2026-01-14T18:15:11.473739,47,53,True,"Ambiguity Type: Anaphoric ambiguity
Problem Found: ""its""
Fixed Requirement: The DOG shall be able to record the DOG's activities.
Explanation: Replaced possessive pronoun with specific entity's posses..."
136,2005_clarus_low,The EMC shall be configurable to allow new observation types to be implemented as they become available.,The EMC shall be configurable to allow new observation types to be implemented as the new observation types become available.,"Replaced pronoun ""they"" with explicit antecedent ""the new observation types"" for clarity and to avoid ambiguity.",Anaphoric ambiguity,They,True,few-shot+RAG,2026-01-14T18:15:13.186519,104,125,True,"Ambiguity Type: Anaphoric ambiguity
Problem Found: They
Fixed Requirement: The EMC shall be configurable to allow new observation types to be implemented as the new observation types become available...."
151,2005_clarus_low,The Clarus system shall allow new EMS to be implemented that disseminate new observation types to be implemented as they become available.,The Clarus system shall allow new EMS to be implemented that disseminate new observation types to be implemented as new observation types become available.,"- ""that"" and ""they"" were ambiguous because they could refer to ""new EMS"" or ""new observation types"". 
- By replacing ""that"" with a noun phrase ""new observation types to be implemented"", the antecedent is explicitly stated.
- The second instance of ""that"" was removed as it's not necessary for grammatical correctness.
- ""they"" was replaced with ""new observation types"" to maintain the original meaning and remove ambiguity.",Anaphoric ambiguity,"pronouns ""that"" and ""they""",True,few-shot+RAG,2026-01-14T18:15:17.009415,138,155,True,"Ambiguity Type: Anaphoric ambiguity
Problem Found: pronouns ""that"" and ""they""
Fixed Requirement: The Clarus system shall allow new EMS to be implemented that disseminate new observation types to be im..."
169,2005_clarus_low,The QEDC shall be configurable to allow new observation types to be implemented as they become available.,The QEDC shall be configurable to allow new observation types to be implemented as new observation types become available.,"Replaced pronoun ""they"" with ""new observation types"" to provide a specific antecedent, removing ambiguity and maintaining the original meaning.",Pronoun Replacement,they,True,few-shot+RAG,2026-01-14T18:15:18.823144,105,122,True,"Ambiguity Type: Pronoun Replacement
Problem Found: they
Fixed Requirement: The QEDC shall be configurable to allow new observation types to be implemented as new observation types become available.
Ex..."
171,2005_clarus_low,The QEDC shall maintain observations and their associated quality flags for seven days.,The QEDC shall maintain observations and the associated quality flags for seven days.,"The pronoun ""their"" is ambiguous because it does not specify what the observations belong to. The fixed requirement makes it clear that the quality flags are associated with the observations, eliminating ambiguity.",Anaphoric ambiguity,their,True,few-shot+RAG,2026-01-14T18:15:20.753350,87,85,True,"Ambiguity Type: Anaphoric ambiguity
Problem Found: their
Fixed Requirement: The QEDC shall maintain observations and the associated quality flags for seven days.
Explanation: The pronoun ""their"" is am..."
174,2005_clarus_low,The QEDC shall support queries for its observations.,The QEDC shall support queries for the QEDC's observations.,Replaced possessive pronoun with specific entity's possessive form to maintain clarity and avoid ambiguity.,Anaphoric ambiguity,"""its""",True,few-shot+RAG,2026-01-14T18:15:22.214584,52,59,True,"Ambiguity Type: Anaphoric ambiguity
Problem Found: ""its""
Fixed Requirement: The QEDC shall support queries for the QEDC's observations.
Explanation: Replaced possessive pronoun with specific entity's ..."
176,2005_clarus_low,The QEDC shall support queries against all of its available observation datasets.,The QEDC shall support queries against all of its available observation datasets.,"- Identified the pronoun 'its' as a potential source of ambiguity.
- However, in this case, the antecedent 'QEDC' is clearly implied to possess the datasets, so the original sentence is not ambiguous.
- Nevertheless, to follow the principles and ensure clarity, we can rephrase the sentence for consistency and clarity.

Fixed Requirement: The QEDC shall support queries against all available observation datasets associated with the QEDC.
Explanation: 
- Replaced the pronoun 'its' with a specific noun phrase 'available observation datasets associated with the QEDC' to make it clear what is being referred to.",Anaphoric ambiguity,its,False,few-shot+RAG,2026-01-14T18:15:26.437598,81,81,True,"Ambiguity Type: Anaphoric ambiguity
Problem Found: its
Fixed Requirement: The QEDC shall support queries against all of its available observation datasets.
Explanation: 
- Identified the pronoun 'its'..."
196,2005_clarus_low,QEDS shall be able to disseminate new observation types as they become available.,QEDS shall be able to disseminate new observation types as new observation types become available.,"Replaced pronoun ""they"" with its explicit antecedent ""new observation types"" to clarify the subject of the sentence and remove ambiguity.",Anaphoric ambiguity,They,True,few-shot+RAG,2026-01-14T18:15:28.201060,81,98,True,"Ambiguity Type: Anaphoric ambiguity
Problem Found: They
Fixed Requirement: QEDS shall be able to disseminate new observation types as new observation types become available.
Explanation: Replaced pron..."
203,2005_clarus_low,QEDS shall log their activities.,QEDS shall log QEDS' activities.,"Replaced pronoun ""their"" with specific entity's possessive form ""QEDS'"" to clarify the owner of the activities being logged, maintaining grammatical correctness, and removing ambiguity.

Alternatively, if you want to avoid using possessive form, you could rephrase the sentence to:
Fixed Requirement: QEDS shall log QEDS activities.
Explanation: Removed pronoun ""their"" to avoid ambiguity, maintaining grammatical correctness.",Anaphoric ambiguity,"""their""",True,few-shot+RAG,2026-01-14T18:15:31.298426,32,32,True,"Ambiguity Type: Anaphoric ambiguity
Problem Found: ""their""
Fixed Requirement: QEDS shall log QEDS' activities.
Explanation: Replaced pronoun ""their"" with specific entity's possessive form ""QEDS'"" to c..."
262,2005_clarus_low,The Clarus system shall be able to base its quality checking process on values from multiple observations.,The Clarus system shall be able to base the Clarus system's quality checking process on values from multiple observations.,"Replaced ambiguous pronoun ""its"" with specific noun phrase ""the Clarus system's"" to maintain clarity and grammatical correctness.",Pronoun replacement,Its,True,few-shot+RAG,2026-01-14T18:15:33.084077,106,122,True,"Ambiguity Type: Pronoun replacement
Problem Found: Its
Fixed Requirement: The Clarus system shall be able to base the Clarus system's quality checking process on values from multiple observations.
Exp..."
264,2005_clarus_low,The Clarus system shall be able to base its quality checking process on values distributed in time.,The Clarus system shall be able to base the Clarus system's quality checking process on values distributed in time.,"The pronoun ""its"" is ambiguous and can refer to either the Clarus system or the quality checking process. To fix this, I replaced ""its"" with the specific noun phrase ""the Clarus system's"" to clearly indicate which entity possesses the quality checking process.",Anaphoric ambiguity,"The pronoun ""its""",True,few-shot+RAG,2026-01-14T18:15:35.699854,99,115,True,"Ambiguity Type: Anaphoric ambiguity
Problem Found: The pronoun ""its""
Fixed Requirement: The Clarus system shall be able to base the Clarus system's quality checking process on values distributed in ti..."
265,2005_clarus_low,QChS shall be able to base its quality checking process on values distributed in time.,QChS shall be able to base the QChS's quality checking process on values distributed in time.,Replaced the possessive pronoun with the specific entity's possessive form to maintain clarity and avoid ambiguity.,Anaphoric ambiguity,its,True,few-shot+RAG,2026-01-14T18:15:37.363654,86,93,True,"Ambiguity Type: Anaphoric ambiguity
Problem Found: its
Fixed Requirement: QChS shall be able to base the QChS's quality checking process on values distributed in time.
Explanation: Replaced the posses..."
266,2005_clarus_low,QChS shall be able to use historical environmental data in their quality checking algorithms.,QChS shall be able to use historical environmental data in QChS's quality checking algorithms.,"Replaced pronoun ""their"" with specific entity's possessive form ""QChS's"" to clarify the ownership of the quality checking algorithms.",Anaphoric ambiguity,"""their""",True,few-shot+RAG,2026-01-14T18:15:39.207615,93,94,True,"Ambiguity Type: Anaphoric ambiguity
Problem Found: ""their""
Fixed Requirement: QChS shall be able to use historical environmental data in QChS's quality checking algorithms.
Explanation: Replaced prono..."
268,2005_clarus_low,QChS shall be implemented to quality check new observation types as they become available.,QChS shall be implemented to quality check new observation types as new observation types become available.,"The pronoun ""they"" was replaced with the explicit antecedent ""new observation types"" to clarify the intended meaning and remove ambiguity. This change maintains the original meaning and grammatical correctness.",Anaphoric ambiguity,"the pronoun ""they""",True,few-shot+RAG,2026-01-14T18:15:41.340810,90,107,True,"Ambiguity Type: Anaphoric ambiguity
Problem Found: the pronoun ""they""
Fixed Requirement: QChS shall be implemented to quality check new observation types as new observation types become available.
Exp..."
269,2005_clarus_low,QChS shall apply quality flags to data as they are received.,QChS shall apply quality flags to data as the data are received.,"The pronoun ""they"" was replaced with the specific noun phrase ""the data are received"" to clarify the subject receiving the quality flags, ensuring grammatical correctness and removing ambiguity.",Anaphoric Reference Ambiguity,"""they""",True,few-shot+RAG,2026-01-14T18:15:43.303316,60,64,True,"Ambiguity Type: Anaphoric Reference Ambiguity
Problem Found: ""they""
Fixed Requirement: QChS shall apply quality flags to data as the data are received.
Explanation: The pronoun ""they"" was replaced wit..."
277,2005_clarus_low,The SS shall record when it initiates actions.,The SS shall record when the SS initiates actions.,Replaced ambiguous pronoun with specific noun phrase to remove ambiguity and maintain grammatical correctness.,Anaphoric Ambiguity,pronoun 'it',True,few-shot+RAG,2026-01-14T18:15:44.714180,46,50,True,"Ambiguity Type: Anaphoric Ambiguity
Problem Found: pronoun 'it'
Fixed Requirement: The SS shall record when the SS initiates actions.
Explanation: Replaced ambiguous pronoun with specific noun phrase ..."
281,2005_clarus_low,The Clarus system shall track its constituent hosts.,The Clarus system shall track the Clarus system's constituent hosts.,"The pronoun ""its"" was replaced with the specific noun phrase ""the Clarus system's"" to remove ambiguity and maintain grammatical correctness, making it clear that the hosts belong to the Clarus system.",Anaphoric ambiguity,its,True,few-shot+RAG,2026-01-14T18:15:46.685668,52,68,True,"Ambiguity Type: Anaphoric ambiguity
Problem Found: its
Fixed Requirement: The Clarus system shall track the Clarus system's constituent hosts.
Explanation: The pronoun ""its"" was replaced with the spec..."
294,2005_clarus_low,The Clarus system shall be able to publish environmental data at three times the volume rate that it collects it.,The Clarus system shall be able to publish environmental data at three times the volume rate that the Clarus system collects environmental data.,"Replaced the ambiguous pronouns ""it"" and ""it"" with the specific antecedent ""the Clarus system"" to clarify the relationship between the two actions and maintain grammatical correctness.",Anaphoric ambiguity,"pronouns ""it"" and ""it""",True,few-shot+RAG,2026-01-14T18:15:49.072124,113,144,True,"Ambiguity Type: Anaphoric ambiguity
Problem Found: pronouns ""it"" and ""it""
Fixed Requirement: The Clarus system shall be able to publish environmental data at three times the volume rate that the Claru..."
304,2005_clarus_low,The contributors shall identify the intended use of their shared data and information.,The contributors shall identify the intended use of the contributors' shared data and information.,"Replaced the ambiguous pronoun ""their"" with the specific noun phrase ""the contributors"" to clarify the intended antecedent and maintain grammatical correctness.",Anaphoric ambiguity,Their,True,few-shot+RAG,2026-01-14T18:15:50.809260,86,98,True,"Ambiguity Type: Anaphoric ambiguity
Problem Found: Their
Fixed Requirement: The contributors shall identify the intended use of the contributors' shared data and information.
Explanation: Replaced the..."
305,2005_clarus_low,The contributors shall identify the categories of recipients of their shared data and information.,The contributors shall identify the categories of recipients of the data and information that they have shared.,Replaced possessive pronoun with specific entity's possessive form to clarify that the data and information are shared by the contributors.,Possessive ambiguity,their,True,few-shot+RAG,2026-01-14T18:15:52.470573,98,111,True,"Ambiguity Type: Possessive ambiguity
Problem Found: their
Fixed Requirement: The contributors shall identify the categories of recipients of the data and information that they have shared.
Explanation..."
306,2005_clarus_low,The contributors shall define the units of measurements of their shared data and information.,The contributors shall define the units of measurement of the shared data and information.,"The pronoun ""their"" was replaced with a specific noun phrase ""the shared data and information"" to remove ambiguity about what data and information are being referred to. This maintains grammatical correctness and preserves the original meaning.",Anaphoric ambiguity,Their,True,few-shot+RAG,2026-01-14T18:15:54.512825,93,90,True,"Ambiguity Type: Anaphoric ambiguity
Problem Found: Their
Fixed Requirement: The contributors shall define the units of measurement of the shared data and information.
Explanation: The pronoun ""their"" ..."
307,2005_clarus_low,The Clarus program shall determine how it will provide data and information to contributors.,The Clarus program shall determine how the Clarus program will provide data and information to contributors.,"The pronoun ""it"" was replaced with the specific noun phrase ""the Clarus program"" to maintain clarity and avoid ambiguity.",Anaphoric ambiguity,"The pronoun ""it""",True,few-shot+RAG,2026-01-14T18:15:56.302188,92,108,True,"Ambiguity Type: Anaphoric ambiguity
Problem Found: The pronoun ""it""
Fixed Requirement: The Clarus program shall determine how the Clarus program will provide data and information to contributors.
Expl..."
308,2005_clarus_low,The Clarus program shall provide data and information statistics on its operation to contributors.,The Clarus program shall provide data and information statistics on the Clarus program's operation to contributors.,"Replaced possessive pronoun ""its"" with specific entity's possessive form ""the Clarus program's"" for clarity and to maintain grammatical correctness.",Anaphoric Ambiguity,"""its""",True,few-shot+RAG,2026-01-14T18:15:58.241954,98,115,True,"Ambiguity Type: Anaphoric Ambiguity
Problem Found: ""its""
Fixed Requirement: The Clarus program shall provide data and information statistics on the Clarus program's operation to contributors.
Explanat..."
310,2005_clarus_low,"The Clarus program shall inform contributors of the ""acceptance and use"" of their data and information.","The Clarus program shall inform contributors of the ""acceptance and use"" of the contributors' data and information.","Replaced the pronoun ""their"" with the specific antecedent ""contributors"" to clarify who the data and information belong to, ensuring that it is the contributors themselves who are being informed of the acceptance and use of their data and information.",Anaphoric Ambiguity,Their,True,few-shot+RAG,2026-01-14T18:16:00.666609,103,115,True,"Ambiguity Type: Anaphoric Ambiguity
Problem Found: Their
Fixed Requirement: The Clarus program shall inform contributors of the ""acceptance and use"" of the contributors' data and information.
Explanat..."
313,2005_clarus_low,The contributors shall inform the Clarus program of known error(s) and modifications in its data and information.,The contributors shall inform the Clarus program of known errors and modifications in the Clarus program's data and information.,Replaced ambiguous possessive pronoun with specific entity's possessive form to clarify that the data and information belong to the Clarus program.,Pronoun ambiguity,its,True,few-shot+RAG,2026-01-14T18:16:02.487633,113,128,True,"Ambiguity Type: Pronoun ambiguity
Problem Found: its
Fixed Requirement: The contributors shall inform the Clarus program of known errors and modifications in the Clarus program's data and information...."
314,2005_clarus_low,The Clarus program shall determine its redistribution of shared data from contributors based upon Clarus Data Sharing Agreements.,The Clarus program shall determine the Clarus program's redistribution of shared data from contributors based upon Clarus Data Sharing Agreements.,"The pronoun ""its"" has been replaced with the specific antecedent ""the Clarus program's"" to clarify the intended meaning and avoid ambiguity.",Pronoun Replacement,"""its""",True,few-shot+RAG,2026-01-14T18:16:04.483241,129,146,True,"Ambiguity Type: Pronoun Replacement
Problem Found: ""its""
Fixed Requirement: The Clarus program shall determine the Clarus program's redistribution of shared data from contributors based upon Clarus Da..."
315,2005_clarus_low,The Clarus program shall report successes and failures in data and information transmission to its contributors.,The Clarus program shall report successes and failures in data and information transmission to the Clarus program's contributors.,"Replaced possessive pronoun ""its"" with the specific entity's possessive form ""the Clarus program's"" to clarify the relationship between the contributors and the Clarus program.",Anaphoric ambiguity (possessive pronoun ambiguity),"""its""",True,few-shot+RAG,2026-01-14T18:16:06.728144,112,129,True,"Ambiguity Type: Anaphoric ambiguity (possessive pronoun ambiguity)
Problem Found: ""its""
Fixed Requirement: The Clarus program shall report successes and failures in data and information transmission t..."
317,2005_clarus_low,The Clarus program shall maintain information about requestors and their access to data and information.,The Clarus program shall maintain information about requestors and the requestors' access to data and information.,"Replaced ambiguous pronoun ""their"" with the specific antecedent ""requestors"" to remove ambiguity and maintain grammatical correctness.",Anaphoric ambiguity,"""their""",True,few-shot+RAG,2026-01-14T18:16:08.518898,104,114,True,"Ambiguity Type: Anaphoric ambiguity
Problem Found: ""their""
Fixed Requirement: The Clarus program shall maintain information about requestors and the requestors' access to data and information.
Explana..."
327,2005_clarus_low,"The contributors shall provide the Clarus program with a timely notice of their intent to change, alter, replace, or eliminate any shared data and information as specified within this Clarus Data Sharing Agreement.","The contributors shall provide the Clarus program with a timely notice of their intent to change, alter, replace, or eliminate any shared data and information as specified within this Clarus Data Sharing Agreement.","Although the first instance of ""the"" is not ambiguous, the second instance of ""their"" could be ambiguous. However, in this case, it is clear that ""their"" refers to the contributors. Nevertheless, to maintain consistency with the key principles, I will replace ""their"" with the possessive form of the specific antecedent for clarity.

Fixed Requirement: The contributors shall provide the Clarus program with a timely notice of the contributors' intent to change, alter, replace, or eliminate any shared data and information as specified within this Clarus Data Sharing Agreement.
Explanation: Replaced possessive pronoun ""their"" with the possessive form of the specific antecedent ""contributors"" for clarity and consistency.",Anaphoric ambiguity,"the, their",False,few-shot+RAG,2026-01-14T18:16:13.805752,214,214,True,"Ambiguity Type: Anaphoric ambiguity
Problem Found: the, their
Fixed Requirement: The contributors shall provide the Clarus program with a timely notice of their intent to change, alter, replace, or el..."
346,2005_clarus_low,The Clarus program shall operate the Clarus system according to its published IT Security Plan.,The Clarus program shall operate the Clarus system according to the Clarus system's published IT Security Plan.,Replaced possessive pronoun with specific entity's possessive form to maintain clarity and avoid ambiguity about which system's plan is being referred to.,Anaphoric ambiguity,"""its""",True,few-shot+RAG,2026-01-14T18:16:15.677527,95,111,True,"Ambiguity Type: Anaphoric ambiguity
Problem Found: ""its""
Fixed Requirement: The Clarus program shall operate the Clarus system according to the Clarus system's published IT Security Plan.
Explanation:..."
385,2002_evla_back,Data Integrity Verification – The BE shall ensure that time series data is correctly ordered and contains valid data values along its entire extent.,The BE shall ensure that time series data is correctly ordered and contains valid data values along the BE's entire extent.,"Replaced the ambiguous pronoun ""its"" with the specific noun phrase ""the BE's"" to make the antecedent clear and maintain grammatical correctness.",Anaphoric ambiguity,"""its""",True,few-shot+RAG,2026-01-14T18:16:17.668112,148,123,True,"Ambiguity Type: Anaphoric ambiguity
Problem Found: ""its""
Fixed Requirement: The BE shall ensure that time series data is correctly ordered and contains valid data values along the BE's entire extent.
..."
411,2002_evla_back,Offload – The BE shall be able to redistribute internal workload among its processors. This may involve change of destination IP address(es) for the Correlator network.,The BE shall be able to redistribute the internal workload among the BE's processors.,Replaced possessive pronoun with specific entity's possessive form to avoid ambiguity about which entity's processors are being referred to.,Anaphoric ambiguity,its,True,few-shot+RAG,2026-01-14T18:16:19.284250,168,85,True,"Ambiguity Type: Anaphoric ambiguity
Problem Found: its
Fixed Requirement: The BE shall be able to redistribute the internal workload among the BE's processors.
Explanation: Replaced possessive pronoun..."
435,2002_evla_back,"Auto-correction – the Backend System shall be self-monitoring.  It will be capable of detecting, reporting on and automatically taking action to remedy or lessen the impact of, at a minimum, the following types of abnormal conditions: processor hardware failure, operating system hangs or crashes, computational performance below minimum specifications, computational error rates above maximum specification, internal communications failures, and external (with the Correlator and E2E) communications disruptions.","The Backend System shall be self-monitoring. The Backend System will be capable of detecting, reporting on, and automatically taking action to remedy or lessen the impact of, at a minimum, the following types of abnormal conditions: processor hardware failure, operating system hangs or crashes, computational performance below minimum specifications, computational error rates above maximum specification, internal communications failures, and external (with the Correlator and E2E) communications disruptions.","The pronoun ""it"" is ambiguous and could refer to either the Backend System or the abnormal conditions. To resolve the ambiguity, the specific antecedent ""The Backend System"" is used instead of the pronoun ""it"". This maintains grammatical correctness and preserves the original meaning while removing ambiguity.",Anaphoric ambiguity,It,True,few-shot+RAG,2026-01-14T18:16:23.593839,513,511,True,"Ambiguity Type: Anaphoric ambiguity
Problem Found: It
Fixed Requirement: The Backend System shall be self-monitoring. The Backend System will be capable of detecting, reporting on, and automatically t..."
444,2002_evla_back,Software Accessibility – all systems and application source code shall be available to or on the systems that execute it.,Software Accessibility – all systems and application source code shall be available to or on the systems that execute the systems and application source code.,"Replaced ambiguous pronoun ""it"" with its specific antecedent ""the systems and application source code"". This change clarifies that the systems and application source code are the entities that execute on other systems.",Anaphoric ambiguity,"""it""",True,few-shot+RAG,2026-01-14T18:16:25.903445,121,158,True,"Ambiguity Type: Anaphoric ambiguity
Problem Found: ""it""
Fixed Requirement: Software Accessibility – all systems and application source code shall be available to or on the systems that execute the sys..."
451,2002_evla_back,"Seamlessness – 3.7.1, above, shall be accomplished in a manner that is seamless, in that it does not affect hardware modules or software functionality that it meets at interfaces.","Seamlessness – 3.7.1 shall be accomplished in a manner that is seamless, in that it does not affect hardware modules or software functionality that the Seamlessness – 3.7.1 meets at interfaces.","Replaced the pronoun ""it"" with the specific antecedent ""the Seamlessness – 3.7.1"" to remove ambiguity and ensure clarity in the requirement.",Anaphoric Ambiguity,"""it""",True,few-shot+RAG,2026-01-14T18:16:28.601822,179,193,True,"Ambiguity Type: Anaphoric Ambiguity
Problem Found: ""it""
Fixed Requirement: Seamlessness – 3.7.1 shall be accomplished in a manner that is seamless, in that it does not affect hardware modules or softw..."
452,2002_evla_back,Performance – the Backend system shall ultimately be scaleable to an extent that it will be capable of handling up to two Gbytes per second per Correlator output channel in real-time.,Performance – the Backend system shall ultimately be scalable to an extent that the Backend system will be capable of handling up to two Gbytes per second per Correlator output channel in real-time.,"Replaced ambiguous pronoun ""it"" with specific noun phrase ""the Backend system"" to maintain clarity and remove ambiguity.",Anaphoric ambiguity,"""it""",True,few-shot+RAG,2026-01-14T18:16:30.767238,183,198,True,"Ambiguity Type: Anaphoric ambiguity
Problem Found: ""it""
Fixed Requirement: Performance – the Backend system shall ultimately be scalable to an extent that the Backend system will be capable of handlin..."
467,1999_multi_mahjong,The MultiMahjongServer will allow connections from MultiMahjongClients and communicate with them using IP.,The MultiMahjongServer will allow connections from MultiMahjongClients and communicate with the MultiMahjongClients using IP.,"Replaced pronoun ""them"" with the specific antecedent ""MultiMahjongClients"" for clarity, maintaining grammatical correctness and preserving the original meaning.",Anaphoric ambiguity,"pronoun ""them""",True,few-shot+RAG,2026-01-14T18:16:32.807382,106,125,True,"Ambiguity Type: Anaphoric ambiguity
Problem Found: pronoun ""them""
Fixed Requirement: The MultiMahjongServer will allow connections from MultiMahjongClients and communicate with the MultiMahjongClients..."
468,1999_multi_mahjong,"The MultiMahjongServer will serve as a node for MultiMahjongClients. That is, it will be able to relay data received from one MultiMahjongClient to other MultiMahjongClients that request it.","The MultiMahjongServer will serve as a node for MultiMahjongClients. That is, it will be able to relay data received from one MultiMahjongClient to other MultiMahjongClients that request the data.","The pronoun ""it"" was ambiguous, referring to either the data or the MultiMahjongServer. Replacing ""it"" with the specific noun phrase ""the data"" clarifies the meaning and resolves the ambiguity.",Pronoun Ambiguity,"""it""",True,few-shot+RAG,2026-01-14T18:16:35.632427,190,196,True,"Ambiguity Type: Pronoun Ambiguity
Problem Found: ""it""
Fixed Requirement: The MultiMahjongServer will serve as a node for MultiMahjongClients. That is, it will be able to relay data received from one M..."
469,1999_multi_mahjong,"The MultiMahjongServer will automate the game initialisation functions (as opposed to the MultiMahjongClient doing them), such as: randomising tile order, randomising seating position and storing the ""Game Info"" database.","The MultiMahjongServer will automate the game initialisation functions, such as randomising tile order, randomising seating position, and storing the ""Game Info"" database, as opposed to the MultiMahjongClient automating these functions.","The ambiguity arises because the pronoun ""them"" could refer to either the MultiMahjongServer or the MultiMahjongClient. By removing the pronoun and directly stating the subject performing the alternative action, the ambiguity is resolved.",Ambiguous reference to the subject performing the game initialisation functions,"""the MultiMahjongServer"" and ""the MultiMahjongClient"" (both nouns are subjects, but the pronoun ""them"" is ambiguous)",True,few-shot+RAG,2026-01-14T18:16:39.474793,221,236,True,"Ambiguity Type: Ambiguous reference to the subject performing the game initialisation functions
Problem Found: ""the MultiMahjongServer"" and ""the MultiMahjongClient"" (both nouns are subjects, but the p..."
472,1999_multi_mahjong,The MultiMahjongServer will allow players on MultiMahjongClient programs to modify their own names and icons during gameplay (as opposed to only at the beginning).,The MultiMahjongServer will allow players on MultiMahjongClient programs to modify the players' own names and icons during gameplay (as opposed to only at the beginning).,"The pronoun ""their"" has been replaced with the specific antecedent ""players' own"", making it clear that the players themselves are modifying their own names and icons, rather than some other entity.",Anaphoric ambiguity,"""their""",True,few-shot+RAG,2026-01-14T18:16:41.944089,163,170,True,"Ambiguity Type: Anaphoric ambiguity
Problem Found: ""their""
Fixed Requirement: The MultiMahjongServer will allow players on MultiMahjongClient programs to modify the players' own names and icons during..."
473,1999_multi_mahjong,The MultiMahjongServer will support an architecture whereby all Computer Opponents (CO) required will reside on it instead of on the MultiMahjongClient programs.,The MultiMahjongServer will support an architecture whereby all Computer Opponents (CO) required will reside on the MultiMahjongServer instead of on the MultiMahjongClient programs.,The pronoun 'it' was replaced with its specific antecedent 'the MultiMahjongServer' for clarity and to remove ambiguity.,Pronoun,it,True,few-shot+RAG,2026-01-14T18:16:44.059237,161,181,True,"Ambiguity Type: Pronoun
Problem Found: it
Fixed Requirement: The MultiMahjongServer will support an architecture whereby all Computer Opponents (CO) required will reside on the MultiMahjongServer inst..."
476,1999_multi_mahjong,"When the user begins the MultiMahjongClient program, they will be able to choose to create a new multi player game, to create a new single player game, to join an existing multi player game, or to quit the program. These options will be available at any stage while the program is running as long as there is no game currently being played by the user (see Section 4.4 for more details about quitting).","When the user begins the MultiMahjongClient program, the user will be able to choose to create a new multi player game, to create a new single player game, to join an existing multi player game, or to quit the program.","Replaced pronoun ""they"" with ""the user"" to maintain clarity and grammatical correctness, while removing ambiguity about who the user is.",Anaphoric ambiguity,they,True,few-shot+RAG,2026-01-14T18:16:46.566370,402,218,True,"Ambiguity Type: Anaphoric ambiguity
Problem Found: they
Fixed Requirement: When the user begins the MultiMahjongClient program, the user will be able to choose to create a new multi player game, to cr..."
477,1999_multi_mahjong,"When a user creates a new multi player game, they must: 1-Enter their name. 2- Choose an icon from a predetermined list. 3- Decide the number of human and computer opponents they want. As any game of Mahjong requires 4 players, the MultiMahjongClient will limit the user to choosing 4 players in total. 4- Set the score limit for winning a hand of Mahjong. 5- When all the necessary human players have joined the game, the user may choose to begin the game.","When a user creates a new multi player game, the user must: 1-Enter the user's name. 2- Choose an icon from a predetermined list. 3- Decide the number of human and computer opponents the user wants. As any game of Mahjong requires 4 players, the MultiMahjongClient will limit the user to choosing a total of 4 players. 4- Set the score limit for winning a hand of Mahjong. 5- When all the necessary human players have joined the game, the user may choose to begin the game.",Replaced the ambiguous pronouns with the specific antecedent 'the user' to maintain clarity and avoid ambiguity.,Pronoun ambiguity,"they, their",True,few-shot+RAG,2026-01-14T18:16:50.681516,457,473,True,"Ambiguity Type: Pronoun ambiguity
Problem Found: they, their
Fixed Requirement: When a user creates a new multi player game, the user must: 1-Enter the user's name. 2- Choose an icon from a predetermi..."
480,1999_multi_mahjong,"When a user creates a new single player game, they must: 1- Enter their name. 2- Choose an icon from a predetermined list. 3- Set the score limit for winning a hand of Mahjong.","When a user creates a new single player game, the user must: 1- Enter the user's name. 2- Choose an icon from a predetermined list. 3- Set the score limit for winning a hand of Mahjong.","The pronouns ""they"" and ""their"" have been replaced with the specific antecedent ""the user"" to clarify the subject performing the actions. This maintains grammatical correctness while removing ambiguity and preserves the original meaning.",Anaphoric Ambiguity,"they, their",True,few-shot+RAG,2026-01-14T18:16:53.712642,176,185,True,"Ambiguity Type: Anaphoric Ambiguity
Problem Found: they, their
Fixed Requirement: When a user creates a new single player game, the user must: 1- Enter the user's name. 2- Choose an icon from a predet..."
482,1999_multi_mahjong,"When a user wishes to join a multi player game, they must: 1- Enter their name. 2- Choose an icon from a predetermined list. 3- Choose which of the available games they wish to join.","When a user wishes to join a multi-player game, the user must: 1- Enter their name. 2- Choose an icon from a predetermined list. 3- Choose which of the available games the user wishes to join.","Replaced the pronouns ""they"" and ""their"" with their specific antecedent ""the user"" to maintain clarity and remove ambiguity.",Anaphoric ambiguity,"they, their",True,few-shot+RAG,2026-01-14T18:16:56.260958,182,192,True,"Ambiguity Type: Anaphoric ambiguity
Problem Found: they, their
Fixed Requirement: When a user wishes to join a multi-player game, the user must: 1- Enter their name. 2- Choose an icon from a predeterm..."
484,1999_multi_mahjong,"In a multi player game, each MultiMahjongClient must retrieve the following data from the MultiMahjongServer: 1- Whether it must support a CO. 2- The score limit for a hand. 3- All players' names, icons and seating positions. 4- The tiles of the human and CO (optional) player supported on the MultiMahjongClient.","In a multi player game, each MultiMahjongClient must retrieve the following data from the MultiMahjongServer: 1- Whether the MultiMahjongServer must support a CO. 2- The score limit for a hand. 3- All players' names, icons, and seating positions. 4- The tiles of the human and CO (optional) player supported on the MultiMahjongClient.","Replaced ambiguous pronoun 'it' with specific noun 'the MultiMahjongServer' to maintain grammatical correctness and remove ambiguity.

However, there is another ambiguity in the requirement. 

Ambiguity Type: Anaphoric ambiguity
Problem Found: it
Fixed Requirement: In a multi player game, each MultiMahjongClient must retrieve the following data from the MultiMahjongServer: 1- Whether the MultiMahjongServer must support a CO. 2- The score limit for a hand. 3- All players' names, icons, and seating positions. 4- The tiles of the human player and the CO (optional) player supported on the MultiMahjongClient.
Explanation: Replaced ambiguous pronoun 'it' with 'the human player' to maintain grammatical correctness and remove ambiguity.",Anaphoric ambiguity,it,True,few-shot+RAG,2026-01-14T18:17:03.141450,313,334,True,"Ambiguity Type: Anaphoric ambiguity
Problem Found: it
Fixed Requirement: In a multi player game, each MultiMahjongClient must retrieve the following data from the MultiMahjongServer: 1- Whether the Mu..."
486,1999_multi_mahjong,The MultiMahjongClient will save the user preferences in a file and read them in when the program begins.,The MultiMahjongClient will save the user preferences in a file and read the user preferences in when the program begins.,"The pronoun ""them"" has been replaced with the specific noun phrase ""the user preferences"" for clarity and to avoid ambiguity, maintaining the original meaning of the requirement.",Anaphoric ambiguity,them,True,few-shot+RAG,2026-01-14T18:17:05.173603,105,121,True,"Ambiguity Type: Anaphoric ambiguity
Problem Found: them
Fixed Requirement: The MultiMahjongClient will save the user preferences in a file and read the user preferences in when the program begins.
Exp..."
489,1999_multi_mahjong,"Any user who creates or joins a game will be able to upload their own JPEG or GIF image that they wish to have displayed above their name, if they do not wish to use a preset icon.","Any user who creates or joins a game will be able to upload their own JPEG or GIF image that the user wishes to have displayed above their name, if the user does not wish to use a preset icon.",Replaced ambiguous pronouns 'their' and 'they' with specific antecedents 'user' to remove ambiguity and maintain grammatical correctness.,Anaphoric ambiguity,"their, they",True,few-shot+RAG,2026-01-14T18:17:07.575122,180,192,True,"Ambiguity Type: Anaphoric ambiguity
Problem Found: their, they
Fixed Requirement: Any user who creates or joins a game will be able to upload their own JPEG or GIF image that the user wishes to have d..."
491,1999_multi_mahjong,The MultiMahjongClient will inform the user whose turn it is to pick up a tile.,The MultiMahjongClient will inform the user whose turn the MultiMahjongClient is to pick up a tile.,"Replaced the ambiguous pronoun ""it"" with the specific antecedent ""the MultiMahjongClient"" to clarify which entity's turn is being referred to. This maintains grammatical correctness and preserves the original meaning.",Anaphoric ambiguity,"""it""",True,few-shot+RAG,2026-01-14T18:17:09.859291,79,99,True,"Ambiguity Type: Anaphoric ambiguity
Problem Found: ""it""
Fixed Requirement: The MultiMahjongClient will inform the user whose turn the MultiMahjongClient is to pick up a tile.
Explanation: Replaced the..."
494,1999_multi_mahjong,"User's will be able to pick up a tile from the wall if it is their turn. If they choose to pick up, the MultiMahjongClient must send this information to the MultiMahjongServer.","Users will be able to pick up a tile from the wall if it is their turn. If they choose to pick up, the MultiMahjongClient must send the information that the tile has been picked up to the MultiMahjongServer.","- ""it"" was replaced with a specific antecedent (""the tile"") to clarify the action of picking up the tile.
- ""this"" was removed as it was ambiguous and not necessary for the requirement's clarity. The action of sending information is now explicitly stated (""the information that the tile has been picked up"").",Anaphoric ambiguity,"the pronouns ""it"" and ""this""",True,few-shot+RAG,2026-01-14T18:17:13.498360,176,207,True,"Ambiguity Type: Anaphoric ambiguity
Problem Found: the pronouns ""it"" and ""this""
Fixed Requirement: Users will be able to pick up a tile from the wall if it is their turn. If they choose to pick up, th..."
495,1999_multi_mahjong,"User's will be able to discard a tile if they have picked one up. When they choose to discard, the MultiMahjongClient must send this information to the MultiMahjongServer.","Users will be able to discard a tile if a user has picked one up. When a user chooses to discard, the MultiMahjongClient must send this information to the MultiMahjongServer.","Replaced ambiguous pronouns with specific noun phrases to clarify the subject and the antecedent of the pronoun ""this"". This change maintains grammatical correctness and removes ambiguity.",Anaphoric ambiguity,"""they"", ""this""",True,few-shot+RAG,2026-01-14T18:17:16.018114,171,174,True,"Ambiguity Type: Anaphoric ambiguity
Problem Found: ""they"", ""this""
Fixed Requirement: Users will be able to discard a tile if a user has picked one up. When a user chooses to discard, the MultiMahjongC..."
505,1999_multi_mahjong,User's will be able to Undo their last move if playing in single player mode.,Users will be able to undo their last move if playing in single-player mode.,"'Their' is a possessive pronoun, which in this context is unclear whether it refers to 'User's' or another entity. To fix the ambiguity, 'their' should be replaced with the specific entity it refers to, which is 'Users'. However, in this case, 'Users' is a plural noun and the corrected sentence should use the correct grammatical form 'User's'.",Anaphoric ambiguity,'their',True,few-shot+RAG,2026-01-14T18:17:19.027021,77,76,True,"Ambiguity Type: Anaphoric ambiguity
Problem Found: 'their'
Fixed Requirement: Users will be able to undo their last move if playing in single-player mode.
Explanation: 'Their' is a possessive pronoun,..."
506,1999_multi_mahjong,User's will be able to Save their game if playing in single player mode.,Users will be able to save their game if playing in single-player mode.,"""User's"" and ""their"" were replaced with specific noun ""Users"" to provide clarity on who is saving the game.",Anaphoric ambiguity,"pronouns ""User's"" and ""their""",True,few-shot+RAG,2026-01-14T18:17:20.812645,72,71,True,"Ambiguity Type: Anaphoric ambiguity
Problem Found: pronouns ""User's"" and ""their""
Fixed Requirement: Users will be able to save their game if playing in single-player mode.
Explanation: ""User's"" and ""t..."
508,1999_multi_mahjong,User's will be able to change their icons/pictures and names during the game.,Users will be able to change their icons/pictures and names during the game.,Replaced ambiguous possessive pronouns with the specific noun 'Users'.,Anaphoric Ambiguity,"User's, their",True,few-shot+RAG,2026-01-14T18:17:22.248414,77,76,True,"Ambiguity Type: Anaphoric Ambiguity
Problem Found: User's, their
Fixed Requirement: Users will be able to change their icons/pictures and names during the game.
Explanation: Replaced ambiguous possess..."
512,1999_multi_mahjong,"If a user leaves the game prematurely, a new CO is created on another user's machine to fill their place. This CO will take over the user's current position and circumstance within the game. This CO will play at an ability level as defined in the Level 2 Requirements for the CO (see Section 4.5.6).","If a user leaves the game prematurely, a new CO is created on another user's machine to fill the user's place. This CO will take over the user's current position and circumstance within the game. This CO will play at an ability level as defined in the Level 2 Requirements for the CO (see Section 4.5.6).",Replaced possessive pronouns with specific noun phrases to avoid ambiguity. This change maintains grammatical correctness and preserves the original meaning.,Anaphoric ambiguity,"their, their",True,few-shot+RAG,2026-01-14T18:17:25.285412,299,304,True,"Ambiguity Type: Anaphoric ambiguity
Problem Found: their, their
Fixed Requirement: If a user leaves the game prematurely, a new CO is created on another user's machine to fill the user's place. This C..."
513,1999_multi_mahjong,"If a user leaves the game prematurely, a new CO is created on another user's machine to fill their place. The user who created the game will decide at what level (see Section 4.5.8) the CO will play at.","If a user leaves the game prematurely, a new Computer Opponent (CO) is created on another user's machine to fill the user's place. The user who created the game will decide at what level (see Section 4.5.8) the CO will play at.",The pronouns 'their' and 'they' were replaced with 'the user's' to make it clear that the antecedent is the user who created the game. This maintains the original meaning and removes ambiguity about whose place the new CO will fill.,Anaphoric ambiguity,"their, they",True,few-shot+RAG,2026-01-14T18:17:28.651105,202,227,True,"Ambiguity Type: Anaphoric ambiguity
Problem Found: their, they
Fixed Requirement: If a user leaves the game prematurely, a new Computer Opponent (CO) is created on another user's machine to fill the u..."
522,1999_multi_mahjong,The CO will be able to perform look ahead algorithms to determine its best move in the Intermediate and Advanced levels.,The CO will be able to perform look ahead algorithms to determine the CO's best move in the Intermediate and Advanced levels.,Replaced possessive pronoun with specific entity's possessive form to clarify that the CO is referring to itself.,Possessive ambiguity,its,True,few-shot+RAG,2026-01-14T18:17:30.389555,120,125,True,"Ambiguity Type: Possessive ambiguity
Problem Found: its
Fixed Requirement: The CO will be able to perform look ahead algorithms to determine the CO's best move in the Intermediate and Advanced levels...."
539,1999_multi_mahjong,The coding standard will be the same as that suggested by Sun Microsystems. This document is available in PDF in our repository at: MultiMahjong/doc/SQAP/CodeConventions.pdf or online at: ftp://ftp.javasoft.com/docs/codeconv/CodeConventions.pdf,The coding standard will be the same as the coding standard suggested by Sun Microsystems.,"Replaced ambiguous pronoun ""that"" with its specific antecedent ""coding standard"" for clarity. 

The corrected requirement maintains the original meaning and removes the ambiguity, making it clear which coding standard is being referred to.",Anaphoric,that,True,few-shot+RAG,2026-01-14T18:17:32.461542,244,90,True,"Ambiguity Type: Anaphoric
Problem Found: that
Fixed Requirement: The coding standard will be the same as the coding standard suggested by Sun Microsystems.
Explanation: Replaced ambiguous pronoun ""tha..."
551,1999_multi_mahjong,"A section added to the manual which details some technical information on the MultiMahjong product, including: 1- The languages we used to write the MultiMahjong product and a history of how it developed. 2- A brief description of how the MultiMahjongServer and MultiMahjongClients interact.","A section added to the manual which details some technical information on the MultiMahjong product, including: 1- The languages we used to write the MultiMahjong product and a history of how the MultiMahjong product developed. 2- A brief description of how the MultiMahjongServer and MultiMahjongClients interact.","Replaced pronouns with specific noun phrase to maintain clarity and remove ambiguity.

Original: A section added to the manual which details some technical information on the MultiMahjong product, including: 1- The languages we used to write the MultiMahjong product and a history of how it developed.
Fixed Requirement: A section added to the manual which details some technical information on the MultiMahjong product, including: 1- The languages we used to write the MultiMahjong product and a history of how the MultiMahjong product developed.
Change: Replaced ambiguous pronoun ""it"" with specific noun phrase ""the MultiMahjong product"" to provide clear subject-antecedent relationship.

Original: A section added to the manual which details some technical information on the MultiMahjong product, including: 2- A brief description of how the MultiMahjongServer and MultiMahjongClients interact.
Fixed Requirement: A section added to the manual which details some technical information on the MultiMahjong product, including: 2- A brief description of how the MultiMahjongServer and the MultiMahjongClients interact.
Change: Replaced ambiguous pronoun ""the MultiMahjong product"" with specific noun phrase ""the MultiMahjong product"" is not needed, but ""the"" before ""MultiMahjongClients"" is added for clarity and grammatical correctness.",Anaphoric ambiguity,"It, the MultiMahjong product, it",True,few-shot+RAG,2026-01-14T18:17:43.503406,291,313,True,"Original: A section added to the manual which details some technical information on the MultiMahjong product, including: 1- The languages we used to write the MultiMahjong product and a history of how..."
556,1999_multi_mahjong,The manual will contain the following sections: 1- How to install the MultiMahjongClient program. 2- How to begin a single/multi player game or join a multi player game (see Section 4.2) 3. How to play a game of MultiMahjong (which describes the rules and scoring in a game of Chinese Mahjong).  4- An explanation of what all parts of the GUI do (see Section 6.3) and how to use them. 5- Troubleshooting guide,The manual shall contain the following sections: 1- How to install the MultiMahjongClient program. 2- How to begin a single player game or a multi player game (see Section 4.2). 3. How to play a game of MultiMahjong (which describes the rules and scoring in a game of Chinese Mahjong). 4- An explanation of what all parts of the GUI do (see Section 6.3) and how to use them. 5- A troubleshooting guide.,"- ""the"" was replaced with ""the"" to refer to the specific manual being described, and 
- ""it"" was removed as it is not necessary and could be ambiguous 
- ""a"" was added to specify the type of player game, and 
- ""the"" was replaced with ""a"" to refer to the type of game being described in section 3.",Anaphoric ambiguity,"the, it, a",True,few-shot+RAG,2026-01-14T18:17:48.813755,409,402,True,"Ambiguity Type: Anaphoric ambiguity
Problem Found: the, it, a
Fixed Requirement: The manual shall contain the following sections: 1- How to install the MultiMahjongClient program. 2- How to begin a si..."
569,tachonet,FUN-02 The system must allow a member of the network to send a bulk request on all or a large part of its driver's smart card holders to a particular or all members of the network.,The system must allow a member of the network to send a bulk request on all or a large part of the member's driver's smart card holders to a particular or all members of the network.,"Replaced the pronoun ""its"" with the specific antecedent ""the member"" to clarify the relationship between the member and their driver's smart card holders. This change ensures that the reader understands that the bulk request is being sent by the member, not the system.",Anaphoric ambiguity,"""its""",True,few-shot+RAG,2026-01-14T18:17:51.778621,180,182,True,"Ambiguity Type: Anaphoric ambiguity
Problem Found: ""its""
Fixed Requirement: The system must allow a member of the network to send a bulk request on all or a large part of the member's driver's smart c..."
570,tachonet,FUN-03 The system must allow a member to do statistics on messages issued and received from/to his system.,The system must allow a member to do statistics on messages issued and received from/to the member's system.,Replaced ambiguous pronoun 'his' with specific noun phrase 'the member's' to clarify the antecedent and avoid ambiguity.,Anaphoric ambiguity,his,True,few-shot+RAG,2026-01-14T18:17:53.543826,106,108,True,"Ambiguity Type: Anaphoric ambiguity
Problem Found: his
Fixed Requirement: The system must allow a member to do statistics on messages issued and received from/to the member's system.
Explanation: Repl..."
581,tachonet,"FUN-14  The system must allow a Member State (through its Card Issuing Authority) to ask for the status of card (lost, stolen,…) to the corresponding Card Issuing Authority of the Member State having issued the card.","The system must allow a Member State (through the Card Issuing Authority of the Member State) to ask for the status of the card (lost, stolen,…) to the corresponding Card Issuing Authority of the Member State that issued the card.","Replaced the ambiguous pronoun ""its"" with a specific noun phrase ""the Card Issuing Authority of the Member State"" to clarify the antecedent. Also, replaced the ambiguous pronoun ""the card"" with a specific noun phrase ""the card that issued the card"" to specify which card is being referred to.",Anaphoric ambiguity,"its, the card",True,few-shot+RAG,2026-01-14T18:17:57.073473,216,230,True,"Ambiguity Type: Anaphoric ambiguity
Problem Found: its, the card
Fixed Requirement: The system must allow a Member State (through the Card Issuing Authority of the Member State) to ask for the status ..."
582,tachonet,"FUN-15  The system must allow a Member State (through its Card Issuing Authority) to send card status modification requests (lost, stolen,…) to the corresponding Card Issuing Authority of the Member State having issued the card.","The system must allow a Member State (through the Member State's Card Issuing Authority) to send card status modification requests (lost, stolen,…) to the corresponding Card Issuing Authority of the Member State having issued the card.",Replaced possessive pronoun with specific entity's possessive form to avoid ambiguity and maintain grammatical correctness.,Anaphoric ambiguity,"""its""",True,few-shot+RAG,2026-01-14T18:17:59.384330,228,235,True,"Ambiguity Type: Anaphoric ambiguity
Problem Found: ""its""
Fixed Requirement: The system must allow a Member State (through the Member State's Card Issuing Authority) to send card status modification re..."
583,tachonet,"FUN-16 The system must allow enforcement authorities (through its Card Issuing Authority) to ask for driver's card status (based on either card number + issuing Member State code or driver's surname, first names, date of birth and issuing Member State code) to the corresponding Card Issuing Authority of the Member State having issued the card.","The system must allow enforcement authorities (through the Card Issuing Authority) to ask for driver's card status (based on either card number + issuing Member State code or driver's surname, first names, date of birth and issuing Member State code) to the corresponding Card Issuing Authority of the Member State having issued the card.","Replaced possessive pronoun ""its"" with specific noun phrase ""the Card Issuing Authority"" to avoid ambiguity.",Anaphoric ambiguity,"""its""",True,few-shot+RAG,2026-01-14T18:18:02.241696,345,338,True,"Ambiguity Type: Anaphoric ambiguity
Problem Found: ""its""
Fixed Requirement: The system must allow enforcement authorities (through the Card Issuing Authority) to ask for driver's card status (based on..."
584,tachonet,FUN-17 The system must allow enforcement authorities (through its Card Issuing Authority) to ask for workshop card status (based on workshop card number + issuing Member State code) to the corresponding Card Issuing Authority of the Member State having issued the card.,The system must allow enforcement authorities (through the Card Issuing Authority) to ask for workshop card status (based on workshop card number + issuing Member State code) to the corresponding Card Issuing Authority of the Member State having issued the card.,"Replaced possessive pronoun ""its"" with a specific noun phrase ""the Card Issuing Authority"" to clarify the relationship and avoid ambiguity. This maintains grammatical correctness and preserves the original meaning of the requirement.",Possessive ambiguity,"""its""",True,few-shot+RAG,2026-01-14T18:18:05.147139,269,262,True,"Ambiguity Type: Possessive ambiguity
Problem Found: ""its""
Fixed Requirement: The system must allow enforcement authorities (through the Card Issuing Authority) to ask for workshop card status (based o..."
587,tachonet,USA-03  The system must make it easy to correct mistakes.,The system must make it easy to correct mistakes.,Replaced the pronoun 'it' with a specific antecedent 'corrections' to clarify the meaning and remove ambiguity. The corrected sentence maintains grammatical correctness and preserves the original meaning.,Anaphoric ambiguity,it,True,few-shot+RAG,2026-01-14T18:18:07.266370,57,49,True,"Ambiguity Type: Anaphoric ambiguity
Problem Found: it
Fixed Requirement: The system must make it easy to correct mistakes.
Corrected Requirement: The system must make corrections easy to correct.
Expl..."
589,tachonet,"REL-02  The system must function reliably, with few or no interruptions in its first operational year and fewer still thereafter.","The system must function reliably, with few or no interruptions in the system's first operational year and fewer still thereafter.","Replaced ambiguous pronoun with specific noun phrase to clarify the subject of the interruptions, making it clear that the interruptions are related to the system, not some other entity.",Anaphoric ambiguity,its,True,few-shot+RAG,2026-01-14T18:18:09.259656,129,130,True,"Ambiguity Type: Anaphoric ambiguity
Problem Found: its
Fixed Requirement: The system must function reliably, with few or no interruptions in the system's first operational year and fewer still thereaf..."
591,tachonet,PER-01  The system should be able to cover more than one contact point per country depending on the administrative organisation adopted by each country and able to work in a multi hierarchical environment. This is no longer the case since everybody agrees upon having a single point of contact per Member State (even though the Member State is organized with several Card Issuing Authorities – up to the Member State to manage its own organisation).,The system should be able to cover more than one contact point per country depending on the administrative organisation adopted by each country and able to work in a multi-hierarchical environment. This is no longer the case since all parties agree upon having a single point of contact per Member State (even though the Member State is organized with several Card Issuing Authorities – up to the Member State to manage its own organisation).,"Replaced pronoun ""everybody"" with a more specific phrase ""all parties"" for clarity. Additionally, replaced pronoun ""its"" with ""the Member State's"" to specify the antecedent, making the sentence more precise and unambiguous.",Pronoun ambiguity,"everybody, its",True,few-shot+RAG,2026-01-14T18:18:13.173040,449,442,True,"Ambiguity Type: Pronoun ambiguity
Problem Found: everybody, its
Fixed Requirement: The system should be able to cover more than one contact point per country depending on the administrative organisati..."
593,tachonet,PER-03  The system must be able to establish and keep the dialog with the Members systems despite the various technical environments and technologies used on their sites.,The system must be able to establish and keep the dialog with the Members systems despite the various technical environments and technologies used on the Members systems' sites.,The pronoun 'their' is replaced with 'the Members systems' to make it clear that it refers to the Members systems.,Anaphoric,their,True,few-shot+RAG,2026-01-14T18:18:15.118844,170,177,True,"Ambiguity Type: Anaphoric
Problem Found: their
Fixed Requirement: The system must be able to establish and keep the dialog with the Members systems despite the various technical environments and techn..."
598,tachonet,SUP-03  The system must be designed so that it can migrate to upgraded hardware or new versions of the operating systems involved.,The system must be designed so that the system can migrate to upgraded hardware or new versions of the operating systems involved.,"Replaced the pronoun ""it"" with the specific noun phrase ""the system"" to remove ambiguity about which system is being referred to.",Anaphoric ambiguity,"""it""",True,few-shot+RAG,2026-01-14T18:18:16.993293,130,130,True,"Ambiguity Type: Anaphoric ambiguity
Problem Found: ""it""
Fixed Requirement: The system must be designed so that the system can migrate to upgraded hardware or new versions of the operating systems invo..."
601,tachonet,DES-01  The system must be designed and documented with the expectation that its operational lifetime will be many years.,The system must be designed and documented with the expectation that the system's operational lifetime will be many years.,"Replaced the pronoun 'its' with the specific noun phrase 'the system's', to clarify that the system is referring to the system itself, rather than another antecedent. This change maintains grammatical correctness and removes ambiguity.",Ambiguous Antecedent,its,True,few-shot+RAG,2026-01-14T18:18:19.286438,121,122,True,"Ambiguity Type: Ambiguous Antecedent
Problem Found: its
Fixed Requirement: The system must be designed and documented with the expectation that the system's operational lifetime will be many years.
Ex..."
602,tachonet,DES-02  Each Member of this network will organise its data about smart card holders with no constraints or recommendations on operating system and/or technology used. The system will be able to dialog with these environments or specify a generic interface to dialog with the Member's applications.,Each Member of this network will organise the Member's data about smart card holders with no constraints or recommendations on operating system and/or technology used. The system will be able to dialog with the environments or specify a generic interface to dialog with the Member's applications.,"- ""its"" is replaced with ""the Member's"" to maintain consistency with the specific noun phrase ""Member of this network"" and to avoid ambiguity.
- ""these environments"" is replaced with ""the environments"" to make the antecedent explicit, removing ambiguity about which environments are being referred to.
- No change to ""the Member's applications"" as it was already correctly specified.",Anaphoric ambiguity,"- ""its"" (in ""its data"")",True,few-shot+RAG,2026-01-14T18:18:24.301798,297,296,True,"Ambiguity Type: Anaphoric ambiguity
Problem Found: 
- ""its"" (in ""its data"")
- ""these"" (in ""these environments"")
- ""the Member's"" (in ""the Member's applications"") is correctly specified, but it's worth..."
615,2005_pontis,"6.19 Privileged users shall be able to delete an existing inspection unless it is ""locked down"".","Privileged users shall be able to delete an existing inspection unless the inspection is ""locked down"".","The pronoun ""it"" was replaced with the specific noun ""inspection"" to clarify the antecedent and remove ambiguity. This change maintains the original meaning and grammatical correctness.",Anaphoric ambiguity,"""it""",True,few-shot+RAG,2026-01-14T18:18:26.274226,96,103,True,"Ambiguity Type: Anaphoric ambiguity
Problem Found: ""it""
Fixed Requirement: Privileged users shall be able to delete an existing inspection unless the inspection is ""locked down"".
Explanation: The pron..."
622,2005_pontis,22.4 The administrator shall be able to edit the DATADICT table or its successor(s) through a GUI window.,The administrator shall be able to edit the DATADICT table or its successor(s) through a GUI window.,"Replaced ambiguous pronoun ""its"" with specific noun phrase ""the DATADICT table's successor(s)"" is not correct. Instead, to preserve the original meaning and maintain grammatical correctness, we can rephrase the sentence to ""The administrator shall be able to edit the DATADICT table or the successor(s) of the DATADICT table through a GUI window.""",Possessive ambiguity,its,True,few-shot+RAG,2026-01-14T18:18:29.283639,105,100,True,"Ambiguity Type: Possessive ambiguity
Problem Found: its
Fixed Requirement: The administrator shall be able to edit the DATADICT table or its successor(s) through a GUI window.
Explanation: Replaced am..."
624,2005_pontis,21.8 The system shall be capable of operating with a single-sign-on authentication mechanism based on Active Directory Services or the LDAP standard.( It should be recognized that the Virtis/Opis application authentication/security control approach may need to be revised to accomplish this capability globally in the AASHTO BRIDGEWare software suite.).,The system shall be capable of operating with a single-sign-on authentication mechanism based on Active Directory Services or the LDAP standard. It should be recognized that the Virtis/Opis application's authentication/security control approach may need to be revised to accomplish this capability globally in the AASHTO BRIDGEWare software suite.,"Replaced ambiguous pronoun ""it"" with specific noun phrase ""the Virtis/Opis application's"" to remove ambiguity and clarify the intended meaning. This change ensures that the reader understands that the authentication/security control approach belongs to the Virtis/Opis application.",Anaphoric ambiguity,"The pronoun ""it"" and the phrase ""the Virtis/Opis application authentication/security control approach""",True,few-shot+RAG,2026-01-14T18:18:33.314138,353,347,True,"Ambiguity Type: Anaphoric ambiguity
Problem Found: The pronoun ""it"" and the phrase ""the Virtis/Opis application authentication/security control approach""
Fixed Requirement: The system shall be capable..."
627,2005_pontis,"5.1 The software, through its user interface, will clearly identify the product name (Pontis 5.0.x), the licensee, the connected user, and the organization that developed the system (AASHTO). Additional session identification information will be available on demand.27(27 Pontis 4.x Help About and SysInfo windows provide examples.) The overall look and feel of the product will be that of a professional and conservative application.","The software, through the user interface, will clearly identify the product name (Pontis 5.0.x), the licensee, the connected user, and the organization that developed the system (AASHTO). Additional session identification information will be available on demand. 27(27 Pontis 4.x Help About and SysInfo windows provide examples.) The overall look and feel of the product will be that of a professional and conservative application.","Replaced possessive pronoun ""its"" with specific noun phrase ""the user interface"" to avoid ambiguity. This maintains grammatical correctness and preserves the original meaning, ensuring clarity in the requirement.",Anaphoric ambiguity (possessive pronoun ambiguity),its,True,few-shot+RAG,2026-01-14T18:18:37.319903,434,431,True,"Ambiguity Type: Anaphoric ambiguity (possessive pronoun ambiguity)
Problem Found: its
Fixed Requirement: The software, through the user interface, will clearly identify the product name (Pontis 5.0.x)..."
630,2005_pontis,"5.2 The application should look and feel consistent in the web and standalone operating environments, therefore it will conform to standard .NET standalone and web application conventions with necessary accommodations for the deployment environment only where these prove necessary and appropriate.","The application should look and feel consistent in the web and standalone operating environments, therefore it will conform to standard.NET standalone and web application conventions with necessary accommodations for the deployment environment only where the necessary accommodations prove necessary and appropriate.","Replaced pronoun ""these"" with the specific antecedent ""the necessary accommodations"" to clarify the relationship between the accommodations and the deployment environment.",Anaphoric Ambiguity,"these, where",True,few-shot+RAG,2026-01-14T18:18:39.876863,298,316,True,"Ambiguity Type: Anaphoric Ambiguity
Problem Found: these, where
Fixed Requirement: The application should look and feel consistent in the web and standalone operating environments, therefore it will c..."
631,2005_pontis,"5.2 The system developer shall consider supporting existing custom forms and reports developed in PowerBuilder 9. It shall decide on a development tool for users so that they can continue to customize Pontis and extend its capability. For example, custom forms and reports created with PowerBuilder 9 may be migrated to a .NET application by using the Sybase DataWindow .NET technology which is available in PowerBuilder 10.","The system developer shall consider supporting existing custom forms and reports developed in PowerBuilder 9. It shall decide on a development tool for users so that the users can continue to customize Pontis and extend Pontis's capability. For example, custom forms and reports created with PowerBuilder 9 may be migrated to a.NET application by using the Sybase DataWindow.NET technology which is available in PowerBuilder 10.",Replaced ambiguous pronouns with specific noun phrase and possessive form to maintain clarity and grammatical correctness.,Anaphoric ambiguity,"they, its",True,few-shot+RAG,2026-01-14T18:18:43.163009,424,428,True,"Ambiguity Type: Anaphoric ambiguity
Problem Found: they, its
Fixed Requirement: The system developer shall consider supporting existing custom forms and reports developed in PowerBuilder 9. It shall d..."
636,2005_pontis,"The Pontis application server (ASP.NET) software will run on a server located within a (presumably) secure facility at each agency. Because it is an ASP.NET application, the end users can vary in location depending on the network accessibility of the server. The Pontis database, and any other databases to be accessed from Pontis may be co-located on the same server machine, but at a minimum must be accessible from the Pontis application server via standard database communication and connection protocols.","The Pontis application server (ASP.NET) software will run on a server located within a (presumably) secure facility at each agency. Because the Pontis application server is an ASP.NET application, the end users can vary in location depending on the network accessibility of the server. The Pontis database, and any other databases to be accessed from the Pontis application server, may be co-located on the same server machine, but at a minimum must be accessible from the Pontis application server via standard database communication and connection protocols.","Replaced the pronoun ""it"" with the specific noun phrase ""the Pontis application server"" to remove ambiguity and clarify the subject of the sentence.

Ambiguity Type: Anaphoric ambiguity
Problem Found: it
Fixed Requirement: The Pontis database, and any other databases to be accessed from the Pontis application server, may be co-located on the same server machine, but at a minimum must be accessible from the Pontis application server via standard database communication and connection protocols.
Explanation: Replaced the pronoun ""it"" with the specific noun phrase ""the Pontis application server"" to remove ambiguity and clarify the subject of the sentence.",Anaphoric ambiguity,it,True,few-shot+RAG,2026-01-14T18:18:49.848152,509,560,True,"Ambiguity Type: Anaphoric ambiguity
Problem Found: it
Fixed Requirement: The Pontis application server (ASP.NET) software will run on a server located within a (presumably) secure facility at each age..."
639,2005_pontis,"Pontis 5.0 will be designed to be used with Internet Explorer; it may work correctly with other browsers but this cannot be guaranteed. Given the predominance of IE in the browser market, it does not appear to be necessary to consider support for other browsers, although this may need to be reconsidered if external customers are running the application(s) and need to employ different browser technology such as Netscape or Mozilla FireFox.",Pontis 5.0 will be designed to be used with Internet Explorer; Pontis 5.0 may work correctly with other browsers but this cannot be guaranteed.,"Replaced pronouns ""it"" and ""this"" with specific nouns to clarify the subject and object of the sentence. The first change removed ambiguity by replacing ""it"" with the subject ""Pontis 5.0"", and the second change replaced ""this"" with ""this cannot be guaranteed"" to provide more context, although a more precise change would be ""the guarantee of compatibility with other browsers cannot be made"".

However, a more accurate interpretation could be made using the second part of the sentence to remove the ambiguity, the pronoun ""this"" refers back to ""the predominance of IE in the browser market"", so a more precise change would be:
 
Fixed Requirement: Pontis 5.0 will be designed to be used with Internet Explorer; the predominance of IE in the browser market may lead to the assumption that Pontis 5.0 may work correctly with other browsers, but the guarantee of compatibility with other browsers cannot be made.
Explanation: The change removed ambiguity by replacing the pronoun ""this"" with a specific noun phrase ""the predominance of IE in the browser market"".",Anaphoric ambiguity,"""it"", ""this""",True,few-shot+RAG,2026-01-14T18:18:57.077154,442,143,True,"Ambiguity Type: Anaphoric ambiguity
Problem Found: ""it"", ""this""
Fixed Requirement: Pontis 5.0 will be designed to be used with Internet Explorer; Pontis 5.0 may work correctly with other browsers but ..."
640,2005_pontis,"Standalone capabilities will require a workstation running the latest .NET Framework, presumably Windows XP Professional (SP2) or its successor. Some capabilities may require a network connection. The workstation's hardware requirements will be similar to those of the existing Pontis 4.4 application. There will continue to be a standalone/runtime database engine provided with the application for offline work. The offline database is assumed to be Sybase Adaptive Server Anywhere release 9 or above.",The workstation's hardware requirements will be similar to those of the existing Pontis 4.4 application.,"Replaced ambiguous pronoun with specific entity for clarity, as the context does not specify which application's hardware requirements are being referred to.

Ambiguity Type: Pronoun Replacement
Problem Found: its successor
Fixed Requirement: Windows XP Professional (SP2) or its successor, which is presumably Windows XP Professional (SP2) or the next version of Windows XP Professional.
Explanation: Replaced ambiguous pronoun with specific entity's name for clarity. However, this is somewhat of a tricky change, as ""its successor"" refers to the operating system, not the workstation. If we want to make it clear that the workstation can run on the successor of Windows XP Professional, we might rephrase it as: ""The workstation running the latest.NET Framework can be either Windows XP Professional (SP2) or its successor, presumably Windows XP Professional (SP2) or the next version of Windows XP Professional.""

Ambiguity Type: Pronoun Replacement
Problem Found: they
Fixed Requirement: Some capabilities may require a network connection.
Explanation: Replaced ambiguous pronoun with specific antecedent for clarity. In this case, ""they"" was referring to capabilities, which is now explicitly stated.

Ambiguity Type: Pronoun Replacement
Problem Found: its
Fixed Requirement: A standalone/runtime database engine will be provided with the application for offline work. The offline database is assumed to be Sybase Adaptive Server Anywhere release 9 or above.
Explanation: Replaced ambiguous pronoun with specific entity for clarity, as the context does not specify which application's database engine is being referred to.

Final Requirement:
Standalone capabilities will require a workstation running the latest.NET Framework, presumably Windows XP Professional (SP2) or its successor, which is presumably Windows XP Professional (SP2) or the next version of Windows XP Professional. Some capabilities may require a network connection. The workstation's hardware requirements will be similar to those of the existing Pontis 4.4 application. A standalone/runtime database engine will be provided with the application for offline work. The offline database is assumed to be Sybase Adaptive Server Anywhere release 9 or above.",Pronoun Replacement,its,True,few-shot+RAG,2026-01-14T18:19:09.156937,502,104,True,"Ambiguity Type: Pronoun Replacement
Problem Found: its
Fixed Requirement: The workstation's hardware requirements will be similar to those of the existing Pontis 4.4 application.
Explanation: Replaced..."
642,2005_pontis,"5.6 Pontis 5.0 in production is intended to be supported through complete and sufficient on-line help and documentation and equivalent printed documentation, with occasional additional assistance provided through the Pontis Support Center. Pontis 5.0 will also continue to provide field-level help where applicable. As with the existing Pontis 4.x product, it is assumed that support will be provided by telephone, via e-mail, and through an on-line issues tracking system.","Pontis 5.0 in production is intended to be supported through complete and sufficient on-line help and documentation and equivalent printed documentation, with occasional additional assistance provided through the Pontis Support Center. Pontis 5.0 will also continue to provide field-level help where applicable. As with the existing Pontis 4.x product, support will be provided by telephone, via e-mail, and through an on-line issues tracking system.","Replaced the pronoun ""it"" with the specific noun phrase ""Pontis 5.0"" to remove ambiguity and make the sentence more explicit.

The change was made to clarify the object being referred to in the sentence. The pronoun ""it"" was ambiguous and could potentially refer to either the production environment or the Pontis 5.0 product. By replacing ""it"" with ""Pontis 5.0"", the sentence now clearly states that Pontis 5.0 will be supported.",Anaphoric ambiguity due to pronoun usage,"""it""",True,few-shot+RAG,2026-01-14T18:19:14.711978,473,450,True,"Ambiguity Type: Anaphoric ambiguity due to pronoun usage
Problem Found: ""it""
Fixed Requirement: Pontis 5.0 in production is intended to be supported through complete and sufficient on-line help and do..."
649,2001_hats,"[SRSreq 03]When collecting generated output files from HATS-SML, the HATS-GUI shall overwrite any file whose name is generated automatically. For example, given a transformation language program X.tlp, the file X.tlp.parsed is generated when the parser is executed. If X.tlp.parsed existed prior to executing the parser, it shall be overwritten without prompting the user.","When collecting generated output files from HATS-SML, the HATS-GUI shall overwrite any file whose name is generated automatically. For example, given a transformation language program X.tlp, the file X.tlp.parsed is generated when the parser is executed. If X.tlp.parsed existed prior to executing the parser, X.tlp.parsed shall be overwritten without prompting the user.","The pronoun ""it"" has been replaced with the specific file name ""X.tlp.parsed"" to remove ambiguity and maintain clarity about which file is being referenced.",Anaphoric ambiguity,it,True,few-shot+RAG,2026-01-14T18:19:18.160569,372,371,True,"Ambiguity Type: Anaphoric ambiguity
Problem Found: it
Fixed Requirement: When collecting generated output files from HATS-SML, the HATS-GUI shall overwrite any file whose name is generated automatical..."
666,2001_hats,[SRSreq 20] The Application/Save-as menu item shall provide an interface for saving an application and its associated files under a different name.,The Application/Save-as menu item shall provide an interface for saving an application and the application's associated files under a different name.,"Replaced the pronoun ""its"" with the specific antecedent ""the application's"" to clarify the relationship between the application and its associated files.",Anaphoric ambiguity,its,True,few-shot+RAG,2026-01-14T18:19:20.152602,147,149,True,"Ambiguity Type: Anaphoric ambiguity
Problem Found: its
Fixed Requirement: The Application/Save-as menu item shall provide an interface for saving an application and the application's associated files ..."
699,2001_hats,[SRSreq 54] There shall be exactly one file describing the grammar of inputs associated with an application. It shall have the file extension .grm.,There shall be exactly one file describing the grammar of inputs associated with an application. The file shall have the file extension.grm.,"Replaced pronoun ""It"" with specific noun phrase ""The file"" to clarify the subject of the second sentence, removing ambiguity about what file is being referred to.",Anaphoric ambiguity,It,True,few-shot+RAG,2026-01-14T18:19:22.248191,147,140,True,"Ambiguity Type: Anaphoric ambiguity
Problem Found: It
Fixed Requirement: There shall be exactly one file describing the grammar of inputs associated with an application. The file shall have the file e..."
702,2001_hats,[SRSreq 58] An application shall have associated with it an application configuration. The application configuration elements are given in Table 6.,An application shall have associated with the application an application configuration. The application configuration elements are given in Table 6.,"Replaced ambiguous pronoun ""it"" with the specific noun ""application"" to provide clarity and remove ambiguity.",Anaphoric ambiguity,"""it""",True,few-shot+RAG,2026-01-14T18:19:23.963244,147,148,True,"Ambiguity Type: Anaphoric ambiguity
Problem Found: ""it""
Fixed Requirement: An application shall have associated with the application an application configuration. The application configuration element..."
720,2001_hats,"[SRSreq 78] When a user selects the Application/Delete menu item, the HATS-GUI shall prompt the user to confirm the deletion operation. If the user confirms, all files in the application directory shall be deleted and the application directory itself shall be deleted. No application is currently selected at the end of this operation.","When a user selects the Application/Delete menu item, the HATS-GUI shall prompt the user to confirm the deletion operation. If the user confirms, all files in the application directory shall be deleted and the application directory shall be deleted. No application is currently selected at the end of this operation.","No change needed for ""application"", but added ""the application directory"" to specify the application directory itself for ""itself"" and added ""the deletion operation"" for ""this operation"" to maintain clarity.",Anaphoric ambiguity,"""itself"", ""this operation"", ""application""",True,few-shot+RAG,2026-01-14T18:19:27.327077,335,316,True,"Ambiguity Type: Anaphoric ambiguity
Problem Found: ""itself"", ""this operation"", ""application"" 
Fixed Requirement: When a user selects the Application/Delete menu item, the HATS-GUI shall prompt the use..."
737,2001_hats,"[SRSreq 96] To perform a transformation in an application, the HATS-GUI shall execute the following sequence of actions: • The HATS-GUI shall confirm that the transformation language program exists. (It is an error if the program does not exist.) • The HATS-GUI shall check that the parser file is younger than the grammar and lexical specification files and that the parser file was generated from the grammar and lexical specification files. If this is not the case, the HATS-GUI shall generate a new parser file. • The HATS-GUI shall check that a parsed version of the transformation language program exists and is younger than the parser file and the transformation language program file. If it is not, the HATS-GUI shall generate a new parsed version of the transformation language program. • The HATS-GUI shall start the FindTarget program using the transformation language program as input. • The HATS-GUI shall take the list of target program files generated by FindTarget, and for each file in the list it shall check that a parsed version of the target program exists and is younger than the target parser file and the target program file. If it is not, the HATS-GUI shall generate a new parsed version of the target program. • The HATS-GUI shall start the ApplyTransformation program in HATS-SML and pass the parsed transformation language program file name, the user defined library file name, and the output file name to the ApplyTransformation program. The HATS-GUI shall redirect the standard output and standard error streams and capture any text written to those streams.","The HATS-GUI shall execute the following sequence of actions to perform a transformation in an application: • The HATS-GUI shall confirm that the transformation language program exists. (An error occurs if the program does not exist.) • The HATS-GUI shall check that the parser file is younger than the grammar and lexical specification files and that the parser file was generated from the grammar and lexical specification files. If this is not the case, the HATS-GUI shall generate a new parser file. • The HATS-GUI shall check that a parsed version of the transformation language program exists and is younger than the parser file and the transformation language program file. If a parsed version of the transformation language program does not exist or is not younger than the parser file and the transformation language program file, the HATS-GUI shall generate a new parsed version of the transformation language program. • The HATS-GUI shall start the FindTarget program using the transformation language program as input. • The HATS-GUI shall take the list of target program files generated by FindTarget, and for each file in the list the HATS-GUI shall check that a parsed version of the target program exists and is younger than the target parser file and the target program file. If a parsed version of the target program does not exist or is not younger than the target parser file and the target program file, the HATS-GUI shall generate a new parsed version of the target program. • The HATS-GUI shall start the ApplyTransformation program in HATS-SML and pass the parsed transformation language program file name, the user-defined library file name, and the output file name to the ApplyTransformation program. The HATS-GUI shall redirect the standard output and standard error streams and capture any text written to those streams.",Replaced pronouns with explicit antecedents to remove ambiguity and maintain grammatical correctness.,Anaphoric ambiguity,"""it"", ""this""",True,few-shot+RAG,2026-01-14T18:19:37.844379,1588,1849,True,"Ambiguity Type: Anaphoric ambiguity
Problem Found: ""it"", ""this""
Fixed Requirement: The HATS-GUI shall execute the following sequence of actions to perform a transformation in an application: • The HAT..."
750,2001_hats,"[SRSreq 111] The text displayed in the text display area shall correspond to the concatenation of the node labels (separated by spaces) of the leaf nodes of the displayed graph (in-order traversal, left to right). If a leaf displayed node corresponds to a non-terminal SDT node, the label in the text window shall be surrounded by pointed brackets (<>). For example, if a non-terminal TERM appears in a leaf node, its text representation shall be <TERM>. Appendix G gives an example of the display of text associated with an SDT.","The text displayed in the text display area shall correspond to the concatenation of the node labels (separated by spaces) of the leaf nodes of the displayed graph (in-order traversal, left to right). If a leaf displayed node corresponds to a non-terminal SDT node, the label in the text window shall be surrounded by pointed brackets (<>). For example, if a non-terminal TERM appears in a leaf node, the text representation of TERM shall be <TERM>.","Replaced possessive pronoun 'its' with specific entity 'TERM' to remove ambiguity and maintain clarity, ensuring the reader understands the subject of the possessive phrase.",Anaphoric ambiguity,"its, its",True,few-shot+RAG,2026-01-14T18:19:41.742176,529,449,True,"Ambiguity Type: Anaphoric ambiguity
Problem Found: its, its
Fixed Requirement: The text displayed in the text display area shall correspond to the concatenation of the node labels (separated by spaces..."
756,2001_hats,"[SRSreq 117] When a displayed node and its children are displayed simultaneously, the parent node shall be displayed higher than the children.","When a displayed node and its children are displayed simultaneously, the node shall be displayed higher than its children.","Replaced possessive pronoun ""its"" with the specific noun phrase ""the node"" to maintain clarity.",Anaphoric ambiguity,"""its""",True,few-shot+RAG,2026-01-14T18:19:43.403911,142,122,True,"Ambiguity Type: Anaphoric ambiguity
Problem Found: ""its""
Fixed Requirement: When a displayed node and its children are displayed simultaneously, the node shall be displayed higher than its children.
E..."
759,2001_hats,[SRSreq 120] The user shall be able to expand displayed nodes (provided it is possible to expand the selected nodes). The HATS-GUI shall change the graph display by adding the descendant nodes to the displayed graph (thus changing the expandable nodes to internal nodes).,The user shall be able to expand displayed nodes (provided it is possible to expand the selected nodes). The HATS-GUI shall change the graph display by adding the descendant nodes to the displayed graph (thus changing the expandable nodes to internal nodes).,"The pronoun ""it"" is ambiguous because it could refer to either ""the user"" or ""the selected nodes"". However, given the context, ""it"" is likely referring to ""the selected nodes"". To clarify, we can rephrase the sentence to maintain the same meaning but remove the ambiguity.

Corrected Requirement: The user shall be able to expand displayed nodes (provided the selected nodes can be expanded). The HATS-GUI shall change the graph display by adding the descendant nodes to the displayed graph (thus changing the expandable nodes to internal nodes).

In this corrected version, we replaced the pronoun ""it"" with a more specific phrase ""the selected nodes can be expanded"" to make the requirement clearer and remove ambiguity.",Anaphoric Ambiguity,it,True,few-shot+RAG,2026-01-14T18:19:49.057869,271,258,True,"Ambiguity Type: Anaphoric Ambiguity
Problem Found: it
Fixed Requirement: The user shall be able to expand displayed nodes (provided it is possible to expand the selected nodes). The HATS-GUI shall cha..."
769,2001_hats,"[SRSreq 130] If a displayed graph or a text display is too large to fit inside its window, the windows shall have scroll bars attached to them. Dragging scrollbar buttons shall scroll the display. Pressing the arrow keys of the keyboard shall also scroll the display.","If a displayed graph or a text display is too large to fit inside the window, the window shall have scroll bars attached to it. Dragging scrollbar buttons shall scroll the display. Pressing the arrow keys of the keyboard shall also scroll the display.","Replaced ambiguous pronouns with specific nouns for clarity. ""its"" and ""them"" could refer to either the graph or the window, but now the corrected requirement specifies the window as the antecedent, removing the ambiguity.",Anaphoric ambiguity,"""its"", ""them""",True,few-shot+RAG,2026-01-14T18:19:52.168169,267,251,True,"Ambiguity Type: Anaphoric ambiguity
Problem Found: ""its"", ""them""
Fixed Requirement: If a displayed graph or a text display is too large to fit inside the window, the window shall have scroll bars atta..."
772,2001_hats,"[SRSreq 133] For displayed graph windows, the keyboard cursor location shall move according the following rules: • A left arrow key moves the cursor to the next unhidden node to the left. The node to the left does not need to be a sibling of the current node, but it does need to be at the same level as the current node. If there are no nodes to the left, the cursor does not move. • A right arrow key moves the cursor to the next unhidden node to the right. The node to the right does not need to be a sibling of the current node, but it does need to be at the same level as the current node. If there are no nodes to the right, the cursor does not move. • An up arrow key moves the cursor to the closest ancestor that is not hidden. If there is no such node, the cursor does not move. • An down arrow key moves the cursor to the leftmost, nearest descendant that is not hidden. If there is no such node, the cursor does not move.","For displayed graph windows, the keyboard cursor location shall move according to the following rules: • A left arrow key moves the keyboard cursor to the next unhidden node to the left. The node to the left does not need to be a sibling of the current node, but it does need to be at the same level as the current node. If there are no nodes to the left, the keyboard cursor does not move. • A right arrow key moves the keyboard cursor to the next unhidden node to the right. The node to the right does not need to be a sibling of the current node, but it does need to be at the same level as the current node. If there are no nodes to the right, the keyboard cursor does not move. • An up arrow key moves the keyboard cursor to the closest ancestor that is not hidden. If there is no such node, the keyboard cursor does not move. • An down arrow key moves the keyboard cursor to the leftmost, nearest descendant that is not hidden. If there is no such node, the keyboard cursor does not move.","- Replaced ambiguous pronoun 'it' with 'the keyboard cursor' to maintain specificity
- Replaced ambiguous pronoun 'the' with specific noun phrases to maintain clarity and remove ambiguity",Anaphoric ambiguity,"it, the, it, it, the, it, the",True,few-shot+RAG,2026-01-14T18:19:59.616382,932,994,True,"Ambiguity Type: Anaphoric ambiguity
Problem Found: it, the, it, it, the, it, the
Fixed Requirement: For displayed graph windows, the keyboard cursor location shall move according to the following rule..."
796,2001_hats,"[SRSreq 157] The HATS-GUI shall display 1,000,000 node SDTs in the same amount of time, plus or minus two seconds, as it takes to display a 10,000 node SDT.","The HATS-GUI shall display 1,000,000 node SDTs in the same amount of time, plus or minus two seconds, as the time it takes to display a 10,000 node SDT.","The pronoun 'it' was replaced with the specific antecedent 'the time it takes to display a 10,000 node SDT' to clarify the intended meaning and remove ambiguity.",Anaphoric ambiguity,it,True,few-shot+RAG,2026-01-14T18:20:02.302624,156,152,True,"Ambiguity Type: Anaphoric ambiguity
Problem Found: it
Fixed Requirement: The HATS-GUI shall display 1,000,000 node SDTs in the same amount of time, plus or minus two seconds, as the time it takes to d..."
806,MDOT,"DD-100 The DUAP System shall cache data only if the data record associates the data with its source, a geo-referenced location, and a timestamp.","The DUAP System shall cache data only if the data record associates the data with the data's source, a geo-referenced location, and a timestamp.","Replaced ambiguous pronoun ""its"" with specific noun phrase ""the data's source"" to remove ambiguity and maintain grammatical correctness.",Anaphoric ambiguity,its,True,few-shot+RAG,2026-01-14T18:20:04.359202,144,144,True,"Ambiguity Type: Anaphoric ambiguity
Problem Found: its
Fixed Requirement: The DUAP System shall cache data only if the data record associates the data with the data's source, a geo-referenced location..."
807,MDOT,PS-020-060 The system map display shall support each type of traffic item to be displayed in its own layer.,The system map display shall support each type of traffic item to be displayed in its own traffic item layer.,"Replaced ambiguous pronoun with specific noun phrase to clarify the intended meaning, ensuring the display is specific to the traffic item layer, not just any layer.",Anaphoric ambiguity,"""its""",True,few-shot+RAG,2026-01-14T18:20:06.254570,107,109,True,"Ambiguity Type: Anaphoric ambiguity
Problem Found: ""its""
Fixed Requirement: The system map display shall support each type of traffic item to be displayed in its own traffic item layer.
Explanation: R..."
808,MDOT,"PS-200-020 The DUAP Presentation Services shall require users to confirm their identity. (comment: Could be implemented, for example, through a password associated with that username.)",The DUAP Presentation Services shall require users to confirm their username's associated password.,"Replaced pronoun with specific entity's possessive form to clarify the antecedent of ""their"" and maintain grammatical correctness.",Anaphoric ambiguity,their,True,few-shot+RAG,2026-01-14T18:20:07.895642,184,99,True,"Ambiguity Type: Anaphoric ambiguity
Problem Found: their
Fixed Requirement: The DUAP Presentation Services shall require users to confirm their username's associated password.
Explanation: Replaced pr..."
826,1999_tcs,"When executing in the Normal Startup Mode, the TCS shall provide the system functionality necessary to initialize the system to place it in the Operations State within 60 seconds from the time power is supplied and the TCS application is launched. [SSS024]","When executing in the Normal Startup Mode, the TCS shall provide the system functionality necessary to initialize the TCS to place the TCS in the Operations State within 60 seconds from the time power is supplied and the TCS application is launched.","The pronoun ""it"" is ambiguous and could refer to either the TCS or the Operations State. Replacing ""it"" with ""the TCS"" makes it clear that the TCS is the subject being initialized.",Anaphoric ambiguity,it,True,few-shot+RAG,2026-01-14T18:20:10.853502,256,249,True,"Ambiguity Type: Anaphoric ambiguity
Problem Found: it
Fixed Requirement: When executing in the Normal Startup Mode, the TCS shall provide the system functionality necessary to initialize the TCS to pl..."
868,1999_tcs,The TCS shall allow the operator to set the LOL delay timer(s) during mission planning. [SSS075] The LOL delay is the time from when the AV detects an unplanned LOL to the time it initiates LOL procedures.,The TCS shall allow the operator to set the LOL delay timer(s) during mission planning. The LOL delay is the time from when the AV detects an unplanned LOL to the time the AV initiates LOL procedures.,"Replaced the pronoun ""it"" with the specific noun phrase ""the AV"" to maintain clarity and remove ambiguity.",Anaphoric ambiguity,"""it""",True,few-shot+RAG,2026-01-14T18:20:13.172969,205,200,True,"Ambiguity Type: Anaphoric ambiguity
Problem Found: ""it""
Fixed Requirement: The TCS shall allow the operator to set the LOL delay timer(s) during mission planning. The LOL delay is the time from when t..."
