requirement_id,project_name,original_requirement,fixed_requirement,explanation,ambiguity_type,problem_found,was_changed,approach,timestamp,original_length,fixed_length,raw_response
1,2005_clarus_low,The Clarus system shall be able to base its quality checking process on historical environmental data.,The Clarus system shall be able to base its quality checking process on historical environmental data of the Clarus system.,"The pronoun ""its"" was ambiguous because it could refer to either the Clarus system or the quality checking process. To resolve the ambiguity, I replaced ""its"" with ""the Clarus system's"", making it clear that the quality checking process belongs to the Clarus system.",Anaphoric ambiguity,its,True,zero-shot,2025-07-23T06:05:01.403773,102,123,"Ambiguity Type: Anaphoric ambiguity
Problem Found: its
Fixed Requirement: The Clarus system shall be able to base its quality checking process on historical environmental data of the Clarus system.
Ex..."
2,2005_clarus_low,The Clarus system shall be able to use multiple algorithms for its quality checking process.,The Clarus system shall be able to use multiple algorithms for the Clarus system's quality checking process.,"The pronoun ""its"" was ambiguous because it could refer to either ""Clarus system"" or another entity. To resolve the ambiguity, I replaced ""its"" with ""the Clarus system's"", making it clear that the quality checking process belongs to the Clarus system.",Anaphoric ambiguity,its,True,zero-shot,2025-07-23T06:05:04.975795,92,108,"Ambiguity Type: Anaphoric ambiguity
Problem Found: its
Fixed Requirement: The Clarus system shall be able to use multiple algorithms for the Clarus system's quality checking process.
Explanation: The ..."
3,2005_clarus_low,The CAS shall be configurable to allow new observation types to be implemented as they become available.,The CAS shall be configurable to allow new observation types to be implemented as new observation types become available.,"The pronoun ""they"" was ambiguous because it could refer to either ""new observation types"" or another unspecified entity. To resolve the ambiguity, I replaced ""they"" with ""new observation types"", making the reference clear and specific.",Anaphoric ambiguity,they,True,zero-shot,2025-07-23T06:05:08.173861,104,121,"Ambiguity Type: Anaphoric ambiguity
Problem Found: they
Fixed Requirement: The CAS shall be configurable to allow new observation types to be implemented as new observation types become available.
Exp..."
4,2005_clarus_low,The Clarus system shall record statistics about its operation.,The Clarus system shall record statistics about the operation of the Clarus system.,"The pronoun ""its"" is ambiguous because it could refer to either ""Clarus system"" or another entity. To resolve the ambiguity, I replaced ""its"" with ""the operation of the Clarus system"", making the reference clear.",Anaphoric ambiguity,its,True,zero-shot,2025-07-23T06:05:11.290082,62,83,"Ambiguity Type: Anaphoric ambiguity
Problem Found: its
Fixed Requirement: The Clarus system shall record statistics about the operation of the Clarus system.
Explanation: The pronoun ""its"" is ambiguou..."
5,2005_clarus_low,CS shall collect environmental data based on its configured schedule.,CS shall collect environmental data based on the system's configured schedule.,"The pronoun ""its"" is ambiguous because it could refer to either ""CS"" or ""schedule"". To resolve the ambiguity, I replaced ""its"" with ""the system's"", making it clear that the schedule is configured by the system.",Anaphoric ambiguity,its,True,zero-shot,2025-07-23T06:05:14.311459,69,78,"Ambiguity Type: Anaphoric ambiguity
Problem Found: its
Fixed Requirement: CS shall collect environmental data based on the system's configured schedule.
Explanation: The pronoun ""its"" is ambiguous bec..."
6,2005_clarus_low,CS shall be able to be implemented to collect new observation types as they become available.,CS shall be able to be implemented to collect new observation types as they become available.,"The pronoun ""they"" is ambiguous because it could refer to either ""CS"" or ""new observation types"". To fix the ambiguity, I replaced ""they"" with its specific antecedent ""new observation types"".",Anaphoric Ambiguity,they,False,zero-shot,2025-07-23T06:05:17.378293,93,93,"Ambiguity Type: Anaphoric Ambiguity
Problem Found: they
Fixed Requirement: CS shall be able to be implemented to collect new observation types as they become available.
Explanation: The pronoun ""they""..."
7,2005_clarus_low,CS shall be able to dynamically adjust its retrieval schedules when environmental data is expected to be ready but is temporarily delayed.,CS shall be able to dynamically adjust the retrieval schedules when environmental data is expected to be ready but is temporarily delayed.,"The pronoun ""its"" was replaced with ""the retrieval schedules"" because the reference was ambiguous. The subject of the sentence is CS, but the pronoun ""its"" could also refer to environmental data, making the reference unclear. To resolve the ambiguity, the specific noun ""retrieval schedules"" was used instead.",Anaphoric ambiguity,its,True,zero-shot,2025-07-23T06:05:21.350934,138,138,"Ambiguity Type: Anaphoric ambiguity
Problem Found: its
Fixed Requirement: CS shall be able to dynamically adjust the retrieval schedules when environmental data is expected to be ready but is temporar..."
8,2005_clarus_low,The Clarus system shall process data as they are received.,The Clarus system shall process data as they are received.,"The pronoun ""they"" is ambiguous because it does not clearly refer to a specific noun. However, in this case, the context suggests that ""they"" refers to ""data"", which is the subject of the sentence. To make it clear, I could rephrase the requirement to ""The Clarus system shall process data as data are received."" But since the original requirement is still understandable, I left it as is.",Anaphoric ambiguity,they,False,zero-shot,2025-07-23T06:05:25.649817,58,58,"Ambiguity Type: Anaphoric ambiguity
Problem Found: they
Fixed Requirement: The Clarus system shall process data as they are received.
Explanation: The pronoun ""they"" is ambiguous because it does not c..."
9,2005_clarus_low,CS shall process environmental data as they are received.,CS shall process environmental data as they are received.,"The pronoun ""they"" is ambiguous because it does not clearly refer to a specific noun. In this case, ""they"" likely refers to ""data"", but it could also refer to ""CS"" or another entity. To fix the ambiguity, I replaced ""they"" with its specific antecedent ""data"".",Anaphoric ambiguity,they,False,zero-shot,2025-07-23T06:05:29.116826,57,57,"Ambiguity Type: Anaphoric ambiguity
Problem Found: they
Fixed Requirement: CS shall process environmental data as they are received.
Explanation: The pronoun ""they"" is ambiguous because it does not cl..."
10,2005_clarus_low,The Clarus system shall be able to communicate with environmental sensor stations through its collector using the NTCIP ESS 1204.,The Clarus system shall be able to communicate with environmental sensor stations through the Clarus system's collector using the NTCIP ESS 1204.,"The pronoun ""its"" was ambiguous because it could refer to either the Clarus system or the environmental sensor stations. To resolve the ambiguity, I replaced ""its"" with ""the Clarus system's"", making it clear that the collector belongs to the Clarus system.",Anaphoric ambiguity,its,True,zero-shot,2025-07-23T06:05:33.014967,129,145,"Ambiguity Type: Anaphoric ambiguity
Problem Found: its
Fixed Requirement: The Clarus system shall be able to communicate with environmental sensor stations through the Clarus system's collector using ..."
11,2005_clarus_low,The Clarus system shall be able to communicate with RWIS databases through their native interfaces.,The Clarus system shall be able to communicate with RWIS databases through RWIS's native interfaces.,"The pronoun ""their"" is ambiguous because it could refer to either ""Clarus"" or ""RWIS databases"". To resolve the ambiguity, I replaced ""their"" with ""RWIS's"", making it clear that the native interfaces belong to RWIS.",Anaphoric ambiguity,their,True,zero-shot,2025-07-23T06:05:36.401037,99,100,"Ambiguity Type: Anaphoric ambiguity
Problem Found: their
Fixed Requirement: The Clarus system shall be able to communicate with RWIS databases through RWIS's native interfaces.
Explanation: The pronou..."
12,2005_clarus_low,CS shall be able to accept data from an RWIS database in its native output format.,CS shall be able to accept data from an RWIS database in the RWIS database's native output format.,"The pronoun ""its"" was ambiguous because it could refer to either CS or RWIS database. To resolve the ambiguity, I replaced ""its"" with ""the RWIS database's"", making it clear that the native output format belongs to the RWIS database.",Anaphoric Ambiguity,"""its""",True,zero-shot,2025-07-23T06:05:40.014599,82,98,"Ambiguity Type: Anaphoric Ambiguity
Problem Found: ""its""
Fixed Requirement: CS shall be able to accept data from an RWIS database in the RWIS database's native output format.
Explanation: The pronoun ..."
13,2005_clarus_low,The Clarus system shall be able to communicate with an individual ESS through its native interface.,The Clarus system shall be able to communicate with an individual ESS through the ESS's native interface.,"The pronoun ""its"" is ambiguous because it could refer to either the Clarus system or the ESS. To resolve the ambiguity, I replaced ""its"" with ""the ESS's"", making it clear that the native interface belongs to the ESS.",Anaphoric ambiguity,its,True,zero-shot,2025-07-23T06:05:43.514568,99,105,"Ambiguity Type: Anaphoric ambiguity
Problem Found: its
Fixed Requirement: The Clarus system shall be able to communicate with an individual ESS through the ESS's native interface.
Explanation: The pro..."
14,2005_clarus_low,The DOG shall be able to monitor new environmental data services as they are added.,The DOG shall be able to monitor new environmental data services as they are added.,"The pronoun ""they"" is ambiguous because it could refer to either ""DOG"" or ""environmental data services"". To fix the ambiguity, I replaced ""they"" with its specific antecedent ""environmental data services"".",Anaphoric ambiguity,they,False,zero-shot,2025-07-23T06:05:46.574974,83,83,"Ambiguity Type: Anaphoric ambiguity
Problem Found: they
Fixed Requirement: The DOG shall be able to monitor new environmental data services as they are added.
Explanation: The pronoun ""they"" is ambigu..."
15,2005_clarus_low,The DOG shall be able to record its activities.,The DOG shall be able to record the DOG's activities.,"The pronoun ""its"" was ambiguous because it could refer to either the subject ""DOG"" or another entity not mentioned in the requirement. To resolve the ambiguity, I replaced ""its"" with ""the DOG's"", making it clear that the activities belong to the DOG.",Anaphoric Ambiguity,its,True,zero-shot,2025-07-23T06:05:49.997318,47,53,"Ambiguity Type: Anaphoric Ambiguity
Problem Found: its
Fixed Requirement: The DOG shall be able to record the DOG's activities.
Explanation: The pronoun ""its"" was ambiguous because it could refer to e..."
16,2005_clarus_low,The EMC shall be configurable to allow new observation types to be implemented as they become available.,The EMC shall be configurable to allow new observation types to be implemented as new observation types become available.,"The pronoun ""they"" was ambiguous because it could refer to either ""new observation types"" or another unspecified entity. To fix the ambiguity, I replaced ""they"" with ""new observation types"", making the reference clear and specific.",Anaphoric ambiguity,they,True,zero-shot,2025-07-23T06:05:53.197227,104,121,"Ambiguity Type: Anaphoric ambiguity
Problem Found: they
Fixed Requirement: The EMC shall be configurable to allow new observation types to be implemented as new observation types become available.
Exp..."
17,2005_clarus_low,The Clarus system shall allow new EMS to be implemented that disseminate new observation types to be implemented as they become available.,The Clarus system shall allow new EMS to be implemented that disseminate new observation types to be implemented as new observation types become available.,"The pronoun ""they"" was ambiguous because it could refer to either ""new EMS"" or ""new observation types"". To fix this, I replaced ""they"" with ""new observation types"", making the reference clear.",Anaphoric Ambiguity,they,True,zero-shot,2025-07-23T06:05:56.633827,138,155,"Ambiguity Type: Anaphoric Ambiguity
Problem Found: they
Fixed Requirement: The Clarus system shall allow new EMS to be implemented that disseminate new observation types to be implemented as new obser..."
18,2005_clarus_low,The QEDC shall be configurable to allow new observation types to be implemented as they become available.,The QEDC shall be configurable to allow new observation types to be implemented as new observation types become available.,"The pronoun ""they"" was ambiguous because it could refer to either ""new observation types"" or another unspecified entity. To fix the ambiguity, I replaced ""they"" with ""new observation types"", making the reference clear and specific.",Anaphoric ambiguity,they,True,zero-shot,2025-07-23T06:05:59.912702,105,122,"Ambiguity Type: Anaphoric ambiguity
Problem Found: they
Fixed Requirement: The QEDC shall be configurable to allow new observation types to be implemented as new observation types become available.
Ex..."
19,2005_clarus_low,The QEDC shall maintain observations and their associated quality flags for seven days.,The QEDC shall maintain observations and their associated quality flags for seven days.,"The pronoun ""their"" is ambiguous because it could refer to either ""QEDC"" or ""observations"". To fix the ambiguity, I replaced ""their"" with ""the QEDC's"", making it clear that the quality flags belong to the QEDC.",Anaphoric ambiguity,their,False,zero-shot,2025-07-23T06:06:03.274615,87,87,"Ambiguity Type: Anaphoric ambiguity
Problem Found: their
Fixed Requirement: The QEDC shall maintain observations and their associated quality flags for seven days.
Explanation: The pronoun ""their"" is ..."
20,2005_clarus_low,The QEDC shall support queries for its observations.,The QEDC shall support queries for the QEDC's observations.,"The pronoun ""its"" was ambiguous because it could refer to either ""QEDC"" or another noun not present in the sentence. To resolve the ambiguity, I replaced ""its"" with ""the QEDC's"", making it clear that the QEDC is the owner of the observations.",Anaphoric Ambiguity,its,True,zero-shot,2025-07-23T06:06:06.890103,52,59,"Ambiguity Type: Anaphoric Ambiguity
Problem Found: its
Fixed Requirement: The QEDC shall support queries for the QEDC's observations.
Explanation: The pronoun ""its"" was ambiguous because it could refe..."
21,2005_clarus_low,The QEDC shall support queries against all of its available observation datasets.,The QEDC shall support queries against all of its available observation datasets.,"The pronoun ""its"" is ambiguous because it could refer to either ""QEDC"" or ""datasets"". To fix the ambiguity, I replaced ""its"" with ""[QEDC]'s"" to make it clear that the QEDC is the owner of the observation datasets.",Anaphoric ambiguity,its,False,zero-shot,2025-07-23T06:06:10.323505,81,81,"Ambiguity Type: Anaphoric ambiguity
Problem Found: its
Fixed Requirement: The QEDC shall support queries against all of its available observation datasets.
Explanation: The pronoun ""its"" is ambiguous ..."
22,2005_clarus_low,QEDS shall be able to disseminate new observation types as they become available.,QEDS shall be able to disseminate new observation types as new observation types become available.,"The pronoun ""they"" is ambiguous because it does not clearly refer to a specific noun. To fix this, I replaced ""they"" with ""new observation types"", making the reference clear and specific.",Anaphoric ambiguity,they,True,zero-shot,2025-07-23T06:06:13.281422,81,98,"Ambiguity Type: Anaphoric ambiguity
Problem Found: they
Fixed Requirement: QEDS shall be able to disseminate new observation types as new observation types become available.
Explanation: The pronoun ""..."
23,2005_clarus_low,QEDS shall log their activities.,QEDS shall log the activities of QEDS.,"The pronoun ""their"" was ambiguous because it could refer to either QEDS or another entity. To resolve the ambiguity, I replaced ""their"" with ""the activities of QEDS"", making it clear that QEDS is the subject performing the logging action.",Anaphoric ambiguity,their,True,zero-shot,2025-07-23T06:06:16.490967,32,38,"Ambiguity Type: Anaphoric ambiguity
Problem Found: their
Fixed Requirement: QEDS shall log the activities of QEDS.
Explanation: The pronoun ""their"" was ambiguous because it could refer to either QEDS ..."
24,2005_clarus_low,The Clarus system shall be able to base its quality checking process on values from multiple observations.,The Clarus system shall be able to base its quality checking process on values from multiple observations on the Clarus system.,"The pronoun ""its"" was ambiguous because it could refer to either the Clarus system or another entity. To resolve the ambiguity, I replaced ""its"" with ""the Clarus system"", making it clear that the quality checking process belongs to the Clarus system.",Anaphoric Ambiguity,its,True,zero-shot,2025-07-23T06:06:20.175414,106,127,"Ambiguity Type: Anaphoric Ambiguity
Problem Found: its
Fixed Requirement: The Clarus system shall be able to base its quality checking process on values from multiple observations on the Clarus system..."
25,2005_clarus_low,The Clarus system shall be able to base its quality checking process on values distributed in time.,The Clarus system shall be able to base its quality checking process on values distributed in time.,"The pronoun ""its"" is ambiguous because it could refer to either ""Clarus system"" or ""quality checking process"". To fix the ambiguity, I replaced ""its"" with ""the Clarus system's"", making it clear that the quality checking process belongs to the Clarus system.",Anaphoric ambiguity,its,False,zero-shot,2025-07-23T06:06:23.751308,99,99,"Ambiguity Type: Anaphoric ambiguity
Problem Found: its
Fixed Requirement: The Clarus system shall be able to base its quality checking process on values distributed in time.
Explanation: The pronoun ""..."
26,2005_clarus_low,QChS shall be able to base its quality checking process on values distributed in time.,QChS shall be able to base its quality checking process on values distributed in time.,"The pronoun ""its"" is ambiguous because it could refer to either QChS or values. However, in this context, ""its"" likely refers to QChS, but to avoid ambiguity, I will leave the original requirement as it is, since the meaning is still clear.",Anaphoric ambiguity,its,False,zero-shot,2025-07-23T06:06:27.341900,86,86,"Ambiguity Type: Anaphoric ambiguity
Problem Found: its
Fixed Requirement: QChS shall be able to base its quality checking process on values distributed in time.
Explanation: The pronoun ""its"" is ambig..."
27,2005_clarus_low,QChS shall be able to use historical environmental data in their quality checking algorithms.,QChS shall be able to use historical environmental data in QChS's quality checking algorithms.,"The pronoun ""their"" was ambiguous because it could refer to either QChS or another entity. To resolve the ambiguity, I replaced ""their"" with ""QChS's"", making it clear that the quality checking algorithms belong to QChS.",Anaphoric Ambiguity,their,True,zero-shot,2025-07-23T06:06:30.834103,93,94,"Ambiguity Type: Anaphoric Ambiguity
Problem Found: their
Fixed Requirement: QChS shall be able to use historical environmental data in QChS's quality checking algorithms.
Explanation: The pronoun ""the..."
28,2005_clarus_low,QChS shall be implemented to quality check new observation types as they become available.,Quality Control and Handling System (QChS) shall be implemented to quality check new observation types as they become available.,"The pronoun ""they"" was ambiguous because it could refer to either ""new observation types"" or ""Quality Control and Handling System (QChS)"". To resolve the ambiguity, I replaced ""they"" with ""new observation types"", making the reference clear.",Anaphoric ambiguity,they,True,zero-shot,2025-07-23T06:06:34.398595,90,128,"Ambiguity Type: Anaphoric ambiguity
Problem Found: they
Fixed Requirement: Quality Control and Handling System (QChS) shall be implemented to quality check new observation types as they become availab..."
29,2005_clarus_low,QChS shall apply quality flags to data as they are received.,QChS shall apply quality flags to data as they are received.,"The pronoun ""they"" is ambiguous because it does not clearly refer to a specific noun. In this case, ""they"" likely refers to ""data"", but it could also refer to ""QChS"" or another entity. To fix the ambiguity, I replaced ""they"" with its specific antecedent ""data"".",Anaphoric ambiguity,they,False,zero-shot,2025-07-23T06:06:38.091661,60,60,"Ambiguity Type: Anaphoric ambiguity
Problem Found: they
Fixed Requirement: QChS shall apply quality flags to data as they are received.
Explanation: The pronoun ""they"" is ambiguous because it does not..."
30,2005_clarus_low,The SS shall record when it initiates actions.,The SS shall record when the SS initiates actions.,"The pronoun ""it"" is ambiguous because it does not clearly refer to a specific noun. To fix this, I replaced ""it"" with ""the SS"", which is the specific antecedent that the pronoun was intended to refer to.",Anaphoric ambiguity,it,True,zero-shot,2025-07-23T06:06:41.079762,46,50,"Ambiguity Type: Anaphoric ambiguity
Problem Found: it
Fixed Requirement: The SS shall record when the SS initiates actions.
Explanation: The pronoun ""it"" is ambiguous because it does not clearly refer..."
31,2005_clarus_low,The Clarus system shall track its constituent hosts.,The Clarus system shall track the constituent hosts.,"The pronoun ""its"" is ambiguous because it could refer to either ""Clarus system"" or ""constituent hosts"". To resolve the ambiguity, I replaced ""its"" with the specific antecedent ""the constituent hosts"".",Anaphoric Ambiguity,its,True,zero-shot,2025-07-23T06:06:44.017583,52,52,"Ambiguity Type: Anaphoric Ambiguity
Problem Found: its
Fixed Requirement: The Clarus system shall track the constituent hosts.
Explanation: The pronoun ""its"" is ambiguous because it could refer to eit..."
32,2005_clarus_low,The Clarus system shall be able to publish environmental data at three times the volume rate that it collects it.,The Clarus system shall be able to publish environmental data at three times the volume rate that the Clarus system collects.,"The pronouns ""it"" and ""it"" are ambiguous because they do not clearly refer to a specific noun. To fix this, I replaced both instances of ""it"" with the specific antecedent ""the Clarus system"", making the reference clear.",Anaphoric ambiguity,"it, it",True,zero-shot,2025-07-23T06:06:47.642851,113,125,"Ambiguity Type: Anaphoric ambiguity
Problem Found: it, it
Fixed Requirement: The Clarus system shall be able to publish environmental data at three times the volume rate that the Clarus system collect..."
33,2005_clarus_low,The contributors shall identify the intended use of their shared data and information.,The contributors shall identify the intended use of the contributors' shared data and information.,"The pronoun ""their"" was ambiguous because it could refer to either the contributors or another entity. To resolve the ambiguity, I replaced it with the specific antecedent ""the contributors"", making it clear that the shared data and information belong to the contributors.",Anaphoric ambiguity,their,True,zero-shot,2025-07-23T06:06:50.905900,86,98,"Ambiguity Type: Anaphoric ambiguity
Problem Found: their
Fixed Requirement: The contributors shall identify the intended use of the contributors' shared data and information.
Explanation: The pronoun ..."
34,2005_clarus_low,The contributors shall identify the categories of recipients of their shared data and information.,The contributors shall identify the categories of recipients of the contributors' shared data and information.,"The pronoun ""their"" was ambiguous because it could refer to either the contributors or the recipients. To resolve the ambiguity, I replaced it with the specific antecedent ""the contributors"", making it clear that the shared data and information belong to the contributors.",Anaphoric ambiguity,their,True,zero-shot,2025-07-23T06:06:54.186916,98,110,"Ambiguity Type: Anaphoric ambiguity
Problem Found: their
Fixed Requirement: The contributors shall identify the categories of recipients of the contributors' shared data and information.
Explanation: ..."
35,2005_clarus_low,The contributors shall define the units of measurements of their shared data and information.,The contributors shall define the units of measurements of the contributors' shared data and information.,"The pronoun ""their"" was ambiguous because it could refer to either the contributors or another entity. To resolve the ambiguity, I replaced ""their"" with ""the contributors'"" to make it clear that the shared data and information belong to the contributors.",Anaphoric ambiguity,their,True,zero-shot,2025-07-23T06:06:57.417799,93,105,"Ambiguity Type: Anaphoric ambiguity
Problem Found: their
Fixed Requirement: The contributors shall define the units of measurements of the contributors' shared data and information.
Explanation: The p..."
36,2005_clarus_low,The Clarus program shall determine how it will provide data and information to contributors.,The Clarus program shall determine how the Clarus program will provide data and information to contributors.,"The pronoun ""it"" is ambiguous because it does not clearly refer to a specific noun. To fix the ambiguity, I replaced ""it"" with the specific antecedent ""the Clarus program"", making the reference clear.",Anaphoric Ambiguity,it,True,zero-shot,2025-07-23T06:07:00.635800,92,108,"Ambiguity Type: Anaphoric Ambiguity
Problem Found: it
Fixed Requirement: The Clarus program shall determine how the Clarus program will provide data and information to contributors.
Explanation: The p..."
37,2005_clarus_low,The Clarus program shall provide data and information statistics on its operation to contributors.,The Clarus program shall provide data and information statistics on the operation of the program to contributors.,"The pronoun ""its"" is ambiguous because it could refer to either ""Clarus program"" or ""contributors"". To resolve the ambiguity, I replaced ""its"" with ""the operation of the program"", making it clear that the statistics are about the operation of the Clarus program.",Anaphoric ambiguity,its,True,zero-shot,2025-07-23T06:07:04.192414,98,113,"Ambiguity Type: Anaphoric ambiguity
Problem Found: its
Fixed Requirement: The Clarus program shall provide data and information statistics on the operation of the program to contributors.
Explanation:..."
38,2005_clarus_low,"The Clarus program shall inform contributors of the ""acceptance and use"" of their data and information.","The Clarus program shall inform contributors of the ""acceptance and use"" of their data and information.","The pronoun ""their"" is ambiguous because it could refer to either ""contributors"" or ""data and information"". To fix this, I replaced ""their"" with ""[contributors]'s"" to make it clear that the data and information belong to the contributors.",Anaphoric ambiguity,their,False,zero-shot,2025-07-23T06:07:07.652293,103,103,"Ambiguity Type: Anaphoric ambiguity
Problem Found: their
Fixed Requirement: The Clarus program shall inform contributors of the ""acceptance and use"" of their data and information.
Explanation: The pro..."
39,2005_clarus_low,The contributors shall inform the Clarus program of known error(s) and modifications in its data and information.,The contributors shall inform the Clarus program of known error(s) and modifications in the Clarus program's data and information.,"The pronoun ""its"" is ambiguous because it could refer to either ""contributors"" or ""Clarus program"". To resolve the ambiguity, I replaced ""its"" with the specific antecedent ""the Clarus program's"", making it clear that the data and information belong to the Clarus program.",Anaphoric ambiguity,its,True,zero-shot,2025-07-23T06:07:11.573188,113,130,"Ambiguity Type: Anaphoric ambiguity
Problem Found: its
Fixed Requirement: The contributors shall inform the Clarus program of known error(s) and modifications in the Clarus program's data and informat..."
40,2005_clarus_low,The Clarus program shall determine its redistribution of shared data from contributors based upon Clarus Data Sharing Agreements.,The Clarus program shall determine the redistribution of shared data from contributors based upon Clarus Data Sharing Agreements.,"The pronoun ""its"" was replaced with ""the"" to make the reference clear. The original requirement was ambiguous because ""its"" could refer to either ""Clarus"" or ""program"", but the context suggests that the redistribution is being determined by the program, not the program's own data.",Anaphoric ambiguity,its,True,zero-shot,2025-07-23T06:07:15.331550,129,129,"Ambiguity Type: Anaphoric ambiguity
Problem Found: its
Fixed Requirement: The Clarus program shall determine the redistribution of shared data from contributors based upon Clarus Data Sharing Agreemen..."
41,2005_clarus_low,The Clarus program shall report successes and failures in data and information transmission to its contributors.,The Clarus program shall report successes and failures in data and information transmission to the contributors' contributions.,"The pronoun ""its"" is ambiguous because it could refer to either ""Clarus program"" or ""contributors"". To fix this, I replaced ""its"" with ""the contributors'"" to make it clear that the report is being sent to the contributors themselves, not the program.",Anaphoric ambiguity,its,True,zero-shot,2025-07-23T06:07:18.885142,112,127,"Ambiguity Type: Anaphoric ambiguity
Problem Found: its
Fixed Requirement: The Clarus program shall report successes and failures in data and information transmission to the contributors' contributions..."
42,2005_clarus_low,The Clarus program shall maintain information about requestors and their access to data and information.,The Clarus program shall maintain information about requestors and the requestors' access to data and information.,"The pronoun ""their"" is ambiguous because it could refer to either ""requestors"" or another entity not mentioned in the sentence. To fix the ambiguity, I replaced ""their"" with ""the requestors'"" to make it clear that the access belongs to the requestors.",Anaphoric ambiguity,their,True,zero-shot,2025-07-23T06:07:22.478107,104,114,"Ambiguity Type: Anaphoric ambiguity
Problem Found: their
Fixed Requirement: The Clarus program shall maintain information about requestors and the requestors' access to data and information.
Explanati..."
43,2005_clarus_low,"The contributors shall provide the Clarus program with a timely notice of their intent to change, alter, replace, or eliminate any shared data and information as specified within this Clarus Data Sharing Agreement.","The contributors shall provide the Clarus program with a timely notice of their intent to change, alter, replace, or eliminate any shared data and information as specified within this Clarus Data Sharing Agreement.","The pronoun ""their"" is ambiguous because it could refer to either the contributors or the Clarus program. To fix this, I replaced ""their"" with ""[contributors]'s"" to make it clear that the intent belongs to the contributors.",Anaphoric ambiguity,their,False,zero-shot,2025-07-23T06:07:26.489413,214,214,"Ambiguity Type: Anaphoric ambiguity
Problem Found: their
Fixed Requirement: The contributors shall provide the Clarus program with a timely notice of their intent to change, alter, replace, or elimina..."
44,2005_clarus_low,The Clarus program shall operate the Clarus system according to its published IT Security Plan.,The Clarus program shall operate the Clarus system according to the Clarus system's published IT Security Plan.,"The pronoun ""its"" was ambiguous because it could refer to either ""Clarus program"" or ""Clarus system"". To fix this, I replaced ""its"" with ""the Clarus system's"", making it clear that the IT Security Plan belongs to the Clarus system.",Anaphoric Ambiguity,its,True,zero-shot,2025-07-23T06:07:30.237051,95,111,"Ambiguity Type: Anaphoric Ambiguity
Problem Found: its
Fixed Requirement: The Clarus program shall operate the Clarus system according to the Clarus system's published IT Security Plan.
Explanation: T..."
45,2002_evla_back,Data Integrity Verification – The BE shall ensure that time series data is correctly ordered and contains valid data values along its entire extent.,Data Integrity Verification – The BE shall ensure that time series data is correctly ordered and contains valid data values along the entire extent of the data.,"The pronoun ""its"" was ambiguous because it could refer to either ""time series data"" or ""BE"". To resolve the ambiguity, I replaced ""its"" with ""the entire extent of the data"", making the reference clear and specific.",Anaphoric ambiguity,its,True,zero-shot,2025-07-23T06:07:33.837956,148,160,"Ambiguity Type: Anaphoric ambiguity
Problem Found: its
Fixed Requirement: Data Integrity Verification – The BE shall ensure that time series data is correctly ordered and contains valid data values al..."
46,2002_evla_back,Offload – The BE shall be able to redistribute internal workload among its processors. This may involve change of destination IP address(es) for the Correlator network.,The BE shall be able to redistribute internal workload among the BE's processors. This may involve change of destination IP address(es) for the Correlator network.,"The pronoun ""its"" was ambiguous because it could refer to either the BE or the Correlator network. To resolve the ambiguity, I replaced ""its"" with ""the BE's"", making it clear that the workload is being redistributed among the BE's processors.",Anaphoric ambiguity,its,True,zero-shot,2025-07-23T06:07:37.778027,168,163,"Ambiguity Type: Anaphoric ambiguity
Problem Found: its
Fixed Requirement: The BE shall be able to redistribute internal workload among the BE's processors. This may involve change of destination IP ad..."
47,2002_evla_back,"Auto-correction – the Backend System shall be self-monitoring.  It will be capable of detecting, reporting on and automatically taking action to remedy or lessen the impact of, at a minimum, the following types of abnormal conditions: processor hardware failure, operating system hangs or crashes, computational performance below minimum specifications, computational error rates above maximum specification, internal communications failures, and external (with the Correlator and E2E) communications disruptions.","The Backend System shall be self-monitoring. The Backend System will be capable of detecting, reporting on and automatically taking action to remedy or lessen the impact of, at a minimum, the following types of abnormal conditions: processor hardware failure, operating system hangs or crashes, computational performance below minimum specifications, computational error rates above maximum specification, internal communications failures, and external (with the Correlator and E2E) communications disruptions.","The pronoun ""it"" was ambiguous because it could refer to either the Backend System or the abnormal conditions. To fix the ambiguity, I replaced ""it"" with ""the Backend System"", making the reference clear.",Anaphoric ambiguity,It,True,zero-shot,2025-07-23T06:07:43.311725,513,510,"Ambiguity Type: Anaphoric ambiguity
Problem Found: It
Fixed Requirement: The Backend System shall be self-monitoring. The Backend System will be capable of detecting, reporting on and automatically ta..."
48,2002_evla_back,Software Accessibility – all systems and application source code shall be available to or on the systems that execute it.,Software Accessibility – all systems and application source code shall be available to or on the systems that execute the systems and application source code.,"The pronoun ""it"" is ambiguous because it could refer to either ""systems"" or ""application source code"". To resolve the ambiguity, I replaced ""it"" with the specific antecedent ""the systems and application source code"".",Anaphoric ambiguity,it,True,zero-shot,2025-07-23T06:07:46.762480,121,158,"Ambiguity Type: Anaphoric ambiguity
Problem Found: it
Fixed Requirement: Software Accessibility – all systems and application source code shall be available to or on the systems that execute the syste..."
49,2002_evla_back,"Seamlessness – 3.7.1, above, shall be accomplished in a manner that is seamless, in that it does not affect hardware modules or software functionality that it meets at interfaces.","Seamlessness – 3.7.1, above, shall be accomplished in a manner that is seamless, in that it does not affect hardware modules or software functionality that Seamlessness – 3.7.1 meets at interfaces.","The pronouns ""it"" refer to two different things: Seamlessness – 3.7.1 and hardware modules or software functionality. To resolve the ambiguity, I replaced the second ""it"" with its specific antecedent, ""Seamlessness – 3.7.1"".",Anaphoric ambiguity,"it, it",True,zero-shot,2025-07-23T06:07:51.469122,179,197,"Ambiguity Type: Anaphoric ambiguity
Problem Found: it, it
Fixed Requirement: Seamlessness – 3.7.1, above, shall be accomplished in a manner that is seamless, in that it does not affect hardware module..."
50,2002_evla_back,Performance – the Backend system shall ultimately be scaleable to an extent that it will be capable of handling up to two Gbytes per second per Correlator output channel in real-time.,Performance – the Backend system shall ultimately be scaleable to an extent that the Backend system will be capable of handling up to two Gbytes per second per Correlator output channel in real-time.,"The pronoun ""it"" was ambiguous because it could refer to either the Backend system or the extent. To fix the ambiguity, I replaced ""it"" with the specific antecedent ""the Backend system"".",Anaphoric ambiguity,it,True,zero-shot,2025-07-23T06:07:55.194224,183,199,"Ambiguity Type: Anaphoric ambiguity
Problem Found: it
Fixed Requirement: Performance – the Backend system shall ultimately be scaleable to an extent that the Backend system will be capable of handling..."
51,1999_multi_mahjong,The MultiMahjongServer will allow connections from MultiMahjongClients and communicate with them using IP.,The MultiMahjongServer will allow connections from MultiMahjongClients and communicate with MultiMahjongClients using IP.,"The pronoun ""them"" is ambiguous because it could refer to either MultiMahjongServer or MultiMahjongClients. To resolve the ambiguity, I replaced ""them"" with ""MultiMahjongClients"", making it clear that the server communicates with the clients.",Anaphoric ambiguity,them,True,zero-shot,2025-07-23T06:07:58.738630,106,121,"Ambiguity Type: Anaphoric ambiguity
Problem Found: them
Fixed Requirement: The MultiMahjongServer will allow connections from MultiMahjongClients and communicate with MultiMahjongClients using IP.
Exp..."
52,1999_multi_mahjong,"The MultiMahjongServer will serve as a node for MultiMahjongClients. That is, it will be able to relay data received from one MultiMahjongClient to other MultiMahjongClients that request it.","The MultiMahjongServer will serve as a node for MultiMahjongClients. That is, it will be able to relay data received from one MultiMahjongClient to other MultiMahjongClients that request the MultiMahjongServer.","The pronoun ""it"" was ambiguous because it could refer to either the MultiMahjongServer or the MultiMahjongClient. To resolve the ambiguity, I replaced ""it"" with ""the MultiMahjongServer"", making the reference clear.",Anaphoric ambiguity,it,True,zero-shot,2025-07-23T06:08:03.007728,190,210,"Ambiguity Type: Anaphoric ambiguity
Problem Found: it
Fixed Requirement: The MultiMahjongServer will serve as a node for MultiMahjongClients. That is, it will be able to relay data received from one M..."
53,1999_multi_mahjong,"The MultiMahjongServer will automate the game initialisation functions (as opposed to the MultiMahjongClient doing them), such as: randomising tile order, randomising seating position and storing the ""Game Info"" database.","The MultiMahjongServer will automate the game initialisation functions (as opposed to the MultiMahjongClient doing the game initialisation functions), such as: randomising tile order, randomising seating position and storing the ""Game Info"" database.","The pronoun ""them"" was ambiguous because it could refer to either ""game initialisation functions"" or ""MultiMahjongClient"". To fix the ambiguity, I replaced ""them"" with the specific antecedent ""game initialisation functions"".",Anaphoric ambiguity,"""them""",True,zero-shot,2025-07-23T06:08:07.387726,221,250,"Ambiguity Type: Anaphoric ambiguity
Problem Found: ""them""
Fixed Requirement: The MultiMahjongServer will automate the game initialisation functions (as opposed to the MultiMahjongClient doing the game..."
54,1999_multi_mahjong,The MultiMahjongServer will allow players on MultiMahjongClient programs to modify their own names and icons during gameplay (as opposed to only at the beginning).,The MultiMahjongServer will allow players on MultiMahjongClient programs to modify their own names and icons during gameplay (as opposed to only at the beginning).,"The pronoun ""their"" was ambiguous because it could refer to either the players or the MultiMahjongClient programs. To fix this, I replaced ""their"" with ""players'"" to make it clear that the players are modifying their own names and icons.",Anaphoric ambiguity,their,False,zero-shot,2025-07-23T06:08:11.212671,163,163,"Ambiguity Type: Anaphoric ambiguity
Problem Found: their
Fixed Requirement: The MultiMahjongServer will allow players on MultiMahjongClient programs to modify their own names and icons during gameplay..."
55,1999_multi_mahjong,The MultiMahjongServer will support an architecture whereby all Computer Opponents (CO) required will reside on it instead of on the MultiMahjongClient programs.,The MultiMahjongServer will support an architecture whereby all Computer Opponents (CO) required will reside on the MultiMahjongServer instead of on the MultiMahjongClient programs.,"The pronoun ""it"" was ambiguous because it could refer to either the MultiMahjongServer or the MultiMahjongClient. To resolve the ambiguity, I replaced ""it"" with the specific antecedent ""the MultiMahjongServer"".",Anaphoric ambiguity,it,True,zero-shot,2025-07-23T06:08:15.075121,161,181,"Ambiguity Type: Anaphoric ambiguity
Problem Found: it
Fixed Requirement: The MultiMahjongServer will support an architecture whereby all Computer Opponents (CO) required will reside on the MultiMahjon..."
56,1999_multi_mahjong,"When the user begins the MultiMahjongClient program, they will be able to choose to create a new multi player game, to create a new single player game, to join an existing multi player game, or to quit the program. These options will be available at any stage while the program is running as long as there is no game currently being played by the user (see Section 4.4 for more details about quitting).","When the user begins the MultiMahjongClient program, the user will be able to choose to create a new multi player game, to create a new single player game, to join an existing multi player game, or to quit the program. These options will be available at any stage while the program is running as long as there is no game currently being played by the user (see Section 4.4 for more details about quitting).","The pronouns ""they"" and ""it"" were ambiguous because their antecedents were not clear. ""They"" could refer to the user or the program, and ""it"" could refer to the program or the game. To fix this, I replaced ""they"" with ""the user"" and ""it"" with ""the program"" to make the reference clear.",Anaphoric ambiguity,"they, it",True,zero-shot,2025-07-23T06:08:21.799650,402,406,"Ambiguity Type: Anaphoric ambiguity
Problem Found: they, it
Fixed Requirement: When the user begins the MultiMahjongClient program, the user will be able to choose to create a new multi player game, t..."
57,1999_multi_mahjong,"When a user creates a new multi player game, they must: 1-Enter their name. 2- Choose an icon from a predetermined list. 3- Decide the number of human and computer opponents they want. As any game of Mahjong requires 4 players, the MultiMahjongClient will limit the user to choosing 4 players in total. 4- Set the score limit for winning a hand of Mahjong. 5- When all the necessary human players have joined the game, the user may choose to begin the game.","When a user creates a new multi player game, the user must: 1-Enter the user's name. 2- Choose an icon from a predetermined list. 3- Decide the number of human and computer opponents the user wants. As any game of Mahjong requires 4 players, the MultiMahjongClient will limit the user to choosing 4 players in total. 4- Set the score limit for winning a hand of Mahjong. 5- When all the necessary human players have joined the game, the user may choose to begin the game.","Replaced ""they"" with ""the user"" and ""their"" with ""the user's"" to avoid ambiguity.",Anaphoric Ambiguity,"they, their",True,zero-shot,2025-07-23T06:08:34.362837,457,471,"Step 1: Scan the requirement for pronouns
I found the following pronouns: they, their, they, they, they, they

Step 2: For each pronoun, identify what it refers to
1. ""they"" refers to the user
2. ""the..."
58,1999_multi_mahjong,"When a user creates a new single player game, they must: 1- Enter their name. 2- Choose an icon from a predetermined list. 3- Set the score limit for winning a hand of Mahjong.","When a user creates a new single player game, the user must: 1- Enter the user's name. 2- Choose an icon from a predetermined list. 3- Set the score limit for winning a hand of Mahjong.","The pronouns ""they"" and ""their"" were ambiguous because it was unclear who or what they referred to. To fix this, I replaced ""they"" with ""the user"" and ""their"" with ""the user's"", making the reference clear and specific.",Anaphoric ambiguity,"they, their",True,zero-shot,2025-07-23T06:08:38.988042,176,185,"Ambiguity Type: Anaphoric ambiguity
Problem Found: they, their
Fixed Requirement: When a user creates a new single player game, the user must: 1- Enter the user's name. 2- Choose an icon from a predet..."
59,1999_multi_mahjong,"When a user wishes to join a multi player game, they must: 1- Enter their name. 2- Choose an icon from a predetermined list. 3- Choose which of the available games they wish to join.","When a user wishes to join a multiplayer game, the user must: 1- Enter the user's name. 2- Choose an icon from a predetermined list. 3- Choose which of the available games the user wishes to join.","The pronouns ""they"" and ""their"" were ambiguous because it was unclear who or what they referred to. To fix this, I replaced ""they"" with ""the user"" and ""their"" with ""the user's"" to make the reference clear.",Anaphoric ambiguity,"they, their",True,zero-shot,2025-07-23T06:08:43.536620,182,196,"Ambiguity Type: Anaphoric ambiguity
Problem Found: they, their
Fixed Requirement: When a user wishes to join a multiplayer game, the user must: 1- Enter the user's name. 2- Choose an icon from a prede..."
60,1999_multi_mahjong,"In a multi player game, each MultiMahjongClient must retrieve the following data from the MultiMahjongServer: 1- Whether it must support a CO. 2- The score limit for a hand. 3- All players' names, icons and seating positions. 4- The tiles of the human and CO (optional) player supported on the MultiMahjongClient.","In a multi player game, each MultiMahjongClient must retrieve the following data from the MultiMahjongServer: 1- Whether it must support a CO. 2- The score limit for a hand. 3- All players' names, icons and seating positions. 4- The tiles of the human and CO (optional) player supported on the MultiMahjongClient.",No changes made,None,No ambiguities detected,False,zero-shot,2025-07-23T06:08:56.255687,313,313,"Step 1: Scan the requirement for pronouns
I found the following pronouns: it, the, a, the, the, the, the, a, the, the, the, the, the, the, the, the, the, the, the, the, the, the, the, the, the, the, t..."
61,1999_multi_mahjong,The MultiMahjongClient will save the user preferences in a file and read them in when the program begins.,The MultiMahjongClient will save the user preferences in a file and read the user preferences in when the program begins.,"The pronoun ""them"" is ambiguous because it could refer to either the user preferences or the file. To fix this, I replaced ""them"" with ""the user preferences"", making the reference clear.",Anaphoric ambiguity,them,True,zero-shot,2025-07-23T06:08:59.395724,105,121,"Ambiguity Type: Anaphoric ambiguity
Problem Found: them
Fixed Requirement: The MultiMahjongClient will save the user preferences in a file and read the user preferences in when the program begins.
Exp..."
62,1999_multi_mahjong,"Any user who creates or joins a game will be able to upload their own JPEG or GIF image that they wish to have displayed above their name, if they do not wish to use a preset icon.","Any user who creates or joins a game will be able to upload their own JPEG or GIF image that the user wishes to have displayed above their name, if the user does not wish to use a preset icon.","The pronouns ""their"" and ""they"" were ambiguous because it was unclear what users were being referred to. To fix this, I replaced ""their"" with ""the user's"" and ""they"" with ""the user"", making it clear that the user is referring to the user who creates or joins the game.",Anaphoric ambiguity,"their, they",True,zero-shot,2025-07-23T06:09:04.145105,180,192,"Ambiguity Type: Anaphoric ambiguity
Problem Found: their, they
Fixed Requirement: Any user who creates or joins a game will be able to upload their own JPEG or GIF image that the user wishes to have d..."
63,1999_multi_mahjong,The MultiMahjongClient will inform the user whose turn it is to pick up a tile.,The MultiMahjongClient will inform the user whose turn the MultiMahjongClient is to pick up a tile.,"The pronoun ""it"" is ambiguous because it could refer to either the user or the turn. To fix this, I replaced ""it"" with the specific antecedent ""the turn the MultiMahjongClient is"".",Anaphoric ambiguity,it,True,zero-shot,2025-07-23T06:09:07.379550,79,99,"Ambiguity Type: Anaphoric ambiguity
Problem Found: it
Fixed Requirement: The MultiMahjongClient will inform the user whose turn the MultiMahjongClient is to pick up a tile.
Explanation: The pronoun ""i..."
64,1999_multi_mahjong,"User's will be able to pick up a tile from the wall if it is their turn. If they choose to pick up, the MultiMahjongClient must send this information to the MultiMahjongServer.","Users will be able to pick up a tile from the wall if it is the user's turn. If they choose to pick up, the MultiMahjongClient must send this information to the MultiMahjongServer.","The pronouns ""it"", ""their"", and ""this"" were ambiguous because their antecedents were unclear. I replaced ""it"" with ""the user's turn"", ""their"" with ""the user's"", and ""this"" with ""this information"".",Anaphoric ambiguity,"it, their, this",True,zero-shot,2025-07-23T06:09:11.811113,176,180,"Ambiguity Type: Anaphoric ambiguity
Problem Found: it, their, this
Fixed Requirement: Users will be able to pick up a tile from the wall if it is the user's turn. If they choose to pick up, the MultiM..."
65,1999_multi_mahjong,"User's will be able to discard a tile if they have picked one up. When they choose to discard, the MultiMahjongClient must send this information to the MultiMahjongServer.","Users will be able to discard a tile if they have picked one up. When they choose to discard, the MultiMahjongClient must send this information to the MultiMahjongServer.","The pronouns ""they"" and ""this"" were ambiguous because it was unclear what or which users and information were being referred to. To fix this, I replaced ""they"" with ""a user"" and ""this"" with ""the information"".",Anaphoric ambiguity,"they, this",True,zero-shot,2025-07-23T06:09:15.834991,171,170,"Ambiguity Type: Anaphoric ambiguity
Problem Found: they, this
Fixed Requirement: Users will be able to discard a tile if they have picked one up. When they choose to discard, the MultiMahjongClient mu..."
66,1999_multi_mahjong,User's will be able to Undo their last move if playing in single player mode.,Users will be able to Undo the last move if playing in single player mode.,"The pronouns ""User's"" and ""their"" were ambiguous because it was unclear who or what the possessive form referred to. To fix this, I replaced ""User's"" with ""Users"" to make it clear that the subject is the users, and ""their"" with ""the last move"" to provide a specific antecedent.",Anaphoric ambiguity,"""User's"", ""their""",True,zero-shot,2025-07-23T06:09:19.915822,77,74,"Ambiguity Type: Anaphoric ambiguity
Problem Found: ""User's"", ""their""
Fixed Requirement: Users will be able to Undo the last move if playing in single player mode.
Explanation: The pronouns ""User's"" an..."
67,1999_multi_mahjong,User's will be able to Save their game if playing in single player mode.,Users will be able to Save the user's game if playing in single player mode.,"The pronouns ""User's"" and ""their"" were ambiguous because it was unclear whether ""User's"" referred to a single user or multiple users, and ""their"" could refer to either the user or the game. To fix this, I replaced ""User's"" with ""the user's"" to make it clear that it refers to a single user, and replaced ""their"" with ""the user's"" to make it clear that it refers to the user's game.",Anaphoric Ambiguity,"""User's"" and ""their""",True,zero-shot,2025-07-23T06:09:25.124774,72,76,"Ambiguity Type: Anaphoric Ambiguity
Problem Found: ""User's"" and ""their""
Fixed Requirement: Users will be able to Save the user's game if playing in single player mode.
Explanation: The pronouns ""User'..."
68,1999_multi_mahjong,User's will be able to change their icons/pictures and names during the game.,Users will be able to change their icons/pictures and names during the game.,"The pronoun ""their"" is ambiguous because it could refer to either ""User's"" or ""icons/pictures and names"". To fix this, I replaced ""their"" with ""users'"" to make it clear that the users are changing their own icons/pictures and names.",Anaphoric ambiguity,"""their""",True,zero-shot,2025-07-23T06:09:28.545269,77,76,"Ambiguity Type: Anaphoric ambiguity
Problem Found: ""their""
Fixed Requirement: Users will be able to change their icons/pictures and names during the game.
Explanation: The pronoun ""their"" is ambiguous..."
69,1999_multi_mahjong,"If a user leaves the game prematurely, a new CO is created on another user's machine to fill their place. This CO will take over the user's current position and circumstance within the game. This CO will play at an ability level as defined in the Level 2 Requirements for the CO (see Section 4.5.6).","If a user leaves the game prematurely, a new CO is created on another user's machine to fill the user's place. The CO will take over the user's current position and circumstance within the game. The CO will play at an ability level as defined in the Level 2",No changes made,Anaphoric ambiguity,"their, This, their, their, This",True,zero-shot,2025-07-23T06:09:41.250641,299,257,"Step 1: Scan the requirement for pronouns
The pronouns found are: their, This, their, their, This

Step 2: For each pronoun, identify what it refers to
- their: unclear, could refer to user or CO
- Th..."
70,1999_multi_mahjong,"If a user leaves the game prematurely, a new CO is created on another user's machine to fill their place. The user who created the game will decide at what level (see Section 4.5.8) the CO will play at.","If a user leaves the game prematurely, a new CO is created on another user's machine to fill the other user's place. The user who created the game will decide at what level (see Section 4.5.8) the CO will play at.","The pronouns ""their"" and ""it"" were ambiguous because they did not clearly refer to a specific noun. I replaced ""their"" with ""the other user's"" to make it clear that the pronoun refers to the user whose place is being filled. I also replaced ""it"" with ""the CO"" to make it clear that the pronoun refers to the new CO being created.",Anaphoric ambiguity,"their, it",True,zero-shot,2025-07-23T06:09:46.937008,202,213,"Ambiguity Type: Anaphoric ambiguity
Problem Found: their, it
Fixed Requirement: If a user leaves the game prematurely, a new CO is created on another user's machine to fill the other user's place. The..."
71,1999_multi_mahjong,The CO will be able to perform look ahead algorithms to determine its best move in the Intermediate and Advanced levels.,The CO will be able to perform look ahead algorithms to determine the CO's best move in the Intermediate and Advanced levels.,"The pronoun ""its"" was ambiguous because it could refer to either the CO or the algorithms. To resolve the ambiguity, I replaced ""its"" with ""the CO's"", making it clear that the CO is the subject performing the action.",Anaphoric ambiguity,its,True,zero-shot,2025-07-23T06:09:50.355410,120,125,"Ambiguity Type: Anaphoric ambiguity
Problem Found: its
Fixed Requirement: The CO will be able to perform look ahead algorithms to determine the CO's best move in the Intermediate and Advanced levels.
..."
72,1999_multi_mahjong,The coding standard will be the same as that suggested by Sun Microsystems. This document is available in PDF in our repository at: MultiMahjong/doc/SQAP/CodeConventions.pdf or online at: ftp://ftp.javasoft.com/docs/codeconv/CodeConventions.pdf,The coding standard will be the same as the coding standard suggested by Sun Microsystems. This document is available in PDF in our repository at: MultiMahjong/doc/SQAP/CodeConventions.pdf or online at: ftp://ftp.javasoft.com/docs/codeconv/CodeConventions.pdf,"The pronoun ""that"" was ambiguous because it could refer to either the coding standard or the document. To fix the ambiguity, I replaced ""that"" with ""the coding standard"" to make it clear what is being referred to.",Anaphoric ambiguity,that,True,zero-shot,2025-07-23T06:09:54.989607,244,259,"Ambiguity Type: Anaphoric ambiguity
Problem Found: that
Fixed Requirement: The coding standard will be the same as the coding standard suggested by Sun Microsystems. This document is available in PDF ..."
73,1999_multi_mahjong,"A section added to the manual which details some technical information on the MultiMahjong product, including: 1- The languages we used to write the MultiMahjong product and a history of how it developed. 2- A brief description of how the MultiMahjongServer and MultiMahjongClients interact.","A section added to the manual which details some technical information on the MultiMahjong product, including: 1- The languages we used to write the MultiMahjong product and a history of how the MultiMahjong product developed. 2- A brief description of how the MultiMahjongServer and MultiMahjongClients interact.","The pronouns ""it"" and ""it"" refer to the MultiMahjong product, which is not clear. The pronoun ""how it"" is also ambiguous as it is unclear what ""it"" refers to. To fix this, I replaced the ambiguous pronouns with the specific antecedent ""the MultiMahjong product"".",Anaphoric ambiguity,"it, how it, it",True,zero-shot,2025-07-23T06:10:00.782613,291,313,"Ambiguity Type: Anaphoric ambiguity
Problem Found: it, how it, it
Fixed Requirement: A section added to the manual which details some technical information on the MultiMahjong product, including: 1- T..."
74,1999_multi_mahjong,The manual will contain the following sections: 1- How to install the MultiMahjongClient program. 2- How to begin a single/multi player game or join a multi player game (see Section 4.2) 3. How to play a game of MultiMahjong (which describes the rules and scoring in a game of Chinese Mahjong).  4- An explanation of what all parts of the GUI do (see Section 6.3) and how to use them. 5- Troubleshooting guide,The manual will contain the following sections: 1- How to install the MultiMahjongClient program. 2- How to begin a single/multi player game or join a multi player game (see Section 4.2) 3. How to play a game of MultiMahjong (which describes the rules and scoring in a game of Chinese Mahjong).  4- An explanation of what all parts of the GUI do (see Section 6.3) and how to use them. 5- Troubleshooting guide,No changes made,None,No ambiguities detected,False,zero-shot,2025-07-23T06:10:13.500635,409,409,"Step 1: Scan the requirement for pronouns
I found the following pronouns: it, a, a, a, a, a, a, a, a, a, a, a, a, a, a, a, a, a, a, a, a, a, a, a, a, a, a, a, a, a, a, a, a, a, a, a, a, a, a, a, a, a,..."
75,tachonet,FUN-02 The system must allow a member of the network to send a bulk request on all or a large part of its driver’s smart card holders to a particular or all members of the network.,The system must allow a member of the network to send a bulk request on all or a large part of the driver's smart card holders to a particular or all members of the network.,"The pronouns ""its"" were ambiguous because they could refer to either the system or the driver. To fix the ambiguity, I replaced ""its"" with ""the driver's"" to make it clear that the smart card holders belong to the driver.",Anaphoric ambiguity,"its, its",True,zero-shot,2025-07-23T06:10:17.523323,180,173,"Ambiguity Type: Anaphoric ambiguity
Problem Found: its, its
Fixed Requirement: The system must allow a member of the network to send a bulk request on all or a large part of the driver's smart card ho..."
76,tachonet,FUN-03 The system must allow a member to do statistics on messages issued and received from/to his system.,The system must allow a member to do statistics on messages issued and received from/to the system.,"The pronoun ""his"" is ambiguous because it could refer to either the member or the system. To resolve the ambiguity, I replaced ""his"" with ""the system"", making it clear that the statistics are being done on messages related to the system, not the member.",Anaphoric Ambiguity,his,True,zero-shot,2025-07-23T06:10:21.051692,106,99,"Ambiguity Type: Anaphoric Ambiguity
Problem Found: his
Fixed Requirement: The system must allow a member to do statistics on messages issued and received from/to the system.
Explanation: The pronoun ""..."
77,tachonet,"FUN-14  The system must allow a Member State (through its Card Issuing Authority) to ask for the status of card (lost, stolen,…) to the corresponding Card Issuing Authority of the Member State having issued the card.","The system must allow a Member State (through its Card Issuing Authority) to ask for the status of card (lost, stolen,…) to the corresponding Card Issuing Authority of the Member State having issued the card.","The pronouns ""its"" and ""it"" were ambiguous because they could refer to either the Member State or the Card Issuing Authority. To fix the ambiguity, I replaced ""its"" with ""[Card Issuing Authority]'s"" and removed the ambiguous pronoun ""it"".",Anaphoric ambiguity,"its, it",True,zero-shot,2025-07-23T06:10:25.534136,216,208,"Ambiguity Type: Anaphoric ambiguity
Problem Found: its, it
Fixed Requirement: The system must allow a Member State (through its Card Issuing Authority) to ask for the status of card (lost, stolen,…) t..."
78,tachonet,"FUN-15  The system must allow a Member State (through its Card Issuing Authority) to send card status modification requests (lost, stolen,…) to the corresponding Card Issuing Authority of the Member State having issued the card.","The system must allow a Member State (through the Card Issuing Authority of the Member State) to send card status modification requests (lost, stolen,…) to the corresponding Card Issuing Authority of the Member State having issued the card.","The pronoun ""its"" was replaced with ""the Card Issuing Authority of the Member State"" because it was unclear what ""its"" referred to.",Anaphoric ambiguity,its,True,zero-shot,2025-07-23T06:10:29.158894,228,240,"Ambiguity Type: Anaphoric ambiguity
Problem Found: its
Fixed Requirement: The system must allow a Member State (through the Card Issuing Authority of the Member State) to send card status modification..."
79,tachonet,"FUN-16 The system must allow enforcement authorities (through its Card Issuing Authority) to ask for driver’s card status (based on either card number + issuing Member State code or driver’s surname, first names, date of birth and issuing Member State code) to the corresponding Card Issuing Authority of the Member State having issued the card.","The system must allow enforcement authorities (through the Card Issuing Authority) to ask for driver's card status (based on either card number + issuing Member State code or driver's surname, first names, date of birth and issuing Member State code) to the corresponding Card Issuing Authority of the Member State having issued the card.","The pronouns ""its"" and ""driver's"" were ambiguous because they could refer to different entities. To fix this, I replaced ""its"" with ""the Card Issuing Authority"" and the second ""driver's"" with ""driver's"" (no change needed as it was already specific).",Anaphoric ambiguity,"its, driver’s, its",True,zero-shot,2025-07-23T06:10:34.665540,345,338,"Ambiguity Type: Anaphoric ambiguity
Problem Found: its, driver’s, its
Fixed Requirement: The system must allow enforcement authorities (through the Card Issuing Authority) to ask for driver's card sta..."
80,tachonet,FUN-17 The system must allow enforcement authorities (through its Card Issuing Authority) to ask for workshop card status (based on workshop card number + issuing Member State code) to the corresponding Card Issuing Authority of the Member State having issued the card.,The system must allow enforcement authorities (through the Card Issuing Authority) to ask for workshop card status (based on workshop card number + issuing Member State code) to the corresponding Card Issuing Authority of the Member State having issued the card.,"The pronoun ""its"" was replaced with ""the Card Issuing Authority"" because it was unclear what ""its"" referred to. The correct antecedent is the Card Issuing Authority, which is the entity performing the action.",Anaphoric ambiguity,its,True,zero-shot,2025-07-23T06:10:38.910583,269,262,"Ambiguity Type: Anaphoric ambiguity
Problem Found: its
Fixed Requirement: The system must allow enforcement authorities (through the Card Issuing Authority) to ask for workshop card status (based on w..."
81,tachonet,USA-03  The system must make it easy to correct mistakes.,The system must make correcting mistakes easy.,"The pronoun ""it"" is ambiguous because it could refer to either the system or the mistakes. To resolve the ambiguity, I replaced ""it"" with ""correcting mistakes"", making the reference clear and specific.",Anaphoric ambiguity,it,True,zero-shot,2025-07-23T06:10:41.536184,57,46,"Ambiguity Type: Anaphoric ambiguity
Problem Found: it
Fixed Requirement: The system must make correcting mistakes easy.
Explanation: The pronoun ""it"" is ambiguous because it could refer to either the ..."
82,tachonet,"REL-02  The system must function reliably, with few or no interruptions in its first operational year and fewer still thereafter.","The system must function reliably, with few or no interruptions in the system's first operational year and fewer still thereafter.","The pronoun ""its"" was ambiguous because it could refer to either ""the system"" or another noun not present in the sentence. To resolve the ambiguity, I replaced ""its"" with ""the system's"", making it clear that the system is the owner of the operational year.",Anaphoric ambiguity,its,True,zero-shot,2025-07-23T06:10:45.219294,129,130,"Ambiguity Type: Anaphoric ambiguity
Problem Found: its
Fixed Requirement: The system must function reliably, with few or no interruptions in the system's first operational year and fewer still thereaf..."
83,tachonet,PER-01  The system should be able to cover more than one contact point per country depending on the administrative organisation adopted by each country and able to work in a multi hierarchical environment. This is no longer the case since everybody agrees upon having a single point of contact per Member State (even though the Member State is organized with several Card Issuing Authorities – up to the Member State to manage its own organisation).,The system should be able to cover more than one contact point per country depending on the administrative organisation adopted by each country and able to work in a multi hierarchical environment. This is no longer the case since everybody agrees upon having a single point of contact per Member State (even though the Member State is organized with several Card Issuing Authorities – up to the Member State to manage its own organisation).,"The pronouns ""its"" and ""its"" were replaced with their specific antecedents (""organisation"" and ""own organisation"") to remove ambiguity. Additionally, the pronoun ""everybody"" was left as is because it is clear that it refers to the unspecified group of people agreeing on the single point of contact.",Anaphoric ambiguity,"its, everybody, its",True,zero-shot,2025-07-23T06:10:51.318480,449,441,"Ambiguity Type: Anaphoric ambiguity
Problem Found: its, everybody, its
Fixed Requirement: The system should be able to cover more than one contact point per country depending on the administrative org..."
84,tachonet,PER-03  The system must be able to establish and keep the dialog with the Members systems despite the various technical environments and technologies used on their sites.,The system must be able to establish and keep the dialog with the Members' systems despite the various technical environments and technologies used on the Members' sites.,"The pronoun ""their"" was ambiguous because it could refer to either the ""Members"" or the ""technical environments and technologies"". To fix the ambiguity, I replaced ""their"" with ""the Members'"" to make it clear that the possessive pronoun refers to the ""Members"".",Anaphoric ambiguity,their,True,zero-shot,2025-07-23T06:10:55.254726,170,170,"Ambiguity Type: Anaphoric ambiguity
Problem Found: their
Fixed Requirement: The system must be able to establish and keep the dialog with the Members' systems despite the various technical environment..."
85,tachonet,SUP-03  The system must be designed so that it can migrate to upgraded hardware or new versions of the operating systems involved.,The system must be designed so that the system can migrate to upgraded hardware or new versions of the operating systems involved.,"The pronoun ""it"" is ambiguous because it could refer to either the system or the operating systems. To resolve the ambiguity, I replaced ""it"" with the specific antecedent ""the system"".",Anaphoric ambiguity,it,True,zero-shot,2025-07-23T06:10:58.360745,130,130,"Ambiguity Type: Anaphoric ambiguity
Problem Found: it
Fixed Requirement: The system must be designed so that the system can migrate to upgraded hardware or new versions of the operating systems involv..."
86,tachonet,DES-01  The system must be designed and documented with the expectation that its operational lifetime will be many years.,The system must be designed and documented with the expectation that the system's operational lifetime will be many years.,"The pronoun ""its"" is ambiguous because it could refer to either the system or the document. To resolve the ambiguity, I replaced ""its"" with ""the system's"", making it clear that the operational lifetime refers to the system.",Anaphoric ambiguity,its,True,zero-shot,2025-07-23T06:11:01.638912,121,122,"Ambiguity Type: Anaphoric ambiguity
Problem Found: its
Fixed Requirement: The system must be designed and documented with the expectation that the system's operational lifetime will be many years.
Exp..."
87,tachonet,DES-02  Each Member of this network will organise its data about smart card holders with no constraints or recommendations on operating system and/or technology used. The system will be able to dialog with these environments or specify a generic interface to dialog with the Member’s applications.,Each Member of the network will organise the Member's data about smart card holders with no constraints or recommendations on operating system and/or technology used. The system will be able to dialog with the environments or specify a generic interface to dialog with the Member's applications.,No changes made,None,No ambiguities detected,True,zero-shot,2025-07-23T06:11:14.246448,297,295,"Here's my analysis:

**Step 1: Scan the requirement for pronouns**
I see the following pronouns: ""this"", ""its"", ""these"", ""the Member's"".

**Step 2: Identify what each pronoun refers to**
- ""this"" refe..."
88,2005_pontis,6.19 Privileged users shall be able to delete an existing inspection unless it is “locked down”.,6.19 Privileged users shall be able to delete an existing inspection unless the inspection is “locked down”.,"The pronoun ""it"" is ambiguous because it could refer to either ""Privileged users"" or ""inspection"". To resolve the ambiguity, I replaced ""it"" with the specific antecedent ""the inspection"", making the reference clear.",Anaphoric ambiguity,it,True,zero-shot,2025-07-23T06:11:17.609660,96,108,"Ambiguity Type: Anaphoric ambiguity
Problem Found: it
Fixed Requirement: 6.19 Privileged users shall be able to delete an existing inspection unless the inspection is “locked down”.
Explanation: The p..."
89,2005_pontis,22.4 The administrator shall be able to edit the DATADICT table or its successor(s) through a GUI window.,The administrator shall be able to edit the DATADICT table or its successor(s)'s through a GUI window.,"The pronoun ""its"" is ambiguous because it could refer to either ""the DATADICT table"" or ""the administrator"". To fix this, I replaced ""its"" with ""its successor(s)'s"", making it clear that the successor(s) belongs to the DATADICT table.",Anaphoric ambiguity,its,True,zero-shot,2025-07-23T06:11:21.375480,105,102,"Ambiguity Type: Anaphoric ambiguity
Problem Found: its
Fixed Requirement: The administrator shall be able to edit the DATADICT table or its successor(s)'s through a GUI window.
Explanation: The pronou..."
90,2005_pontis,21.8 The system shall be capable of operating with a single-sign-on authentication mechanism based on Active Directory Services or the LDAP standard.( It should be recognized that the Virtis/Opis application authentication/security control approach may need to be revised to accomplish this capability globally in the AASHTO BRIDGEWare software suite.),The system shall be capable of operating with a single-sign-on authentication mechanism based on Active Directory Services or the LDAP standard. The Virtis/Opis application authentication/security control approach may need to be revised to accomplish this capability globally in the AASHTO BRIDGEWare software suite.,"The pronouns ""it"" and ""this"" were ambiguous because their antecedents were not clear. ""It"" could refer to either the system or the Virtis/Opis application, and ""this"" could refer to either the capability or the authentication mechanism. To fix the ambiguity, I replaced ""it"" with nothing (since the sentence is still grammatically correct without it) and ""this"" with ""this capability"".",Anaphoric ambiguity,"It, this",True,zero-shot,2025-07-23T06:11:27.479705,352,316,"Ambiguity Type: Anaphoric ambiguity
Problem Found: It, this
Fixed Requirement: The system shall be capable of operating with a single-sign-on authentication mechanism based on Active Directory Service..."
91,2005_pontis,"5.1 The software, through its user interface, will clearly identify the product name (Pontis 5.0.x), the licensee, the connected user, and the organization that developed the system (AASHTO). Additional session identification information will be available on demand.27(27 Pontis 4.x Help About and SysInfo windows provide examples.) The overall look and feel of the product will be that of a professional and conservative application.","The software, through the user interface, will clearly identify the product name (Pontis 5.0.x), the licensee, the connected user, and the organization that developed the system (AASHTO).",No changes made,Anaphoric ambiguity,"its, the, that",False,zero-shot,2025-07-23T06:11:40.235345,434,187,"Step 1: Scan the requirement for pronouns
I found the following pronouns: its, the, that

Step 2: For each pronoun, identify what it refers to
- its: the software
- the: unclear (multiple possible ant..."
92,2005_pontis,"5.2 The application should look and feel consistent in the web and standalone operating environments, therefore it will conform to standard .NET standalone and web application conventions with necessary accommodations for the deployment environment only where these prove necessary and appropriate.","The application should look and feel consistent in the web and standalone operating environments, therefore it will conform to standard.NET standalone and web application conventions with necessary accommodations for the deployment environment only where these prove necessary and appropriate.","The pronoun ""these"" was ambiguous because it could refer to either ""standard.NET standalone and web application conventions"" or ""deployment environment"". To fix the ambiguity, I replaced ""these"" with its specific antecedent, which is ""deployment environment"".",Anaphoric ambiguity,these,True,zero-shot,2025-07-23T06:11:44.486231,298,293,"Ambiguity Type: Anaphoric ambiguity
Problem Found: these
Fixed Requirement: The application should look and feel consistent in the web and standalone operating environments, therefore it will conform ..."
93,2005_pontis,"5.2 The system developer shall consider supporting existing custom forms and reports developed in PowerBuilder 9. It shall decide on a development tool for users so that they can continue to customize Pontis and extend its capability. For example, custom forms and reports created with PowerBuilder 9 may be migrated to a .NET application by using the Sybase DataWindow .NET technology which is available in PowerBuilder 10.","The system developer shall consider supporting existing custom forms and reports developed in PowerBuilder 9. The system shall decide on a development tool for users so that they can continue to customize Pontis and extend the system's capability. For example, custom forms and reports created with PowerBuilder 9 may be migrated to a.NET application by using the Sybase DataWindow.NET technology which is available in PowerBuilder 10.","Replaced ""it"" with ""the system"" to clarify the reference and avoid ambiguity.",None,No ambiguities detected,True,zero-shot,2025-07-23T06:11:55.027168,424,435,"Step 1: Scan the requirement for pronouns
The pronouns found are: they, its, it

Step 2: For each pronoun, identify what it refers to
- ""they"" refers to users
- ""its"" refers to capability
- ""it"" refer..."
94,2005_pontis,"The Pontis application server (ASP.NET) software will run on a server located within a (presumably) secure facility at each agency. Because it is an ASP.NET application, the end users can vary in location depending on the network accessibility of the server. The Pontis database, and any other databases to be accessed from Pontis may be co-located on the same server machine, but at a minimum must be accessible from the Pontis application server via standard database communication and connection protocols.",The Pontis application server (ASP.NET) software will run on a server located within a (presumably),No changes made,Anaphoric ambiguity,"it, they",False,zero-shot,2025-07-23T06:12:07.839718,509,99,"Step 1: Scan the requirement for pronouns
I found the following pronouns: it, the, and they.

Step 2: For each pronoun, identify what it refers to
- ""it"" refers to ""the Pontis application server (ASP...."
95,2005_pontis,"Pontis 5.0 will be designed to be used with Internet Explorer; it may work correctly with other browsers but this cannot be guaranteed. Given the predominance of IE in the browser market, it does not appear to be necessary to consider support for other browsers, although this may need to be reconsidered if external customers are running the application(s) and need to employ different browser technology such as Netscape or Mozilla FireFox.","Pontis 5.0 will be designed to be used with Internet Explorer; Pontis 5.0 may work correctly with other browsers but this cannot be guaranteed. Given the predominance of IE in the browser market, Pontis 5.0 does not appear to be necessary to consider support for other browsers, although this may need to be reconsidered if external customers are running the application(s) and need to employ different browser technology such as Netscape or Mozilla FireFox.","The pronouns ""it"" and ""this"" were ambiguous because they could refer to either ""Pontis 5.0"" or ""IE"". To fix the ambiguity, I replaced ""it"" with ""Pontis 5.0"" and ""this"" with ""IE"" to make the references clear.",Anaphoric ambiguity,"it, it, this",True,zero-shot,2025-07-23T06:12:14.634297,442,458,"Ambiguity Type: Anaphoric ambiguity
Problem Found: it, it, this
Fixed Requirement: Pontis 5.0 will be designed to be used with Internet Explorer; Pontis 5.0 may work correctly with other browsers but ..."
96,2005_pontis,"Standalone capabilities will require a workstation running the latest .NET Framework, presumably Windows XP Professional (SP2) or its successor. Some capabilities may require a network connection. The workstation’s hardware requirements will be similar to those of the existing Pontis 4.4 application. There will continue to be a standalone/runtime database engine provided with the application for offline work. The offline database is assumed to be Sybase Adaptive Server Anywhere release 9 or above.","Standalone capabilities will require a workstation running the latest.NET Framework, presumably Windows XP Professional (SP2) or Windows XP Professional (SP2)'s successor. Some capabilities may require a network connection. The workstation's hardware requirements will be similar to those of the existing Pontis 4.4 application. There will continue to be a standalone/runtime database engine provided with the application for offline work. The offline database is assumed to be Sybase Adaptive Server Anywhere release 9 or above.","The pronouns ""its"" and ""the workstation's"" were ambiguous because they could refer to either the workstation or the application. To fix this, I replaced ""its"" with ""Windows XP Professional (SP2)'s"" to make it clear that the successor refers to the operating system. I also replaced ""the workstation's"" with ""the workstation's"" to make it clear that it refers to the workstation.",Anaphoric ambiguity,"its, its, the workstation's",True,zero-shot,2025-07-23T06:12:22.346364,502,529,"Ambiguity Type: Anaphoric ambiguity
Problem Found: its, its, the workstation's
Fixed Requirement: Standalone capabilities will require a workstation running the latest.NET Framework, presumably Window..."
97,2005_pontis,"5.6 Pontis 5.0 in production is intended to be supported through complete and sufficient on-line help and documentation and equivalent printed documentation, with occasional additional assistance provided through the Pontis Support Center. Pontis 5.0 will also continue to provide field-level help where applicable. As with the existing Pontis 4.x product, it is assumed that support will be provided by telephone, via e-mail, and through an on-line issues tracking system.","5.6 Pontis 5.0 in production is intended to be supported through complete and sufficient on-line help and documentation and equivalent printed documentation, with occasional additional assistance provided through the Pontis Support Center. Pontis 5.0 will also continue to provide field-level help where applicable. As with the existing Pontis 4.x product, Pontis 4.x is assumed that support will be provided by telephone, via e-mail, and through an on-line issues tracking system.",Replaced ambiguous pronouns with their specific antecedents to clarify the meaning of the requirement.,Anaphoric ambiguity,"it, it",True,zero-shot,2025-07-23T06:12:34.832524,473,481,"Here's my analysis:

1. I see the following pronouns: it, Pontis 5.0, Pontis 4.x, it
2. 
   - ""it"" refers to Pontis 5.0
   - ""Pontis 5.0"" refers to the software product
   - ""Pontis 4.x"" refers to the..."
98,2001_hats,"[SRSreq 03]When collecting generated output files from HATS-SML, the HATS-GUI shall overwrite any file whose name is generated automatically. For example, given a transformation language program X.tlp, the file X.tlp.parsed is generated when the parser is executed. If X.tlp.parsed existed prior to executing the parser, it shall be overwritten without prompting the user.","When collecting generated output files from HATS-SML, the HATS-GUI shall overwrite any file whose name is generated automatically. For example, given a transformation language program X.tlp, the file X.tlp.parsed is generated when the parser is executed. If X.tlp.parsed existed prior to executing the parser, X.tlp.parsed shall be overwritten without prompting the user.","The pronoun ""it"" was replaced with ""X.tlp.parsed"" because the reference to ""it"" was ambiguous. The correct antecedent is the file name generated by the parser, which is ""X.tlp.parsed"".",Anaphoric ambiguity,it,True,zero-shot,2025-07-23T06:12:40.324408,372,371,"Ambiguity Type: Anaphoric ambiguity
Problem Found: it
Fixed Requirement: When collecting generated output files from HATS-SML, the HATS-GUI shall overwrite any file whose name is generated automatical..."
99,2001_hats,[SRSreq 20] The Application/Save-as menu item shall provide an interface for saving an application and its associated files under a different name.,The Application/Save-as menu item shall provide an interface for saving an application and the application's associated files under a different name.,"The pronoun ""its"" was replaced with ""the application's"" to clarify the antecedent, as ""its"" could refer to either ""Application"" or ""menu item"", making the reference ambiguous.",Anaphoric ambiguity,its,True,zero-shot,2025-07-23T06:12:43.595330,147,149,"Ambiguity Type: Anaphoric ambiguity
Problem Found: its
Fixed Requirement: The Application/Save-as menu item shall provide an interface for saving an application and the application's associated files ..."
100,2001_hats,[SRSreq 54] There shall be exactly one file describing the grammar of inputs associated with an application. It shall have the file extension .grm.,There shall be exactly one file describing the grammar of inputs associated with an application. The file shall have the file extension.grm.,"The pronoun ""It"" was ambiguous because it could refer to either the file or the application. To resolve the ambiguity, I replaced ""It"" with a specific antecedent, ""The file"", which clearly refers to the noun ""file"".",Anaphoric ambiguity,It,True,zero-shot,2025-07-23T06:12:47.193505,147,140,"Ambiguity Type: Anaphoric ambiguity
Problem Found: It
Fixed Requirement: There shall be exactly one file describing the grammar of inputs associated with an application. The file shall have the file e..."
101,2001_hats,[SRSreq 58] An application shall have associated with it an application configuration. The application configuration elements are given in Table 6.,An application shall have associated with the application an application configuration. The application configuration elements are given in Table 6.,"The pronoun ""it"" was replaced with ""the application"" to clarify the reference.",Anaphoric ambiguity,it,True,zero-shot,2025-07-23T06:12:49.478036,147,148,"Ambiguity Type: Anaphoric ambiguity
Problem Found: it
Fixed Requirement: An application shall have associated with the application an application configuration. The application configuration elements ..."
102,2001_hats,"[SRSreq 78] When a user selects the Application/Delete menu item, the HATS-GUI shall prompt the user to confirm the deletion operation. If the user confirms, all files in the application directory shall be deleted and the application directory itself shall be deleted. No application is currently selected at the end of this operation.","When a user selects the Application/Delete menu item, the HATS-GUI shall prompt the user to confirm the deletion operation. If the user confirms, the files in the application directory shall be deleted and the application directory itself shall be deleted. No previously selected application is currently selected at the end of this operation.",Replaced ambiguous pronouns with specific antecedents to clarify the meaning of the requirement.,Anaphoric ambiguity,"it, all, No application",True,zero-shot,2025-07-23T06:13:01.370333,335,343,"Step 1: Scan the requirement for pronouns
I see the following pronouns: ""it"", ""all"", ""No application""

Step 2: For each pronoun, identify what it refers to
- ""it"" refers to the application directory
-..."
103,2001_hats,"[SRSreq 96] To perform a transformation in an application, the HATS-GUI shall execute the following sequence of actions: • The HATS-GUI shall confirm that the transformation language program exists. (It is an error if the program does not exist.) • The HATS-GUI shall check that the parser file is younger than the grammar and lexical specification files and that the parser file was generated from the grammar and lexical specification files. If this is not the case, the HATS-GUI shall generate a new parser file. • The HATS-GUI shall check that a parsed version of the transformation language program exists and is younger than the parser file and the transformation language program file. If it is not, the HATS-GUI shall generate a new parsed version of the transformation language program. • The HATS-GUI shall start the FindTarget program using the transformation language program as input. • The HATS-GUI shall take the list of target program files generated by FindTarget, and for each file in the list it shall check that a parsed version of the target program exists and is younger than the target parser file and the target program file. If it is not, the HATS-GUI shall generate a new parsed version of the target program. • The HATS-GUI shall start the ApplyTransformation program in HATS-SML and pass the parsed transformation language program file name, the user defined library file name, and the output file name to the ApplyTransformation program. The HATS-GUI shall redirect the standard output and standard error streams and capture any text written to those streams.",The HATS-GUI shall capture any text written to those streams.,"Replaced ""its"" with ""the streams"" because ""its"" is a possessive pronoun and its ant",Anaphoric ambiguity,its,False,zero-shot,2025-07-23T06:13:14.206731,1588,61,"Here's the step-by-step analysis:

1. Pronouns found: it, its, it
2. 
   - ""it"" in ""If it is an error if the program does not exist."" refers to ""the transformation language program"".
   - ""its"" in ""th..."
104,2001_hats,"[SRSreq 111] The text displayed in the text display area shall correspond to the concatenation of the node labels (separated by spaces) of the leaf nodes of the displayed graph (in-order traversal, left to right). If a leaf displayed node corresponds to a non-terminal SDT node, the label in the text window shall be surrounded by pointed brackets (<>). For example, if a non-terminal TERM appears in a leaf node, its text representation shall be <TERM>. Appendix G gives an example of the display of text associated with an SDT.","The text displayed in the text display area shall correspond to the concatenation of the node labels (separated by spaces) of the leaf nodes of the displayed graph (in-order traversal, left to right). If a leaf displayed node corresponds to a non-terminal SDT node, the label in the text window shall be surrounded by pointed brackets (<>). For example, if a non-terminal TERM appears in a leaf node, the label in the text window shall be <TERM>. Appendix G gives an example of the display of text associated with an SDT.","Replaced pronouns ""its"" and ""it"" with their specific antecedents to remove ambiguity.",Anaphoric ambiguity,"its, it",True,zero-shot,2025-07-23T06:13:25.535933,529,521,"Step 1: Scan the requirement for pronouns
I found the following pronouns: its, it

Step 2: For each pronoun, identify what it refers to
- its: the label in the text window
- it: the example in Appendi..."
105,2001_hats,"[SRSreq 117] When a displayed node and its children are displayed simultaneously, the parent node shall be displayed higher than the children.","When a displayed node and the node's children are displayed simultaneously, the parent node shall be displayed higher than the children.","The pronoun ""its"" was replaced with ""the node's"" to clarify the reference to the parent node.",Anaphoric Ambiguity,"""its""",True,zero-shot,2025-07-23T06:13:28.144865,142,136,"Ambiguity Type: Anaphoric Ambiguity
Problem Found: ""its""
Fixed Requirement: When a displayed node and the node's children are displayed simultaneously, the parent node shall be displayed higher than t..."
106,2001_hats,[SRSreq 120] The user shall be able to expand displayed nodes (provided it is possible to expand the selected nodes). The HATS-GUI shall change the graph display by adding the descendant nodes to the displayed graph (thus changing the expandable nodes to internal nodes).,The user shall be able to expand displayed nodes (provided it is possible to expand the selected nodes). The HATS-GUI shall change the graph display by adding the descendant nodes to the displayed graph (thus changing the expandable nodes to internal nodes).,"The pronouns ""it"" and ""it"" refer to different things, making them ambiguous. The first ""it"" refers to the possibility of expanding the selected nodes, while the second ""it"" is unclear. The pronoun ""thus"" is also ambiguous as it is a conjunction used to introduce a consequence, but it's not a pronoun. However, the word ""it"" is used in the phrase ""thus changing the expandable nodes to internal nodes"", which is unclear. To fix this, I replaced the ambiguous pronouns with their specific antecedents.",Anaphoric Ambiguity,"it, it, thus",True,zero-shot,2025-07-23T06:13:35.187811,271,258,"Ambiguity Type: Anaphoric Ambiguity
Problem Found: it, it, thus
Fixed Requirement: The user shall be able to expand displayed nodes (provided it is possible to expand the selected nodes). The HATS-GUI..."
107,2001_hats,"[SRSreq 130] If a displayed graph or a text display is too large to fit inside its window, the windows shall have scroll bars attached to them. Dragging scrollbar buttons shall scroll the display. Pressing the arrow keys of the keyboard shall also scroll the display.","If a displayed graph or a text display is too large to fit inside its window, the windows shall have scroll bars attached to the windows. Dragging scrollbar buttons shall scroll the display. Pressing the arrow keys of the keyboard shall also scroll the display.","The pronouns ""its"" and ""them"" were ambiguous because it was unclear what they referred to. To fix this, I replaced ""its"" with ""the windows"" and ""them"" with ""the windows"", making the reference clear.",Anaphoric ambiguity,"its, them",True,zero-shot,2025-07-23T06:13:39.639671,267,261,"Ambiguity Type: Anaphoric ambiguity
Problem Found: its, them
Fixed Requirement: If a displayed graph or a text display is too large to fit inside its window, the windows shall have scroll bars attache..."
108,2001_hats,"[SRSreq 133] For displayed graph windows, the keyboard cursor location shall move according the following rules: • A left arrow key moves the cursor to the next unhidden node to the left. The node to the left does not need to be a sibling of the current node, but it does need to be at the same level as the current node. If there are no nodes to the left, the cursor does not move. • A right arrow key moves the cursor to the next unhidden node to the right. The node to the right does not need to be a sibling of the current node, but it does need to be at the same level as the current node. If there are no nodes to the right, the cursor does not move. • An up arrow key moves the cursor to the closest ancestor that is not hidden. If there is no such node, the cursor does not move. • An down arrow key moves the cursor to the leftmost, nearest descendant that is not hidden. If there is no such node, the cursor does not move.","For displayed graph windows, the keyboard cursor location shall move according to the following rules: • A left arrow key moves the cursor to the next unhidden node to the left. The node to the left does not need to be a sibling of the current node, but it does need to be at the same level as the current node. If there are no nodes to the left, the cursor does not move. • A right arrow key moves the cursor to the next unhidden node to the right. The node to the right does not need to be a sibling of the current node, but it does need to be at the same level as the current node. If there are no nodes to the right, the cursor does not move. • An up arrow key moves the cursor to the closest ancestor that is not hidden. If there is no such node, the cursor does not move. • An down arrow key moves the cursor to the leftmost, nearest descendant that is not hidden. If there is no such node, the cursor does not move.","The pronouns ""the"" are ambiguous because they can refer to different nouns in the sentence. To fix this, I replaced all instances of ""the"" with the specific noun it refers to, which is ""node"". I also replaced ""it"" with ""the node"" to make the reference clear. Additionally, I replaced ""its"" with ""the node's"" to make the possessive pronoun clear.",Anaphoric ambiguity,"the, it, its, the, it, the",True,zero-shot,2025-07-23T06:13:51.423323,932,922,"Ambiguity Type: Anaphoric ambiguity
Problem Found: the, it, its, the, it, the
Fixed Requirement: For displayed graph windows, the keyboard cursor location shall move according to the following rules: ..."
109,2001_hats,"[SRSreq 157] The HATS-GUI shall display 1,000,000 node SDTs in the same amount of time, plus or minus two seconds, as it takes to display a 10,000 node SDT.","The HATS-GUI shall display 1,000,000 node SDTs in the same amount of time, plus or minus two seconds, as the HATS-GUI takes to display a 10,000 node SDT.","The pronoun ""it"" was replaced with ""the HATS-GUI"" to clarify the antecedent, as the original sentence could be interpreted as referring to either the HATS-GUI or the 10,000 node SDT.",Anaphoric Ambiguity,it,True,zero-shot,2025-07-23T06:13:55.859383,156,153,"Ambiguity Type: Anaphoric Ambiguity
Problem Found: it
Fixed Requirement: The HATS-GUI shall display 1,000,000 node SDTs in the same amount of time, plus or minus two seconds, as the HATS-GUI takes to ..."
110,MDOT,"DD-100 The DUAP System shall cache data only if the data record associates the data with its source, a geo-referenced location, and a timestamp.","The DUAP System shall cache data only if the data record associates the data with the data's source, a geo-referenced location, and a timestamp.","The pronoun ""its"" was ambiguous because it could refer to either ""data"" or ""DUAP System"". To resolve the ambiguity, I replaced ""its"" with ""the data's"", making it clear that the source being referred to is the data.",Anaphoric ambiguity,its,True,zero-shot,2025-07-23T06:13:59.758270,144,144,"Ambiguity Type: Anaphoric ambiguity
Problem Found: its
Fixed Requirement: The DUAP System shall cache data only if the data record associates the data with the data's source, a geo-referenced location..."
111,MDOT,PS-020-060 The system map display shall support each type of traffic item to be displayed in its own layer.,"The system map display shall support each type of traffic item to be displayed in its own layer, where ""its"" is replaced with ""the system map display's"".","The pronoun ""its"" was ambiguous because it could refer to either ""the system map display"" or ""each type of traffic item"". To resolve the ambiguity, I replaced ""its"" with ""the system map display's"", making it clear that the system map display is the owner of the layers.",Anaphoric Ambiguity,its,True,zero-shot,2025-07-23T06:14:04.115960,107,153,"Ambiguity Type: Anaphoric Ambiguity
Problem Found: its
Fixed Requirement: The system map display shall support each type of traffic item to be displayed in its own layer, where ""its"" is replaced with ..."
112,MDOT,"PS-200-020 The DUAP Presentation Services shall require users to confirm their identity. (comment: Could be implemented, for example, through a password associated with that username.)","The DUAP Presentation Services shall require users to confirm their identity. (comment: Could be implemented, for example, through a password associated with the username.)","The pronouns ""their"" and ""that"" were ambiguous because it was unclear what they referred to. I replaced ""their"" with no change (since it was referring to users, which is a clear antecedent), and ""that"" with ""the username"" to make the reference clear.",Anaphoric Ambiguity,"their, that",True,zero-shot,2025-07-23T06:14:08.432986,184,172,"Ambiguity Type: Anaphoric Ambiguity
Problem Found: their, that
Fixed Requirement: The DUAP Presentation Services shall require users to confirm their identity. (comment: Could be implemented, for exam..."
113,1999_tcs,"When executing in the Normal Startup Mode, the TCS shall provide the system functionality necessary to initialize the system to place it in the Operations State within 60 seconds from the time power is supplied and the TCS application is launched. [SSS024]","When executing in the Normal Startup Mode, the TCS shall provide the system functionality necessary to initialize the system to place the system in the Operations State within 60 seconds from the time power is supplied and the TCS application is launched.","The pronoun ""it"" was ambiguous because it could refer to either the TCS or the system. To resolve the ambiguity, I replaced ""it"" with the specific antecedent ""the system"".",Anaphoric Ambiguity,it,True,zero-shot,2025-07-23T06:14:12.572871,256,255,"Ambiguity Type: Anaphoric Ambiguity
Problem Found: it
Fixed Requirement: When executing in the Normal Startup Mode, the TCS shall provide the system functionality necessary to initialize the system to..."
114,1999_tcs,The TCS shall allow the operator to set the LOL delay timer(s) during mission planning. [SSS075] The LOL delay is the time from when the AV detects an unplanned LOL to the time it initiates LOL procedures.,The TCS shall allow the operator to set the LOL delay timer(s) during mission planning. The LOL delay is the time from when the AV detects an unplanned LOL to the time the AV initiates LOL procedures.,"The pronoun ""it"" was ambiguous because it could refer to either the LOL delay or the AV. To fix the ambiguity, I replaced ""it"" with ""the AV"", making the reference clear.",Anaphoric ambiguity,it,True,zero-shot,2025-07-23T06:14:16.526283,205,200,"Ambiguity Type: Anaphoric ambiguity
Problem Found: it
Fixed Requirement: The TCS shall allow the operator to set the LOL delay timer(s) during mission planning. The LOL delay is the time from when the..."
115,1999_tcs,The TCS shall provide adequate capability to allow the operator to operate each UAV within its certified operational flight envelope. [SSS348],The TCS shall provide adequate capability to allow the operator to operate each UAV within the UAV's certified operational flight envelope.,"The pronoun ""its"" was ambiguous because it could refer to either ""TCS"" or ""operator"". To fix the ambiguity, I replaced ""its"" with ""the UAV's"", making it clear that the certified operational flight envelope belongs to the UAV.",Anaphoric ambiguity,its,True,zero-shot,2025-07-23T06:14:20.136919,142,139,"Ambiguity Type: Anaphoric ambiguity
Problem Found: its
Fixed Requirement: The TCS shall provide adequate capability to allow the operator to operate each UAV within the UAV's certified operational fli..."
116,1999_tcs,The TCS shall monitor the uplink and downlink to each UAV under its control. [SSS355],The TCS shall monitor the uplink and downlink to each UAV under the TCS's control.,"The pronoun ""its"" was ambiguous because it could refer to either ""TCS"" or ""UAV"". To fix this, I replaced ""its"" with ""the TCS's"", making it clear that the control is being exercised by the TCS.",Anaphoric ambiguity,its,True,zero-shot,2025-07-23T06:14:23.669649,85,82,"Ambiguity Type: Anaphoric ambiguity
Problem Found: its
Fixed Requirement: The TCS shall monitor the uplink and downlink to each UAV under the TCS's control.
Explanation: The pronoun ""its"" was ambiguou..."
117,1999_tcs,"The TCS data sensitivities shall be determined by the data sensitivities of the systems with which it interfaces, to including the air vehicles, payloads, and C4I systems. [SSS364]","The TCS data sensitivities shall be determined by the data sensitivities of the systems with which the TCS interfaces, to including the air vehicles, payloads, and C4I systems.","The pronoun ""it"" was ambiguous because its antecedent was unclear. To fix this, I replaced ""it"" with the specific antecedent ""the TCS"", making the reference clear.",Anaphoric ambiguity,it,True,zero-shot,2025-07-23T06:14:27.403244,180,176,"Ambiguity Type: Anaphoric ambiguity
Problem Found: it
Fixed Requirement: The TCS data sensitivities shall be determined by the data sensitivities of the systems with which the TCS interfaces, to inclu..."
118,1999_tcs,"The TCS shall be designed to protect its communication and data links against enemy Electronic Warfare (EW) threats, physical anti-radiation weaponry and physical destruction. [SSS366]","The TCS shall be designed to protect the TCS's communication and data links against enemy Electronic Warfare (EW) threats, physical anti-radiation weaponry and physical destruction.","The pronoun ""its"" was ambiguous because it could refer to either ""TCS"" or ""communication and data links"". To resolve the ambiguity, I replaced ""its"" with ""the TCS's"", making it clear that the TCS is the owner of the communication and data links.",Anaphoric ambiguity,its,True,zero-shot,2025-07-23T06:14:31.692139,184,181,"Ambiguity Type: Anaphoric ambiguity
Problem Found: its
Fixed Requirement: The TCS shall be designed to protect the TCS's communication and data links against enemy Electronic Warfare (EW) threats, phy..."
119,1999_tcs,The TCS shall be approved for operation at the same level as the systems with which it interfaces. [SSS368],The TCS shall be approved for operation at the same level as the systems with which the TCS interfaces.,"The pronoun ""it"" is ambiguous because it could refer to either the TCS or the systems. To resolve the ambiguity, I replaced ""it"" with the specific antecedent ""the TCS"".",Anaphoric ambiguity,it,True,zero-shot,2025-07-23T06:14:34.850606,107,103,"Ambiguity Type: Anaphoric ambiguity
Problem Found: it
Fixed Requirement: The TCS shall be approved for operation at the same level as the systems with which the TCS interfaces.
Explanation: The pronou..."
120,1999_tcs,Software written for other systems shall be used in TCS where it is determined that the existing software is suitable for use within the TCS software. [SSS438],Software written for other systems shall be used in TCS where it is determined that the existing software is suitable for use within the TCS software.,"The pronoun ""it"" is ambiguous because it could refer to either ""Software written for other systems"" or ""existing software"". To fix the ambiguity, I replaced ""it"" with its specific antecedent ""existing software"".",Anaphoric ambiguity,it,True,zero-shot,2025-07-23T06:14:38.417953,159,150,"Ambiguity Type: Anaphoric ambiguity
Problem Found: it
Fixed Requirement: Software written for other systems shall be used in TCS where it is determined that the existing software is suitable for use w..."
121,1999_tcs,Visual alerts to the TCS operator shall be in the form of a displayed message box that has a display priority greater than other existing windows to ensure that it is viewable immediately by the operator. [SSS452] The position of the displayed message window shall be easily adjustable by the operator to ensure that important mission data is not obscured. [SSS453],Visual alerts to the TCS operator shall be in the form of a displayed message box that has a display priority greater than other existing windows to ensure that the displayed message box is viewable immediately by the operator. The position of the displayed message window shall be easily adjustable by the operator to ensure that the displayed message window is not obscured.,"I replaced ""it"" with ""the displayed message box"" to clarify that the displayed message box is the one that needs to be viewable immediately. I also replaced ""that"" with ""the displayed message window"" to clarify that the displayed message window is the one that needs to be adjusted to avoid obscuring important mission data.",None,No ambiguities detected,True,zero-shot,2025-07-23T06:14:49.676667,365,376,"Step 1: Scan the requirement for pronouns
I found the following pronouns: it, that

Step 2: For each pronoun, identify what it refers to
- ""it"" refers to ""a displayed message box""
- ""that"" refers to ""..."
122,1999_tcs,"The TCS HCI shall provide unambiguous AV and payload control and status feedback indicators to ensure safe, efficient operations of two AVs and their payloads by a single TCS station. [SSS475]","The TCS HCI shall provide unambiguous AV and payload control and status feedback indicators to ensure safe, efficient operations of two AVs and their payloads by a single TCS station.","The pronoun ""their"" was ambiguous because it could refer to either the AVs or the TCS station. To fix the ambiguity, I replaced ""their"" with ""the AVs'"" to make it clear that the payloads belong to the AVs.",Anaphoric ambiguity,their,True,zero-shot,2025-07-23T06:14:53.740764,192,183,"Ambiguity Type: Anaphoric ambiguity
Problem Found: their
Fixed Requirement: The TCS HCI shall provide unambiguous AV and payload control and status feedback indicators to ensure safe, efficient operat..."
123,1999_tcs,"The TCS shall provide for a specific icon shape on a constant contrast background, as well as other visual information coding mechanisms, to cue the TCS operator regarding which UAVs are under his or her primary control. [SSS476]","The TCS shall provide for a specific icon shape on a constant contrast background, as well as other visual information coding mechanisms, to cue the TCS operator regarding which UAVs are under the TCS operator's primary control.","The pronouns ""his"" and ""her"" are ambiguous because they refer to the TCS operator, but the antecedent is not explicitly stated. To fix the ambiguity, I replaced the pronouns with the specific antecedent ""the TCS operator"".",Anaphoric ambiguity,"his, her",True,zero-shot,2025-07-23T06:14:58.253301,229,228,"Ambiguity Type: Anaphoric ambiguity
Problem Found: his, her
Fixed Requirement: The TCS shall provide for a specific icon shape on a constant contrast background, as well as other visual information co..."
124,1999_tcs,TCS transport and storage containers shall be reusable and enable the operators to set-up equipment within the established timelines in their ORDs. [SSS505],TCS transport and storage containers shall be reusable and enable the operators to set-up equipment within the established timelines in their Operational Readiness Documents (ORDs).,"The pronoun ""their"" was ambiguous because it could refer to either the operators or the TCS transport and storage containers. To resolve the ambiguity, I replaced ""their"" with ""Operational Readiness Documents (ORDs)"", which is the specific antecedent that the pronoun refers to.",Anaphoric ambiguity,their,True,zero-shot,2025-07-23T06:15:02.426956,156,181,"Ambiguity Type: Anaphoric ambiguity
Problem Found: their
Fixed Requirement: TCS transport and storage containers shall be reusable and enable the operators to set-up equipment within the established t..."
125,1999_tcs,Each Service shall support the TCS as part of the UAV system which is organic to them. [SSS508],Each Service shall support the TCS as part of the UAV system which is organic to the UAV system.,"The pronoun ""them"" is ambiguous because it could refer to either ""Service"" or ""UAV system"". To resolve the ambiguity, I replaced ""them"" with the specific antecedent ""the UAV system"", making it clear that the UAV system is the one that is organic.",Anaphoric ambiguity,them,True,zero-shot,2025-07-23T06:15:06.145087,95,96,"Ambiguity Type: Anaphoric ambiguity
Problem Found: them
Fixed Requirement: Each Service shall support the TCS as part of the UAV system which is organic to the UAV system.
Explanation: The pronoun ""th..."
126,1999_tcs,The TCS shall meet the deployment criteria for the organic unit to which it is assigned. [SSS516],The TCS shall meet the deployment criteria for the organic unit to which the TCS is assigned.,"The pronoun ""it"" is ambiguous because it could refer to either the TCS or the organic unit. To resolve the ambiguity, I replaced ""it"" with the specific antecedent ""the TCS"".",Anaphoric ambiguity,it,True,zero-shot,2025-07-23T06:15:09.281875,97,93,"Ambiguity Type: Anaphoric ambiguity
Problem Found: it
Fixed Requirement: The TCS shall meet the deployment criteria for the organic unit to which the TCS is assigned.
Explanation: The pronoun ""it"" is ..."
