requirement_id,project_name,original_requirement,fixed_requirement,explanation,ambiguity_type,problem_found,was_changed,approach,timestamp,original_length,fixed_length,raw_response,,,
1,2005_clarus_low,The Clarus system shall be able to base its quality checking process on historical environmental data.,The Clarus system shall be able to base the Clarus system's quality checking process on historical environmental data.,"The pronoun ""its"" was replaced with ""the Clarus system's"" to clarify that the quality checking process belongs to the Clarus system.",Pronoun Ambiguity,its,TRUE,few-shot,2025-07-23T06:31:02.396711,102,118,"Ambiguity Type: Pronoun Ambiguity
Problem Found: its
Fixed Requirement: The Clarus system shall be able to base the Clarus system's quality checking process on historical environmental data.
Explanati...",,,
2,2005_clarus_low,The Clarus system shall be able to use multiple algorithms for its quality checking process.,The Clarus system shall be able to use multiple algorithms for the Clarus system's quality checking process.,"The pronoun ""its"" was replaced with ""the Clarus system's"" to clarify that the quality checking process belongs to the Clarus system.",Possessive Pronoun Ambiguity,its,TRUE,few-shot,2025-07-23T06:31:05.185576,92,108,"Ambiguity Type: Possessive Pronoun Ambiguity
Problem Found: its
Fixed Requirement: The Clarus system shall be able to use multiple algorithms for the Clarus system's quality checking process.
Explanat...",,,
3,2005_clarus_low,The CAS shall be configurable to allow new observation types to be implemented as they become available.,The CAS shall be configurable to allow new observation types to be implemented as the new observation types become available.,"The pronoun ""they"" was replaced with ""the new observation types"" to clarify the antecedent.",Pronoun Ambiguity,they,TRUE,few-shot,2025-07-23T06:31:07.576187,104,125,"Ambiguity Type: Pronoun Ambiguity
Problem Found: they
Fixed Requirement: The CAS shall be configurable to allow new observation types to be implemented as the new observation types become available.
E...",,,
4,2005_clarus_low,The Clarus system shall record statistics about its operation.,The Clarus system shall record statistics about the Clarus system's operation.,"The pronoun ""its"" was replaced with ""the Clarus system's"" to clarify that the statistics are about the operation of the Clarus system itself.",Possessive Pronoun Ambiguity,its,TRUE,few-shot,2025-07-23T06:31:10.221414,62,78,"Ambiguity Type: Possessive Pronoun Ambiguity
Problem Found: its
Fixed Requirement: The Clarus system shall record statistics about the Clarus system's operation.
Explanation: The pronoun ""its"" was rep...",,,
5,2005_clarus_low,CS shall collect environmental data based on its configured schedule.,CS shall collect environmental data based on the CS's configured schedule.,"The pronoun ""its"" was replaced with ""the CS's"" to clarify that the schedule is configured by CS itself.",Possessive pronoun ambiguity,its,TRUE,few-shot,2025-07-23T06:31:12.475961,69,74,"Ambiguity Type: Possessive pronoun ambiguity
Problem Found: its
Fixed Requirement: CS shall collect environmental data based on the CS's configured schedule.
Explanation: The pronoun ""its"" was replace...",,,
6,2005_clarus_low,CS shall be able to be implemented to collect new observation types as they become available.,CS shall be able to be implemented to collect new observation types as new observation types become available.,"The pronoun ""they"" was replaced with ""new observation types become available"" to clarify the antecedent.",Pronoun ambiguity,they,TRUE,few-shot,2025-07-23T06:31:14.752695,93,110,"Ambiguity Type: Pronoun ambiguity
Problem Found: they
Fixed Requirement: CS shall be able to be implemented to collect new observation types as new observation types become available.
Explanation: The...",,,
7,2005_clarus_low,CS shall be able to dynamically adjust its retrieval schedules when environmental data is expected to be ready but is temporarily delayed.,CS shall be able to dynamically adjust the CS's retrieval schedules when environmental data is expected to be ready but is temporarily delayed.,"The pronoun ""its"" was replaced with ""the CS's"" to clarify that the retrieval schedules belong to CS.",Possessive pronoun ambiguity,its,TRUE,few-shot,2025-07-23T06:31:17.396109,138,143,"Ambiguity Type: Possessive pronoun ambiguity
Problem Found: its
Fixed Requirement: CS shall be able to dynamically adjust the CS's retrieval schedules when environmental data is expected to be ready b...",,,
8,2005_clarus_low,The Clarus system shall process data as they are received.,The Clarus system shall process data as the data are received.,"The pronoun ""they"" was replaced with ""the data"", making it clear that the data being referred to is the data being received.",Pronoun ambiguity,they,TRUE,few-shot,2025-07-23T06:31:19.645946,58,62,"Ambiguity Type: Pronoun ambiguity
Problem Found: they
Fixed Requirement: The Clarus system shall process data as the data are received.
Explanation: The pronoun ""they"" was replaced with ""the data"", ma...",,,
9,2005_clarus_low,CS shall process environmental data as they are received.,CS shall process environmental data as the environmental data are received.,"The pronoun ""they"" was replaced with ""the environmental data"", making it clear what data CS is processing.",Pronoun ambiguity,they,TRUE,few-shot,2025-07-23T06:31:21.675064,57,75,"Ambiguity Type: Pronoun ambiguity
Problem Found: they
Fixed Requirement: CS shall process environmental data as the environmental data are received.
Explanation: The pronoun ""they"" was replaced with ""...",,,
10,2005_clarus_low,The Clarus system shall be able to communicate with environmental sensor stations through its collector using the NTCIP ESS 1204.,The Clarus system shall be able to communicate with environmental sensor stations through the Clarus system's collector using the NTCIP ESS 1204.,"The pronoun ""its"" was replaced with ""the Clarus system's"" to clarify that the collector belongs to the Clarus system.",Possessive Pronoun Ambiguity,its,TRUE,few-shot,2025-07-23T06:31:24.759110,129,145,"Ambiguity Type: Possessive Pronoun Ambiguity
Problem Found: its
Fixed Requirement: The Clarus system shall be able to communicate with environmental sensor stations through the Clarus system's collect...",,,
11,2005_clarus_low,The Clarus system shall be able to communicate with RWIS databases through their native interfaces.,The Clarus system shall be able to communicate with RWIS databases through their native interfaces.,"The pronoun ""their"" was replaced with ""RWIS databases'"" to clarify that the native interfaces belong to the RWIS databases.",Pronoun ambiguity,their,FALSE,few-shot,2025-07-23T06:31:27.157279,99,99,"Ambiguity Type: Pronoun ambiguity
Problem Found: their
Fixed Requirement: The Clarus system shall be able to communicate with RWIS databases through their native interfaces.
Explanation: The pronoun ""...",,,
12,2005_clarus_low,CS shall be able to accept data from an RWIS database in its native output format.,CS shall be able to accept data from an RWIS database in the RWIS database's native output format.,"The pronoun ""its"" was replaced with ""the RWIS database's"" to clarify that the native output format belongs to the RWIS database.",Possessive Pronoun Ambiguity,its,TRUE,few-shot,2025-07-23T06:31:29.985563,82,98,"Ambiguity Type: Possessive Pronoun Ambiguity
Problem Found: its
Fixed Requirement: CS shall be able to accept data from an RWIS database in the RWIS database's native output format.
Explanation: The p...",,,
13,2005_clarus_low,The Clarus system shall be able to communicate with an individual ESS through its native interface.,The Clarus system shall be able to communicate with an individual ESS through the Clarus system's native interface.,"The pronoun ""its"" was replaced with ""the Clarus system's"" to clarify that the native interface belongs to the Clarus system.",Possessive Pronoun Ambiguity,its,TRUE,few-shot,2025-07-23T06:31:32.819047,99,115,"Ambiguity Type: Possessive Pronoun Ambiguity
Problem Found: its
Fixed Requirement: The Clarus system shall be able to communicate with an individual ESS through the Clarus system's native interface.
E...",,,
14,2005_clarus_low,The DOG shall be able to monitor new environmental data services as they are added.,The DOG shall be able to monitor new environmental data services as the new environmental data services are added.,"The pronoun ""they"" was replaced with ""the new environmental data services"" to clarify the antecedent.",Antecedent ambiguity,they,TRUE,few-shot,2025-07-23T06:31:35.213851,83,114,"Ambiguity Type: Antecedent ambiguity
Problem Found: they
Fixed Requirement: The DOG shall be able to monitor new environmental data services as the new environmental data services are added.
Explanati...",,,
15,2005_clarus_low,The DOG shall be able to record its activities.,The DOG shall be able to record the DOG's activities.,"The pronoun ""its"" was replaced with ""the DOG's"" to clarify that the DOG is the subject performing the activity.",Possessive Pronoun Ambiguity,its,TRUE,few-shot,2025-07-23T06:31:37.677215,47,53,"Ambiguity Type: Possessive Pronoun Ambiguity
Problem Found: its
Fixed Requirement: The DOG shall be able to record the DOG's activities.
Explanation: The pronoun ""its"" was replaced with ""the DOG's"" to...",,,
16,2005_clarus_low,The EMC shall be configurable to allow new observation types to be implemented as they become available.,The EMC shall be configurable to allow new observation types to be implemented as the new observation types become available.,"The pronoun ""they"" was replaced with ""the new observation types"" to clarify the antecedent.",Pronoun ambiguity,they,TRUE,few-shot,2025-07-23T06:31:40.006378,104,125,"Ambiguity Type: Pronoun ambiguity
Problem Found: they
Fixed Requirement: The EMC shall be configurable to allow new observation types to be implemented as the new observation types become available.
E...",,,
17,2005_clarus_low,The Clarus system shall allow new EMS to be implemented that disseminate new observation types to be implemented as they become available.,The Clarus system shall allow new EMS to be implemented that disseminate new observation types to be implemented as new observation types become available.,"The pronoun ""they"" was replaced with ""new observation types"" to clarify the antecedent.",Pronoun ambiguity,they,TRUE,few-shot,2025-07-23T06:31:42.509633,138,155,"Ambiguity Type: Pronoun ambiguity
Problem Found: they
Fixed Requirement: The Clarus system shall allow new EMS to be implemented that disseminate new observation types to be implemented as new observa...",,,
18,2005_clarus_low,The QEDC shall be configurable to allow new observation types to be implemented as they become available.,The QEDC shall be configurable to allow new observation types to be implemented as the new observation types become available.,"The pronoun ""they"" was replaced with ""the new observation types"" to clarify the antecedent.",Antecedent ambiguity,they,TRUE,few-shot,2025-07-23T06:31:44.934333,105,126,"Ambiguity Type: Antecedent ambiguity
Problem Found: they
Fixed Requirement: The QEDC shall be configurable to allow new observation types to be implemented as the new observation types become availabl...",,,
19,2005_clarus_low,The QEDC shall maintain observations and their associated quality flags for seven days.,The QEDC shall maintain observations and their associated quality flags for seven days.,"The pronoun ""their"" was replaced with ""their associated quality flags"" to clarify what is being referred to.",Pronoun Ambiguity,their,FALSE,few-shot,2025-07-23T06:31:47.193186,87,87,"Ambiguity Type: Pronoun Ambiguity
Problem Found: their
Fixed Requirement: The QEDC shall maintain observations and their associated quality flags for seven days.
Explanation: The pronoun ""their"" was r...",,,
20,2005_clarus_low,The QEDC shall support queries for its observations.,The QEDC shall support queries for the QEDC's observations.,"The pronoun ""its"" was replaced with ""the QEDC's"" to clarify that the QEDC is the subject performing the action.",Pronoun ambiguity,its,TRUE,few-shot,2025-07-23T06:31:49.581350,52,59,"Ambiguity Type: Pronoun ambiguity
Problem Found: its
Fixed Requirement: The QEDC shall support queries for the QEDC's observations.
Explanation: The pronoun ""its"" was replaced with ""the QEDC's"" to cla...",,,
21,2005_clarus_low,The QEDC shall support queries against all of its available observation datasets.,The QEDC shall support queries against all of its available observation datasets.,"The pronoun ""its"" was replaced with ""its available observation datasets"" to clarify that ""its"" refers to the QEDC's available observation datasets.",Possessive pronoun ambiguity,its,FALSE,few-shot,2025-07-23T06:31:55.508898,81,81,"Ambiguity Type: Possessive pronoun ambiguity
Problem Found: its
Fixed Requirement: The QEDC shall support queries against all of its available observation datasets.
Explanation: The pronoun ""its"" was ...",,,
22,2005_clarus_low,QEDS shall be able to disseminate new observation types as they become available.,QEDS shall be able to disseminate new observation types as new observation types become available.,"The pronoun ""they"" was replaced with ""new observation types"" to clarify the antecedent.",Pronoun ambiguity,they,TRUE,few-shot,2025-07-23T06:31:57.716197,81,98,"Ambiguity Type: Pronoun ambiguity
Problem Found: they
Fixed Requirement: QEDS shall be able to disseminate new observation types as new observation types become available.
Explanation: The pronoun ""th...",,,
23,2005_clarus_low,QEDS shall log their activities.,QEDS shall log the QEDS activities.,"The pronoun ""their"" was replaced with ""the QEDS activities"" to clarify that QEDS is the subject performing the logging action.",Pronoun ambiguity,their,TRUE,few-shot,2025-07-23T06:31:59.964307,32,35,"Ambiguity Type: Pronoun ambiguity
Problem Found: their
Fixed Requirement: QEDS shall log the QEDS activities.
Explanation: The pronoun ""their"" was replaced with ""the QEDS activities"" to clarify that Q...",,,
24,2005_clarus_low,The Clarus system shall be able to base its quality checking process on values from multiple observations.,The Clarus system shall be able to base the Clarus system's quality checking process on values from multiple observations.,"The pronoun ""its"" was replaced with ""the Clarus system's"" to clarify that the quality checking process belongs to the Clarus system.",Possessive Pronoun Ambiguity,its,TRUE,few-shot,2025-07-23T06:32:02.833708,106,122,"Ambiguity Type: Possessive Pronoun Ambiguity
Problem Found: its
Fixed Requirement: The Clarus system shall be able to base the Clarus system's quality checking process on values from multiple observat...",,,
25,2005_clarus_low,The Clarus system shall be able to base its quality checking process on values distributed in time.,The Clarus system shall be able to base the Clarus system's quality checking process on values distributed in time.,"The pronoun ""its"" was replaced with ""the Clarus system's"" to clarify that the quality checking process belongs to the Clarus system.",Pronoun ambiguity,its,TRUE,few-shot,2025-07-23T06:32:05.524459,99,115,"Ambiguity Type: Pronoun ambiguity
Problem Found: its
Fixed Requirement: The Clarus system shall be able to base the Clarus system's quality checking process on values distributed in time.
Explanation:...",,,
26,2005_clarus_low,QChS shall be able to base its quality checking process on values distributed in time.,QChS shall be able to base the QChS's quality checking process on values distributed in time.,"The pronoun ""its"" was replaced with ""the QChS's"" to clarify that the quality checking process belongs to QChS.",Pronoun ambiguity,its,TRUE,few-shot,2025-07-23T06:32:08.144549,86,93,"Ambiguity Type: Pronoun ambiguity
Problem Found: its
Fixed Requirement: QChS shall be able to base the QChS's quality checking process on values distributed in time.
Explanation: The pronoun ""its"" was...",,,
27,2005_clarus_low,QChS shall be able to use historical environmental data in their quality checking algorithms.,QChS shall be able to use historical environmental data in QChS's quality checking algorithms.,"The pronoun ""their"" was replaced with ""QChS's"" to clarify that the quality checking algorithms belong to QChS.",Pronoun ambiguity,their,TRUE,few-shot,2025-07-23T06:32:10.644609,93,94,"Ambiguity Type: Pronoun ambiguity
Problem Found: their
Fixed Requirement: QChS shall be able to use historical environmental data in QChS's quality checking algorithms.
Explanation: The pronoun ""their...",,,
28,2005_clarus_low,QChS shall be implemented to quality check new observation types as they become available.,QChS shall be implemented to quality check new observation types as new observation types become available.,"The pronoun ""they"" was replaced with ""new observation types"" to clarify the antecedent.",Pronoun Ambiguity,they,TRUE,few-shot,2025-07-23T06:32:12.932559,90,107,"Ambiguity Type: Pronoun Ambiguity
Problem Found: they
Fixed Requirement: QChS shall be implemented to quality check new observation types as new observation types become available.
Explanation: The pr...",,,
29,2005_clarus_low,QChS shall apply quality flags to data as they are received.,QChS shall apply quality flags to data as the data are received.,"The pronoun ""they"" was replaced with ""the data"" to clarify what is being referred to.",Pronoun ambiguity,they,TRUE,few-shot,2025-07-23T06:32:15.013050,60,64,"Ambiguity Type: Pronoun ambiguity
Problem Found: they
Fixed Requirement: QChS shall apply quality flags to data as the data are received.
Explanation: The pronoun ""they"" was replaced with ""the data"" t...",,,
30,2005_clarus_low,The SS shall record when it initiates actions.,The SS shall record when the SS initiates actions.,"The pronoun ""it"" was replaced with ""the SS"" to clarify what initiates actions.",Pronoun Ambiguity,it,TRUE,few-shot,2025-07-23T06:32:16.979456,46,50,"Ambiguity Type: Pronoun Ambiguity
Problem Found: it
Fixed Requirement: The SS shall record when the SS initiates actions.
Explanation: The pronoun ""it"" was replaced with ""the SS"" to clarify what initi...",,,
31,2005_clarus_low,The Clarus system shall track its constituent hosts.,The Clarus system shall track the Clarus system's constituent hosts.,"The pronoun ""its"" was replaced with ""the Clarus system's"" to clarify that the Clarus system is the owner of the constituent hosts.",Possessive Pronoun Ambiguity,its,TRUE,few-shot,2025-07-23T06:32:19.565529,52,68,"Ambiguity Type: Possessive Pronoun Ambiguity
Problem Found: its
Fixed Requirement: The Clarus system shall track the Clarus system's constituent hosts.
Explanation: The pronoun ""its"" was replaced with...",,,
32,2005_clarus_low,The Clarus system shall be able to publish environmental data at three times the volume rate that it collects it.,The Clarus system shall be able to publish environmental data at three times the volume rate that the Clarus system collects environmental data.,"The pronouns ""it"" were replaced with ""the Clarus system"" to clarify the subject of the sentence.",Pronoun ambiguity,"it, it",TRUE,few-shot,2025-07-23T06:32:22.189389,113,144,"Ambiguity Type: Pronoun ambiguity
Problem Found: it, it
Fixed Requirement: The Clarus system shall be able to publish environmental data at three times the volume rate that the Clarus system collects ...",,,
33,2005_clarus_low,The contributors shall identify the intended use of their shared data and information.,The contributors shall identify the intended use of the contributors' shared data and information.,"The pronoun ""their"" was replaced with ""the contributors'"" to clarify that the shared data and information belong to the contributors.",Pronoun ambiguity,their,TRUE,few-shot,2025-07-23T06:32:24.481070,86,98,"Ambiguity Type: Pronoun ambiguity
Problem Found: their
Fixed Requirement: The contributors shall identify the intended use of the contributors' shared data and information.
Explanation: The pronoun ""t...",,,
34,2005_clarus_low,The contributors shall identify the categories of recipients of their shared data and information.,The contributors shall identify the categories of recipients of the contributors' shared data and information.,"The possessive pronoun ""their"" was replaced with ""the contributors'"" to clarify that the shared data and information belong to the contributors.",Possessive Pronoun Ambiguity,their,TRUE,few-shot,2025-07-23T06:32:27.060340,98,110,"Ambiguity Type: Possessive Pronoun Ambiguity
Problem Found: their
Fixed Requirement: The contributors shall identify the categories of recipients of the contributors' shared data and information.
Expl...",,,
35,2005_clarus_low,The contributors shall define the units of measurements of their shared data and information.,The contributors shall define the units of measurement of the contributors' shared data and information.,"The pronoun ""their"" was replaced with ""the contributors'"" to clarify that the units of measurement belong to the contributors.",Pronoun ambiguity,their,TRUE,few-shot,2025-07-23T06:32:29.357391,93,104,"Ambiguity Type: Pronoun ambiguity
Problem Found: their
Fixed Requirement: The contributors shall define the units of measurement of the contributors' shared data and information.
Explanation: The pron...",,,
36,2005_clarus_low,The Clarus program shall determine how it will provide data and information to contributors.,The Clarus program shall determine how the Clarus program will provide data and information to contributors.,"The pronoun ""it"" was replaced with ""the Clarus program"" to clarify the subject of the sentence.",Pronoun ambiguity,it,TRUE,few-shot,2025-07-23T06:32:31.640327,92,108,"Ambiguity Type: Pronoun ambiguity
Problem Found: it
Fixed Requirement: The Clarus program shall determine how the Clarus program will provide data and information to contributors.
Explanation: The pro...",,,
37,2005_clarus_low,The Clarus program shall provide data and information statistics on its operation to contributors.,The Clarus program shall provide data and information statistics on the Clarus program's operation to contributors.,"The pronoun ""its"" was replaced with ""the Clarus program's"" to clarify that the statistics are about the operation of the Clarus program itself.",Possessive pronoun ambiguity,its,TRUE,few-shot,2025-07-23T06:32:34.401081,98,115,"Ambiguity Type: Possessive pronoun ambiguity
Problem Found: its
Fixed Requirement: The Clarus program shall provide data and information statistics on the Clarus program's operation to contributors.
E...",,,
38,2005_clarus_low,"The Clarus program shall inform contributors of the ""acceptance and use"" of their data and information.","The Clarus program shall inform contributors of the ""acceptance and use"" of their data and information.","The pronoun ""their"" was replaced with ""contributors'"" to clarify that the data and information belong to the contributors.",Pronoun ambiguity,their,FALSE,few-shot,2025-07-23T06:32:36.805491,103,103,"Ambiguity Type: Pronoun ambiguity
Problem Found: their
Fixed Requirement: The Clarus program shall inform contributors of the ""acceptance and use"" of their data and information.
Explanation: The prono...",,,
39,2005_clarus_low,The contributors shall inform the Clarus program of known error(s) and modifications in its data and information.,The contributors shall inform the Clarus program of known error(s) and modifications in the Clarus program's data and information.,"The pronoun ""its"" was replaced with ""the Clarus program's"" to clarify that the data and information belong to the Clarus program.",Possessive pronoun ambiguity,its,TRUE,few-shot,2025-07-23T06:32:39.681149,113,130,"Ambiguity Type: Possessive pronoun ambiguity
Problem Found: its
Fixed Requirement: The contributors shall inform the Clarus program of known error(s) and modifications in the Clarus program's data and...",,,
40,2005_clarus_low,The Clarus program shall determine its redistribution of shared data from contributors based upon Clarus Data Sharing Agreements.,The Clarus program shall determine the Clarus program's redistribution of shared data from contributors based upon Clarus Data Sharing Agreements.,"The pronoun ""its"" was replaced with ""the Clarus program's"" to clarify that the redistribution refers to the Clarus program's own redistribution.",Possessive Pronoun Ambiguity,its,TRUE,few-shot,2025-07-23T06:32:42.693982,129,146,"Ambiguity Type: Possessive Pronoun Ambiguity
Problem Found: its
Fixed Requirement: The Clarus program shall determine the Clarus program's redistribution of shared data from contributors based upon Cl...",,Checked 40,4 incorrect 36 correct
41,2005_clarus_low,The Clarus program shall report successes and failures in data and information transmission to its contributors.,The Clarus program shall report successes and failures in data and information transmission to the Clarus program's contributors.,"The pronoun ""its"" was replaced with ""the Clarus program's"" to clarify that the contributors are related to the Clarus program.",Possessive Pronoun Ambiguity,its,TRUE,few-shot,2025-07-23T06:32:45.489841,112,129,"Ambiguity Type: Possessive Pronoun Ambiguity
Problem Found: its
Fixed Requirement: The Clarus program shall report successes and failures in data and information transmission to the Clarus program's c...",,,
42,2005_clarus_low,The Clarus program shall maintain information about requestors and their access to data and information.,The Clarus program shall maintain information about requestors and the requestors' access to data and information.,"The pronoun ""their"" was replaced with ""the requestors'"" to clarify that the access refers to the requestors' access.",Pronoun Ambiguity,their,TRUE,few-shot,2025-07-23T06:32:48.077072,104,114,"Ambiguity Type: Pronoun Ambiguity
Problem Found: their
Fixed Requirement: The Clarus program shall maintain information about requestors and the requestors' access to data and information.
Explanation...",,,
43,2005_clarus_low,"The contributors shall provide the Clarus program with a timely notice of their intent to change, alter, replace, or eliminate any shared data and information as specified within this Clarus Data Sharing Agreement.","The contributors shall provide the Clarus program with a timely notice of their intent to change, alter, replace, or eliminate any shared data and information as specified within this Clarus Data Sharing Agreement.","The pronoun ""their"" was replaced with ""the contributors'"" to clarify that the contributors are the ones providing the notice, not the Clarus program.",Pronoun Ambiguity,their,FALSE,few-shot,2025-07-23T06:32:51.469970,214,214,"Ambiguity Type: Pronoun Ambiguity
Problem Found: their
Fixed Requirement: The contributors shall provide the Clarus program with a timely notice of their intent to change, alter, replace, or eliminate...",,,
44,2005_clarus_low,The Clarus program shall operate the Clarus system according to its published IT Security Plan.,The Clarus program shall operate the Clarus system according to the Clarus system's published IT Security Plan.,"The pronoun ""its"" was replaced with ""the Clarus system's"" to clarify the antecedent.",Possessive pronoun ambiguity,its,TRUE,few-shot,2025-07-23T06:32:53.984893,95,111,"Ambiguity Type: Possessive pronoun ambiguity
Problem Found: its
Fixed Requirement: The Clarus program shall operate the Clarus system according to the Clarus system's published IT Security Plan.
Expla...",,,
45,2002_evla_back,Data Integrity Verification – The BE shall ensure that time series data is correctly ordered and contains valid data values along its entire extent.,The BE shall ensure that time series data is correctly ordered and contains valid data values along the time series data's entire extent.,"The pronoun ""its"" was replaced with ""the time series data's"" to clarify that the extent refers to the time series data.",Possessive pronoun ambiguity,its,TRUE,few-shot,2025-07-23T06:32:56.782683,148,137,"Ambiguity Type: Possessive pronoun ambiguity
Problem Found: its
Fixed Requirement: The BE shall ensure that time series data is correctly ordered and contains valid data values along the time series d...",,,
46,2002_evla_back,Offload – The BE shall be able to redistribute internal workload among its processors. This may involve change of destination IP address(es) for the Correlator network.,The BE shall be able to redistribute the internal workload among the BE's processors. This may involve a change of destination IP address(es) for the Correlator network.,"The pronoun ""its"" was replaced with ""the BE's"" to clarify that the workload is being redistributed among the processors of the BE (Business Entity).",Possessive pronoun ambiguity,its,TRUE,few-shot,2025-07-23T06:33:00.061743,168,169,"Ambiguity Type: Possessive pronoun ambiguity
Problem Found: its
Fixed Requirement: The BE shall be able to redistribute the internal workload among the BE's processors. This may involve a change of de...",,,
47,2002_evla_back,"Auto-correction – the Backend System shall be self-monitoring.  It will be capable of detecting, reporting on and automatically taking action to remedy or lessen the impact of, at a minimum, the following types of abnormal conditions: processor hardware failure, operating system hangs or crashes, computational performance below minimum specifications, computational error rates above maximum specification, internal communications failures, and external (with the Correlator and E2E) communications disruptions.","The Backend System shall be self-monitoring. It will be capable of detecting, reporting on and automatically taking action to remedy or lessen the impact of, at a minimum, the following types of abnormal conditions: processor hardware failure, operating system hangs or crashes, computational performance below minimum specifications, computational error rates above maximum specification, internal communications failures, and external (with the Correlator and E2E) communications disruptions.","The pronoun ""it"" was replaced with ""the Backend System"" to clarify the subject of the sentence.",Pronoun ambiguity,it,TRUE,few-shot,2025-07-23T06:33:04.690052,513,494,"Ambiguity Type: Pronoun ambiguity
Problem Found: it
Fixed Requirement: The Backend System shall be self-monitoring. It will be capable of detecting, reporting on and automatically taking action to rem...",,,
48,2002_evla_back,Software Accessibility – all systems and application source code shall be available to or on the systems that execute it.,Software Accessibility – all systems and application source code shall be available to or on the systems that execute the software.,"The pronoun ""it"" was replaced with ""the software"".",Pronoun Ambiguity,it,TRUE,few-shot,2025-07-23T06:33:06.802535,121,131,"Ambiguity Type: Pronoun Ambiguity
Problem Found: it
Fixed Requirement: Software Accessibility – all systems and application source code shall be available to or on the systems that execute the softwar...",,,
49,2002_evla_back,"Seamlessness – 3.7.1, above, shall be accomplished in a manner that is seamless, in that it does not affect hardware modules or software functionality that it meets at interfaces.","Seamlessness – 3.7.1, above, shall be accomplished in a manner that is seamless, in that it does not affect hardware modules or software functionality that Seamlessness – 3.7.1, above, meets at interfaces.","The pronoun ""it"" was replaced with ""Seamlessness – 3.7.1, above"".",Pronoun ambiguity,it,TRUE,few-shot,2025-07-23T06:33:10.232029,179,205,"Ambiguity Type: Pronoun ambiguity
Problem Found: it
Fixed Requirement: Seamlessness – 3.7.1, above, shall be accomplished in a manner that is seamless, in that it does not affect hardware modules or s...",,,
50,2002_evla_back,Performance – the Backend system shall ultimately be scaleable to an extent that it will be capable of handling up to two Gbytes per second per Correlator output channel in real-time.,The Backend system shall ultimately be scalable to an extent that the Backend system will be capable of handling up to two Gbytes per second per Correlator output channel in real-time.,"The pronoun ""it"" was replaced with ""the Backend system"" to clarify the antecedent.",Pronoun ambiguity,it,TRUE,few-shot,2025-07-23T06:33:13.074715,183,184,"Ambiguity Type: Pronoun ambiguity
Problem Found: it
Fixed Requirement: The Backend system shall ultimately be scalable to an extent that the Backend system will be capable of handling up to two Gbytes...",,,
51,1999_multi_mahjong,The MultiMahjongServer will allow connections from MultiMahjongClients and communicate with them using IP.,The MultiMahjongServer will allow connections from MultiMahjongClients and communicate with the MultiMahjongClients using IP.,"The pronoun ""them"" was replaced with ""the MultiMahjongClients"" to clarify the intended referent.",Antecedent ambiguity,them,TRUE,few-shot,2025-07-23T06:33:15.585885,106,125,"Ambiguity Type: Antecedent ambiguity
Problem Found: them
Fixed Requirement: The MultiMahjongServer will allow connections from MultiMahjongClients and communicate with the MultiMahjongClients using IP...",,,
52,1999_multi_mahjong,"The MultiMahjongServer will serve as a node for MultiMahjongClients. That is, it will be able to relay data received from one MultiMahjongClient to other MultiMahjongClients that request it.","The MultiMahjongServer will serve as a node for MultiMahjongClients. That is, it will be able to relay data received from one MultiMahjongClient to other MultiMahjongClients that request the MultiMahjongServer.","The pronoun ""it"" was replaced with ""the MultiMahjongServer"".",Antecedent ambiguity,it,TRUE,few-shot,2025-07-23T06:33:18.686795,190,210,"Ambiguity Type: Antecedent ambiguity
Problem Found: it
Fixed Requirement: The MultiMahjongServer will serve as a node for MultiMahjongClients. That is, it will be able to relay data received from one ...",,,
53,1999_multi_mahjong,"The MultiMahjongServer will automate the game initialisation functions (as opposed to the MultiMahjongClient doing them), such as: randomising tile order, randomising seating position and storing the ""Game Info"" database.","The MultiMahjongServer will automate the game initialisation functions (as opposed to the MultiMahjongClient doing the game initialisation functions), such as: randomising tile order, randomising seating position and storing the ""Game Info"" database.","The pronoun ""them"" was replaced with ""the game initialisation functions"" to clarify what is being referred to.",Antecedent ambiguity,them,TRUE,few-shot,2025-07-23T06:33:22.145539,221,250,"Ambiguity Type: Antecedent ambiguity
Problem Found: them
Fixed Requirement: The MultiMahjongServer will automate the game initialisation functions (as opposed to the MultiMahjongClient doing the game ...",,,
54,1999_multi_mahjong,The MultiMahjongServer will allow players on MultiMahjongClient programs to modify their own names and icons during gameplay (as opposed to only at the beginning).,The MultiMahjongServer will allow players on MultiMahjongClient programs to modify their own names and icons during gameplay (as opposed to only at the beginning).,"The pronoun ""their"" was replaced with ""their own"" to clarify that it refers to the players' own names and icons.",Pronoun ambiguity,their,FALSE,few-shot,2025-07-23T06:33:25.050532,163,163,"Ambiguity Type: Pronoun ambiguity
Problem Found: their
Fixed Requirement: The MultiMahjongServer will allow players on MultiMahjongClient programs to modify their own names and icons during gameplay (...",,,
55,1999_multi_mahjong,The MultiMahjongServer will support an architecture whereby all Computer Opponents (CO) required will reside on it instead of on the MultiMahjongClient programs.,The MultiMahjongServer will support an architecture whereby all Computer Opponents (CO) required will reside on the MultiMahjongServer instead of on the MultiMahjongClient programs.,"The pronoun ""it"" was replaced with ""the MultiMahjongServer"".",Antecedent ambiguity,it,TRUE,few-shot,2025-07-23T06:33:27.739657,161,181,"Ambiguity Type: Antecedent ambiguity
Problem Found: it
Fixed Requirement: The MultiMahjongServer will support an architecture whereby all Computer Opponents (CO) required will reside on the MultiMahjo...",,,
56,1999_multi_mahjong,"When the user begins the MultiMahjongClient program, they will be able to choose to create a new multi player game, to create a new single player game, to join an existing multi player game, or to quit the program. These options will be available at any stage while the program is running as long as there is no game currently being played by the user (see Section 4.4 for more details about quitting).","When the user begins the MultiMahjongClient program, the user will be able to choose to create a new multi player game, to create a new single player game, to join an existing multi player game, or to quit the program. These options will be available at any stage while the program is running as long as there is no game currently being played by the user (see Section 4.4 for more details about quitting).","Replaced ""they"" with ""the user"" and ""these"" with ""these options"" to clarify the reference.",Pronoun ambiguity,"they, these",TRUE,few-shot,2025-07-23T06:33:36.018246,402,406,"Here's the analysis:

1. SCAN: I found the following pronouns: ""they"", ""these""
2. IDENTIFY: ""they"" refers to the user, and ""these"" refers to the options
3. CHECK: Both pronouns are ambiguous because i...",,,
57,1999_multi_mahjong,"When a user creates a new multi player game, they must: 1-Enter their name. 2- Choose an icon from a predetermined list. 3- Decide the number of human and computer opponents they want. As any game of Mahjong requires 4 players, the MultiMahjongClient will limit the user to choosing 4 players in total. 4- Set the score limit for winning a hand of Mahjong. 5- When all the necessary human players have joined the game, the user may choose to begin the game.","When a user creates a new multi-player game, the user must: 1-Enter the user's name. 2- Choose an icon from a predetermined list. 3- Decide the number of human and computer opponents the user wants. As any game of Mahjong requires 4 players, the MultiMahjongClient will limit the user to choosing 4 players in total. 4- Set the score limit for winning a hand of Mahjong. 5- When all the necessary human players have joined the game, the user may choose to begin the game.","The pronouns ""they"", ""their"", and ""they"" were replaced with the specific antecedent ""the user"" to remove ambiguity.",Multiple pronoun ambiguities,"- ""they"" (in ""When a user creates a new multi player game, they must..."")",TRUE,few-shot,2025-07-23T06:33:45.019830,457,471,"Ambiguity Type: Multiple pronoun ambiguities
Problem Found: 
- ""they"" (in ""When a user creates a new multi player game, they must..."")
- ""their"" (in ""1-Enter their name"")
- ""they"" (in ""3- Decide the n...",,,
58,1999_multi_mahjong,"When a user creates a new single player game, they must: 1- Enter their name. 2- Choose an icon from a predetermined list. 3- Set the score limit for winning a hand of Mahjong.","When a user creates a new single player game, the user must: 1- Enter the user's name. 2- Choose an icon from a predetermined list. 3- Set the score limit for winning a hand of Mahjong.","The pronouns ""they"" and ""their"" were replaced with ""the user"" to clarify the subject performing the actions.",Pronoun ambiguity,"they, their",TRUE,few-shot,2025-07-23T06:33:48.534056,176,185,"Ambiguity Type: Pronoun ambiguity
Problem Found: they, their
Fixed Requirement: When a user creates a new single player game, the user must: 1- Enter the user's name. 2- Choose an icon from a predeter...",,,
59,1999_multi_mahjong,"When a user wishes to join a multi player game, they must: 1- Enter their name. 2- Choose an icon from a predetermined list. 3- Choose which of the available games they wish to join.","When a user wishes to join a multiplayer game, the user must: 1- Enter the user's name. 2- Choose an icon from a predetermined list. 3- Choose which of the available games the user wishes to join.","The pronouns ""they"" and ""their"" were replaced with ""the user"" to clarify the subject of the sentence.",Pronoun ambiguity,"they, their",TRUE,few-shot,2025-07-23T06:33:52.051865,182,196,"Ambiguity Type: Pronoun ambiguity
Problem Found: they, their
Fixed Requirement: When a user wishes to join a multiplayer game, the user must: 1- Enter the user's name. 2- Choose an icon from a predete...",,,
60,1999_multi_mahjong,"In a multi player game, each MultiMahjongClient must retrieve the following data from the MultiMahjongServer: 1- Whether it must support a CO. 2- The score limit for a hand. 3- All players' names, icons and seating positions. 4- The tiles of the human and CO (optional) player supported on the MultiMahjongClient.","In a multi-player game, each MultiMahjongClient must retrieve the following data from the MultiMahjongServer: 1- Whether the MultiMahjongServer must support a CO. 2- The score limit for a hand. 3- All players' names, icons, and seating positions. 4- The tiles of the human player and the CO (optional) player supported on the MultiMahjongClient.","The pronouns ""it"", ""the"", ""they"", and ""their"" were replaced with specific antecedents to clarify the reference.",Multiple types of pronoun ambiguity,"- ""it"" (referring to ""MultiMahjongClient"" or ""MultiMahjongServer"")",TRUE,few-shot,2025-07-23T06:33:59.360138,313,345,"Ambiguity Type: Multiple types of pronoun ambiguity
Problem Found: 
- ""it"" (referring to ""MultiMahjongClient"" or ""MultiMahjongServer"")
- ""the"" (referring to ""tiles"" or ""player"")
- ""they"" (referring to...",,,
61,1999_multi_mahjong,The MultiMahjongClient will save the user preferences in a file and read them in when the program begins.,The MultiMahjongClient will save the user preferences in a file and read the user preferences in when the program begins.,"The pronoun ""them"" was replaced with ""the user preferences"" to clarify what is being read in when the program begins.",Pronoun ambiguity,them,TRUE,few-shot,2025-07-23T06:34:01.943280,105,121,"Ambiguity Type: Pronoun ambiguity
Problem Found: them
Fixed Requirement: The MultiMahjongClient will save the user preferences in a file and read the user preferences in when the program begins.
Expla...",,,
62,1999_multi_mahjong,"Any user who creates or joins a game will be able to upload their own JPEG or GIF image that they wish to have displayed above their name, if they do not wish to use a preset icon.","Any user who creates or joins a game will be able to upload their own JPEG or GIF image that the user wishes to have displayed above the user's name, if the user does not wish to use a preset icon.","The pronouns ""their"", ""they"", and ""they"" were replaced with ""the user"" to clarify the subject of the sentence.",Multiple pronoun ambiguities (possessive and personal),"their, they, they",TRUE,few-shot,2025-07-23T06:34:05.805094,180,197,"Ambiguity Type: Multiple pronoun ambiguities (possessive and personal)
Problem Found: their, they, they
Fixed Requirement: Any user who creates or joins a game will be able to upload their own JPEG or...",,,
63,1999_multi_mahjong,The MultiMahjongClient will inform the user whose turn it is to pick up a tile.,The MultiMahjongClient will inform the user whose turn the MultiMahjongClient is to pick up a tile.,"The pronoun ""it"" was replaced with ""the MultiMahjongClient"" to clarify the antecedent.",Antecedent ambiguity,it,TRUE,few-shot,2025-07-23T06:34:08.348373,79,99,"Ambiguity Type: Antecedent ambiguity
Problem Found: it
Fixed Requirement: The MultiMahjongClient will inform the user whose turn the MultiMahjongClient is to pick up a tile.
Explanation: The pronoun ""...",,,
64,1999_multi_mahjong,"User's will be able to pick up a tile from the wall if it is their turn. If they choose to pick up, the MultiMahjongClient must send this information to the MultiMahjongServer.","Users will be able to pick up a tile from the wall if it is their turn. If they choose to pick up, the MultiMahjongClient must send the information to the MultiMahjongServer.","Replaced ""it"" with ""the tile"" and ""their"" with ""their turn"", and ""this"" with ""the information"".",Multiple pronoun ambiguities,"- ""it"" (refers to either the tile or the turn)",TRUE,few-shot,2025-07-23T06:34:13.145229,176,174,"Ambiguity Type: Multiple pronoun ambiguities
Problem Found: 
- ""it"" (refers to either the tile or the turn)
- ""their"" (refers to either the User or the turn)
- ""this"" (refers to the information)
Fixed...",,,
65,1999_multi_mahjong,"User's will be able to discard a tile if they have picked one up. When they choose to discard, the MultiMahjongClient must send this information to the MultiMahjongServer.","Users will be able to discard a tile if they have picked one up. When they choose to discard, the MultiMahjongClient must send that information to the MultiMahjongServer.","The possessive pronoun ""User's"" was replaced with ""Users"" to make it clear that the subject is the users, not the system. The pronouns ""they"" were replaced with ""they"" and ""that"" to make it clear that the subject is the users, not the system.",Multiple pronoun ambiguities,#VALUE!,TRUE,few-shot,2025-07-23T06:34:18.125095,171,170,"Ambiguity Type: Multiple pronoun ambiguities
Problem Found: 
- ""User's""
- ""they""
- ""they""
- ""this""
Fixed Requirement: Users will be able to discard a tile if they have picked one up. When they choose ...",,,
66,1999_multi_mahjong,User's will be able to Undo their last move if playing in single player mode.,Users will be able to undo their last move if playing in single-player mode.,"The pronouns ""User's"" and ""their"" were replaced with ""Users"" and ""their"" respectively.",Pronoun Ambiguity,"User's, their",TRUE,few-shot,2025-07-23T06:34:20.474859,77,76,"Ambiguity Type: Pronoun Ambiguity
Problem Found: User's, their
Fixed Requirement: Users will be able to undo their last move if playing in single-player mode.
Explanation: The pronouns ""User's"" and ""t...",,,
67,1999_multi_mahjong,User's will be able to Save their game if playing in single player mode.,Users will be able to save their game if playing in single-player mode.,"The pronouns ""User's"" and ""their"" were replaced with ""Users"" and ""their game"" respectively to clarify the subject and object of the sentence.",Pronoun ambiguity,"User's, their",TRUE,few-shot,2025-07-23T06:34:23.096333,72,71,"Ambiguity Type: Pronoun ambiguity
Problem Found: User's, their
Fixed Requirement: Users will be able to save their game if playing in single-player mode.
Explanation: The pronouns ""User's"" and ""their""...",,,
68,1999_multi_mahjong,User's will be able to change their icons/pictures and names during the game.,Users will be able to change their icons/pictures and names during the game.,"The possessive pronoun ""User's"" was replaced with the noun ""Users"", and the pronoun ""their"" was replaced with the pronoun ""their"" (no change needed, but it was already correct).",Pronoun Ambiguity,"""User's"", ""their""",TRUE,few-shot,2025-07-23T06:34:26.305939,77,76,"Ambiguity Type: Pronoun Ambiguity
Problem Found: ""User's"", ""their""
Fixed Requirement: Users will be able to change their icons/pictures and names during the game.
Explanation: The possessive pronoun ""...",,,
69,1999_multi_mahjong,"If a user leaves the game prematurely, a new CO is created on another user's machine to fill their place. This CO will take over the user's current position and circumstance within the game. This CO will play at an ability level as defined in the Level 2 Requirements for the CO (see Section 4.5.6).","If a user leaves the game prematurely, a new CO is created on another user's machine to fill the user who left the game's place. This CO will take over the user who left the game's current position and circumstance within the game. This CO will play at an ability level as defined in the Level 2 Requirements for the CO (see Section 4.5.6).","The pronouns ""their"" and ""its"" were replaced with ""the user who left the game"" to clarify the reference.",Multiple pronoun ambiguities,#NAME?,TRUE,few-shot,2025-07-23T06:34:32.769917,299,340,"Ambiguity Type: Multiple pronoun ambiguities
Problem Found: 
- their (refers to either the user who left the game or the CO)
- their (refers to the user who left the game)
- its (refers to the CO, but...",,,
70,1999_multi_mahjong,"If a user leaves the game prematurely, a new CO is created on another user's machine to fill their place. The user who created the game will decide at what level (see Section 4.5.8) the CO will play at.","If a user leaves the game prematurely, a new CO is created on another user's machine to fill the other user's place. The user who created the game will decide at what level (see Section 4.5.8) the CO will play at.","The pronoun ""their"" was replaced with ""the other user's"" to clarify the reference to the user whose place is being filled. The implied pronoun ""it"" was not explicitly stated, but the ambiguity was resolved by rephrasing the sentence. The pronoun ""the user"" was replaced with ""the other user"" to clarify which user is being referred to.",Pronoun Ambiguity,#VALUE!,TRUE,few-shot,2025-07-23T06:34:39.494722,202,213,"Ambiguity Type: Pronoun Ambiguity
Problem Found: 
- ""their""
- ""it"" (implied, but not explicitly stated)
- ""the user"" (refers to two different users, creating ambiguity)
Fixed Requirement: If a user le...",,,
71,1999_multi_mahjong,The CO will be able to perform look ahead algorithms to determine its best move in the Intermediate and Advanced levels.,The CO will be able to perform look ahead algorithms to determine the CO's best move in the Intermediate and Advanced levels.,"The pronoun ""its"" was replaced with ""the CO's"" to clarify that the CO is the subject performing the look ahead algorithms.",Pronoun Ambiguity,its,TRUE,few-shot,2025-07-23T06:34:42.236083,120,125,"Ambiguity Type: Pronoun Ambiguity
Problem Found: its
Fixed Requirement: The CO will be able to perform look ahead algorithms to determine the CO's best move in the Intermediate and Advanced levels.
Ex...",,,
72,1999_multi_mahjong,The coding standard will be the same as that suggested by Sun Microsystems. This document is available in PDF in our repository at: MultiMahjong/doc/SQAP/CodeConventions.pdf or online at: ftp://ftp.javasoft.com/docs/codeconv/CodeConventions.pdf,The coding standard will be the same as the coding standard suggested by Sun Microsystems. This document is available in PDF in our repository at: MultiMahjong/doc/SQAP/CodeConventions.pdf or online at: ftp://ftp.javasoft.com/docs/codeconv/CodeConventions.pdf,"The pronoun ""that"" was replaced with ""the coding standard suggested by Sun Microsystems"" to clarify the reference.",Antecedent ambiguity,that,TRUE,few-shot,2025-07-23T06:34:46.035546,244,259,"Ambiguity Type: Antecedent ambiguity
Problem Found: that
Fixed Requirement: The coding standard will be the same as the coding standard suggested by Sun Microsystems. This document is available in PDF...",,,
73,1999_multi_mahjong,"A section added to the manual which details some technical information on the MultiMahjong product, including: 1- The languages we used to write the MultiMahjong product and a history of how it developed. 2- A brief description of how the MultiMahjongServer and MultiMahjongClients interact.","A section added to the manual which details some technical information on the MultiMahjong product, including: 1- The languages we used to write the MultiMahjong product and a history of how the MultiMahjong product developed. 2- A brief description of how the MultiMahjongServer and MultiMahjongClients interact with the MultiMahjong product.","The pronoun ""it"" was replaced with the specific antecedent ""the MultiMahjong product"" to clarify the reference.",Multiple pronoun ambiguities,"- ""it"" (referring to the MultiMahjong product)",TRUE,few-shot,2025-07-23T06:34:52.377693,291,343,"Ambiguity Type: Multiple pronoun ambiguities
Problem Found: 
- ""it"" (referring to the MultiMahjong product)
- ""the MultiMahjongServer and MultiMahjongClients"" (referring to the subject of the sentence...",,,
74,1999_multi_mahjong,The manual will contain the following sections: 1- How to install the MultiMahjongClient program. 2- How to begin a single/multi player game or join a multi player game (see Section 4.2) 3. How to play a game of MultiMahjong (which describes the rules and scoring in a game of Chinese Mahjong).  4- An explanation of what all parts of the GUI do (see Section 6.3) and how to use them. 5- Troubleshooting guide,The manual will contain the following sections: 1- How to install the MultiMahjongClient program. 2- How to begin a single/multi player game or join a multi player game (see Section 4.2). 3. How to play a game of MultiMahjong (which describes the rules and scoring in a game of Chinese Mahjong). 4- An explanation of what all parts of the GUI do (see Section 6.3) and how to use the GUI components. 5- Troubleshooting guide,"The pronouns ""them"" and implied ""it"" were replaced with specific antecedents ""the GUI components"" and ""the game of MultiMahjong"" respectively.",Pronoun ambiguity,"- ""them"" in ""how to use them""",TRUE,few-shot,2025-07-23T06:35:00.897415,409,423,"Ambiguity Type: Pronoun ambiguity
Problem Found: 
- ""them"" in ""how to use them""
- ""it"" implied in ""a game of Chinese Mahjong"" (not explicitly a pronoun, but could be interpreted as referring to the ga...",,,
75,tachonet,FUN-02 The system must allow a member of the network to send a bulk request on all or a large part of its driver’s smart card holders to a particular or all members of the network.,The system must allow a member of the network to send a bulk request on all or a large part of the driver's smart card holders to a particular or all members of the network.,"The pronoun ""its"" was replaced with ""the driver's"" to clarify the reference to the driver's smart card holders.",Possessive pronoun ambiguity,its,TRUE,few-shot,2025-07-23T06:35:04.085602,180,173,"Ambiguity Type: Possessive pronoun ambiguity
Problem Found: its
Fixed Requirement: The system must allow a member of the network to send a bulk request on all or a large part of the driver's smart car...",,,
76,tachonet,FUN-03 The system must allow a member to do statistics on messages issued and received from/to his system.,The system must allow a member to do statistics on messages issued and received from/to the member's system.,"The pronoun ""his"" was replaced with ""the member's"" to clarify the antecedent.",Ambiguous pronoun reference,his,TRUE,few-shot,2025-07-23T06:35:06.473154,106,108,"Ambiguity Type: Ambiguous pronoun reference
Problem Found: his
Fixed Requirement: The system must allow a member to do statistics on messages issued and received from/to the member's system.
Explanati...",,,
77,tachonet,"FUN-14  The system must allow a Member State (through its Card Issuing Authority) to ask for the status of card (lost, stolen,…) to the corresponding Card Issuing Authority of the Member State having issued the card.","The system must allow a Member State (through the Card Issuing Authority of the Member State) to ask for the status of the card (lost, stolen,…) to the corresponding Card Issuing Authority of the Member State that issued the card.","The pronouns ""its"" and ""the"" were replaced with specific antecedents to clarify the reference.",Multiple pronoun ambiguities,#NAME?,TRUE,few-shot,2025-07-23T06:35:11.981370,216,230,"Ambiguity Type: Multiple pronoun ambiguities
Problem Found: 
- its (refers to Card Issuing Authority or Member State)
- the (refers to Card Issuing Authority or card)
- its (refers to Card Issuing Aut...",,,
78,tachonet,"FUN-15  The system must allow a Member State (through its Card Issuing Authority) to send card status modification requests (lost, stolen,…) to the corresponding Card Issuing Authority of the Member State having issued the card.","The system must allow a Member State (through the Card Issuing Authority of the Member State) to send card status modification requests (lost, stolen,…) to the corresponding Card Issuing Authority of the Member State having issued the card.","The pronoun ""its"" was replaced with ""the Card Issuing Authority of the Member State"" to clarify the reference.",Possessive pronoun ambiguity,its,TRUE,few-shot,2025-07-23T06:35:15.630168,228,240,"Ambiguity Type: Possessive pronoun ambiguity
Problem Found: its
Fixed Requirement: The system must allow a Member State (through the Card Issuing Authority of the Member State) to send card status mod...",,,
79,tachonet,"FUN-16 The system must allow enforcement authorities (through its Card Issuing Authority) to ask for driver’s card status (based on either card number + issuing Member State code or driver’s surname, first names, date of birth and issuing Member State code) to the corresponding Card Issuing Authority of the Member State having issued the card.","The system must allow enforcement authorities (through the Card Issuing Authority) to ask for driver's card status (based on either card number + issuing Member State code or driver's surname, first names, date of birth and issuing Member State code) to the corresponding Card Issuing Authority of the Member State having issued the card.","Replaced ""its"" with ""Card Issuing Authority's"" to clarify the reference.",Pronoun ambiguity,"its, driver's",TRUE,few-shot,2025-07-23T06:35:27.250407,345,338,"Here's the analysis:

1. SCAN: I found the following pronouns: ""its"", ""driver's"", ""the""
2. IDENTIFY: 
   - ""its"" refers to ""Card Issuing Authority""
   - ""driver's"" refers to ""driver""
   - ""the"" refers...",,,
80,tachonet,FUN-17 The system must allow enforcement authorities (through its Card Issuing Authority) to ask for workshop card status (based on workshop card number + issuing Member State code) to the corresponding Card Issuing Authority of the Member State having issued the card.,The system must allow enforcement authorities (through the Card Issuing Authority of the Member State having issued the card) to ask for workshop card status (based on workshop card number + issuing Member State code) to the corresponding Card Issuing Authority of the Member State having issued the card.,"The pronoun ""its"" was replaced with ""the Card Issuing Authority of the Member State having issued the card"", and the second instance of ""the Card Issuing Authority of the Member State having issued the card"" was added to clarify the reference.",Possessive pronoun ambiguity,"its, the Card Issuing Authority of the Member State having issued the card",TRUE,few-shot,2025-07-23T06:35:32.547827,269,305,"Ambiguity Type: Possessive pronoun ambiguity
Problem Found: its, the Card Issuing Authority of the Member State having issued the card
Fixed Requirement: The system must allow enforcement authorities ...",,,
81,tachonet,USA-03  The system must make it easy to correct mistakes.,The system must make correcting mistakes easy.,"The pronoun ""it"" was replaced with ""correcting mistakes"" to clarify what the system must make easy.",Pronoun Ambiguity,it,TRUE,few-shot,2025-07-23T06:35:34.514665,57,46,"Ambiguity Type: Pronoun Ambiguity
Problem Found: it
Fixed Requirement: The system must make correcting mistakes easy.
Explanation: The pronoun ""it"" was replaced with ""correcting mistakes"" to clarify w...",,,
82,tachonet,"REL-02  The system must function reliably, with few or no interruptions in its first operational year and fewer still thereafter.","The system must function reliably, with few or no interruptions in the system's first operational year and fewer still thereafter.","The pronoun ""its"" was replaced with ""the system's"" to clarify that the system is referring to the system itself, not some other entity.",Possessive pronoun ambiguity,its,TRUE,few-shot,2025-07-23T06:35:37.358243,129,130,"Ambiguity Type: Possessive pronoun ambiguity
Problem Found: its
Fixed Requirement: The system must function reliably, with few or no interruptions in the system's first operational year and fewer stil...",,,
83,tachonet,PER-01  The system should be able to cover more than one contact point per country depending on the administrative organisation adopted by each country and able to work in a multi hierarchical environment. This is no longer the case since everybody agrees upon having a single point of contact per Member State (even though the Member State is organized with several Card Issuing Authorities – up to the Member State to manage its own organisation).,The system should be able to cover more than one contact point per country depending on the administrative organisation adopted by each country and able to work in a multi hierarchical environment. This is no longer the case since everybody agrees upon having a single point of contact per Member State (even though the Member State is organized with several Card Issuing Authorities – up to the Member State to manage its own organisation).,"The pronoun ""its"" was replaced with the complete antecedent ""the Member State's"".",Pronoun ambiguity,#VALUE!,TRUE,few-shot,2025-07-23T06:35:41.808798,449,441,"Ambiguity Type: Pronoun ambiguity
Problem Found: 
- ""its""
Fixed Requirement: The system should be able to cover more than one contact point per country depending on the administrative organisation ado...",,,
84,tachonet,PER-03  The system must be able to establish and keep the dialog with the Members systems despite the various technical environments and technologies used on their sites.,The system must be able to establish and keep the dialog with the Member systems despite the various technical environments and technologies used on the Member systems' sites.,"The pronoun ""their"" was replaced with ""the Member systems'"".",Pronoun Ambiguity,their,TRUE,few-shot,2025-07-23T06:35:44.287312,170,175,"Ambiguity Type: Pronoun Ambiguity
Problem Found: their
Fixed Requirement: The system must be able to establish and keep the dialog with the Member systems despite the various technical environments an...",,,
85,tachonet,SUP-03  The system must be designed so that it can migrate to upgraded hardware or new versions of the operating systems involved.,The system must be designed so that the system can migrate to upgraded hardware or new versions of the operating systems involved.,"The pronoun ""it"" was replaced with ""the system"" to clarify the subject of the sentence.",Pronoun Ambiguity,it,TRUE,few-shot,2025-07-23T06:35:46.725361,130,130,"Ambiguity Type: Pronoun Ambiguity
Problem Found: it
Fixed Requirement: The system must be designed so that the system can migrate to upgraded hardware or new versions of the operating systems involved...",,,
86,tachonet,DES-01  The system must be designed and documented with the expectation that its operational lifetime will be many years.,The system must be designed and documented with the expectation that the system's operational lifetime will be many years.,"The pronoun ""its"" was replaced with ""the system's"" to clarify that the system is referring to the system itself, not some other entity.",Possessive Pronoun Ambiguity,its,TRUE,few-shot,2025-07-23T06:35:49.567850,121,122,"Ambiguity Type: Possessive Pronoun Ambiguity
Problem Found: its
Fixed Requirement: The system must be designed and documented with the expectation that the system's operational lifetime will be many y...",,,
87,tachonet,DES-02  Each Member of this network will organise its data about smart card holders with no constraints or recommendations on operating system and/or technology used. The system will be able to dialog with these environments or specify a generic interface to dialog with the Member’s applications.,Each Member of the network will organise the network's data about smart card holders with no constraints or recommendations on operating system and/or technology used. The system will be able to dialog with the environments or specify a generic interface to dialog with the Member’s applications.,"Replaced ""this"" with ""the network"", ""its"" with ""the network's"", and ""these"" with ""the environments"".",Multiple pronoun ambiguities (possessive and non-possessive),"this, its, these",TRUE,few-shot,2025-07-23T06:35:59.962783,297,296,"Here's the analysis:

1. SCAN: I found the following pronouns: ""this"", ""its"", ""these""
2. IDENTIFY: 
   - ""this"" refers to the network
   - ""its"" refers to the network (possessive pronoun)
   - ""these""...",,,
88,2005_pontis,6.19 Privileged users shall be able to delete an existing inspection unless it is “locked down”.,Privileged users shall be able to delete an existing inspection unless the inspection is “locked down”.,"The pronoun ""it"" was replaced with ""the inspection"".",Antecedent ambiguity,it,TRUE,few-shot,2025-07-23T06:36:01.930524,96,103,"Ambiguity Type: Antecedent ambiguity
Problem Found: it
Fixed Requirement: Privileged users shall be able to delete an existing inspection unless the inspection is “locked down”.
Explanation: The prono...",,,
89,2005_pontis,22.4 The administrator shall be able to edit the DATADICT table or its successor(s) through a GUI window.,The administrator shall be able to edit the DATADICT table or its successor(s)'s through a GUI window.,"The possessive pronoun ""its"" was replaced with ""its successor(s)'s"" to clarify that the successor refers to the successor of the DATADICT table.",Possessive pronoun ambiguity,its,TRUE,few-shot,2025-07-23T06:36:04.880497,105,102,"Ambiguity Type: Possessive pronoun ambiguity
Problem Found: its
Fixed Requirement: The administrator shall be able to edit the DATADICT table or its successor(s)'s through a GUI window.
Explanation: T...",,,
90,2005_pontis,21.8 The system shall be capable of operating with a single-sign-on authentication mechanism based on Active Directory Services or the LDAP standard.( It should be recognized that the Virtis/Opis application authentication/security control approach may need to be revised to accomplish this capability globally in the AASHTO BRIDGEWare software suite.),The system shall be capable of operating with a single-sign-on authentication mechanism based on Active Directory Services or the LDAP standard. The Virtis/Opis application authentication/security control approach should be recognized as needing revision to accomplish this capability globally in the AASHTO BRIDGEWare software suite.,"The pronoun ""It"" was replaced with the specific antecedent ""the Virtis/Opis application authentication/security control approach"".",Pronoun ambiguity,It,TRUE,few-shot,2025-07-23T06:36:12.938959,352,334,"Here's the analysis:

1. SCAN: I found the pronoun ""It"" in the requirement.
2. IDENTIFY: The pronoun ""It"" refers to the Virtis/Opis application authentication/security control approach.
3. CHECK: The ...",,,
91,2005_pontis,"5.1 The software, through its user interface, will clearly identify the product name (Pontis 5.0.x), the licensee, the connected user, and the organization that developed the system (AASHTO). Additional session identification information will be available on demand.27(27 Pontis 4.x Help About and SysInfo windows provide examples.) The overall look and feel of the product will be that of a professional and conservative application.","The software, through the software's user interface, will clearly identify the product name (Pontis 5.0.x), the licensee, the connected user, and the organization that developed the system (AASHTO). Additional session identification information will be available on demand. The overall look and feel of the product will be that of a professional and conservative application.","Replaced ""its"" with ""the software's"", replaced ""the"" with specific antecedents, and replaced ""that"" with ""the organization"".","Multiple types of pronoun ambiguity (possessive, indefinite, demonstrative)","its, the, that",TRUE,few-shot,2025-07-23T06:36:25.499059,434,375,"Here's the analysis:

1. SCAN: I found the following pronouns: ""its"", ""the"", ""that""
2. IDENTIFY: 
   - ""its"" refers to ""software""
   - ""the"" refers to multiple things (product name, licensee, connecte...",,,
92,2005_pontis,"5.2 The application should look and feel consistent in the web and standalone operating environments, therefore it will conform to standard .NET standalone and web application conventions with necessary accommodations for the deployment environment only where these prove necessary and appropriate.","The application should look and feel consistent in the web and standalone operating environments, therefore the application will conform to standard.NET standalone and web application conventions with necessary accommodations for the deployment environment only where these prove necessary and appropriate.","The pronouns ""it"" and ""these"" were replaced with ""the application"" to clarify the subject of the sentence.",Multiple pronoun ambiguities,#VALUE!,TRUE,few-shot,2025-07-23T06:36:29.111637,298,306,"Ambiguity Type: Multiple pronoun ambiguities
Problem Found: 
- ""it""
- ""these""
Fixed Requirement: The application should look and feel consistent in the web and standalone operating environments, there...",,,
93,2005_pontis,"5.2 The system developer shall consider supporting existing custom forms and reports developed in PowerBuilder 9. It shall decide on a development tool for users so that they can continue to customize Pontis and extend its capability. For example, custom forms and reports created with PowerBuilder 9 may be migrated to a .NET application by using the Sybase DataWindow .NET technology which is available in PowerBuilder 10.","The system developer shall consider supporting existing custom forms and reports developed in PowerBuilder 9. The system developer shall decide on a development tool for users so that users can continue to customize Pontis and extend Pontis's capability. For example, custom forms and reports created with PowerBuilder 9 may be migrated to a.NET application by using the Sybase DataWindow.NET technology which is available in PowerBuilder 10.","The pronouns ""it"", ""they"", and ""its"" were replaced with specific antecedents to clarify the intended meaning.",Multiple pronoun ambiguities,"- ""it"" (referring to ""the system developer"" or ""PowerBuilder 9"")",TRUE,few-shot,2025-07-23T06:36:36.009605,424,442,"Ambiguity Type: Multiple pronoun ambiguities
Problem Found: 
- ""it"" (referring to ""the system developer"" or ""PowerBuilder 9"")
- ""they"" (referring to ""users"" or ""custom forms and reports"")
- ""its"" (ref...",,,
94,2005_pontis,"The Pontis application server (ASP.NET) software will run on a server located within a (presumably) secure facility at each agency. Because it is an ASP.NET application, the end users can vary in location depending on the network accessibility of the server. The Pontis database, and any other databases to be accessed from Pontis may be co-located on the same server machine, but at a minimum must be accessible from the Pontis application server via standard database communication and connection protocols.","The Pontis application server (ASP.NET) software will run on a server located within a (presumably) secure facility at each agency. Because the Pontis application server (ASP.NET) software is an ASP.NET application, the end users can vary in location depending on the network accessibility of the server. The Pontis database, and any other databases to be accessed from the Pontis application server, may be co-located on the same server machine, but at a minimum must be accessible from the Pontis application server via standard database communication and connection protocols.","The pronouns ""it"" and ""they"" were replaced with specific antecedents to clarify the references.",Multiple pronoun ambiguities,"- ""it"" (referring to ""the Pontis application server (ASP.NET) software"" or ""the Pontis database"")",TRUE,few-shot,2025-07-23T06:36:43.165766,509,579,"Ambiguity Type: Multiple pronoun ambiguities
Problem Found: 
- ""it"" (referring to ""the Pontis application server (ASP.NET) software"" or ""the Pontis database"")
- ""they"" (referring to ""the end users"")
F...",,,
95,2005_pontis,"Pontis 5.0 will be designed to be used with Internet Explorer; it may work correctly with other browsers but this cannot be guaranteed. Given the predominance of IE in the browser market, it does not appear to be necessary to consider support for other browsers, although this may need to be reconsidered if external customers are running the application(s) and need to employ different browser technology such as Netscape or Mozilla FireFox.","Pontis 5.0 will be designed to be used with Internet Explorer; Pontis 5.0 may work correctly with other browsers but Internet Explorer's compatibility cannot be guaranteed. Given the predominance of Internet Explorer in the browser market, Internet Explorer does not appear to be necessary to consider support for other browsers, although this may need to be reconsidered if external customers are running the application(s) and need to employ different browser technology such as Netscape or Mozilla FireFox.","The pronouns ""it"", ""this"", ""they"", ""them"", ""their"", and ""this"" were replaced with specific antecedents to clarify the requirement.",Multiple pronoun ambiguities,"- ""it"" (refers to Pontis 5.0 and Internet Explorer)",TRUE,few-shot,2025-07-23T06:36:53.487688,442,509,"Ambiguity Type: Multiple pronoun ambiguities
Problem Found: 
- ""it"" (refers to Pontis 5.0 and Internet Explorer)
- ""this"" (refers to the necessity to consider support for other browsers)
- ""it"" (refer...",,,
96,2005_pontis,"Standalone capabilities will require a workstation running the latest .NET Framework, presumably Windows XP Professional (SP2) or its successor. Some capabilities may require a network connection. The workstation’s hardware requirements will be similar to those of the existing Pontis 4.4 application. There will continue to be a standalone/runtime database engine provided with the application for offline work. The offline database is assumed to be Sybase Adaptive Server Anywhere release 9 or above.","Standalone capabilities will require a workstation running the latest.NET Framework, presumably Windows XP Professional (SP2) or its successor. Some capabilities may require a network connection. The workstation's hardware requirements will be similar to those of the existing Pontis 4.4 application. There will continue to be a standalone/runtime database engine provided with the application for offline work. The offline database is assumed to be Sybase Adaptive Server Anywhere release 9 or above.","The pronouns ""its"", ""those"", and ""it"" were replaced with specific antecedents to clarify the meaning of the requirement.",Multiple types of pronoun ambiguity,"- ""its"" (possessive pronoun)",TRUE,few-shot,2025-07-23T06:37:00.072884,502,501,"Ambiguity Type: Multiple types of pronoun ambiguity
Problem Found: 
- ""its"" (possessive pronoun)
- ""those"" (pronoun with unclear antecedent)
- ""it"" (pronoun with unclear antecedent)
Fixed Requirement:...",,,
97,2005_pontis,"5.6 Pontis 5.0 in production is intended to be supported through complete and sufficient on-line help and documentation and equivalent printed documentation, with occasional additional assistance provided through the Pontis Support Center. Pontis 5.0 will also continue to provide field-level help where applicable. As with the existing Pontis 4.x product, it is assumed that support will be provided by telephone, via e-mail, and through an on-line issues tracking system.","Pontis 5.0 in production is intended to be supported through complete and sufficient on-line help and documentation and equivalent printed documentation, with occasional additional assistance provided through the Pontis Support Center. Pontis 5.0 will also continue to provide field-level help where applicable. As with the existing Pontis 4.x product, support for Pontis 5.0 will be provided by telephone, via e-mail, and through an on-line issues tracking system.","The pronoun ""it"" was replaced with ""Pontis 5.0"" to clarify that the support is for the system, not something else. Additionally, ""Pontis 5.0"" was used as a noun to refer to the product version, and as a pronoun to refer to the system, which was clarified by rephrasing the sentence to make it clear that support is for Pontis 5.0, the system.",Multiple pronoun ambiguities,#VALUE!,TRUE,few-shot,2025-07-23T06:37:09.028509,473,465,"Ambiguity Type: Multiple pronoun ambiguities
Problem Found: 
- ""it""
- ""Pontis 5.0"" (used as a pronoun to refer to the system, but also as a noun to refer to the product version)
Fixed Requirement: Pon...",,,
98,2001_hats,"[SRSreq 03]When collecting generated output files from HATS-SML, the HATS-GUI shall overwrite any file whose name is generated automatically. For example, given a transformation language program X.tlp, the file X.tlp.parsed is generated when the parser is executed. If X.tlp.parsed existed prior to executing the parser, it shall be overwritten without prompting the user.","When collecting generated output files from HATS-SML, the HATS-GUI shall overwrite any file whose name is generated automatically. For example, given a transformation language program X.tlp, the file X.tlp.parsed is generated when the parser is executed. If X.tlp.parsed existed prior to executing the parser, the file X.tlp.parsed shall be overwritten without prompting the user.","The pronoun ""it"" was replaced with ""the file X.tlp.parsed"" to clarify the reference.",Pronoun ambiguity,it,TRUE,few-shot,2025-07-23T06:37:13.606037,372,380,"Ambiguity Type: Pronoun ambiguity
Problem Found: it
Fixed Requirement: When collecting generated output files from HATS-SML, the HATS-GUI shall overwrite any file whose name is generated automatically...",,,
99,2001_hats,[SRSreq 20] The Application/Save-as menu item shall provide an interface for saving an application and its associated files under a different name.,The Application/Save-as menu item shall provide an interface for saving an application and the Application/Save-as menu item's associated files under a different name.,"The pronoun ""its"" was replaced with ""the Application/Save-as menu item's"" to clarify that the associated files belong to the Application/Save-as menu item.",Possessive pronoun ambiguity,its,TRUE,few-shot,2025-07-23T06:37:16.883521,147,167,"Ambiguity Type: Possessive pronoun ambiguity
Problem Found: its
Fixed Requirement: The Application/Save-as menu item shall provide an interface for saving an application and the Application/Save-as me...",,,
100,2001_hats,[SRSreq 54] There shall be exactly one file describing the grammar of inputs associated with an application. It shall have the file extension .grm.,There shall be exactly one file describing the grammar of inputs associated with an application. The file shall have the file extension.grm.,"The pronoun ""It"" was replaced with ""The file"" to clarify what is being described.",Pronoun ambiguity,It,TRUE,few-shot,2025-07-23T06:37:19.373789,147,140,"Ambiguity Type: Pronoun ambiguity
Problem Found: It
Fixed Requirement: There shall be exactly one file describing the grammar of inputs associated with an application. The file shall have the file ext...",,,
101,2001_hats,[SRSreq 58] An application shall have associated with it an application configuration. The application configuration elements are given in Table 6.,An application shall have associated with the application an application configuration. The application configuration elements are given in Table 6.,"The pronoun ""it"" was replaced with ""the application"".",Pronoun ambiguity,it,TRUE,few-shot,2025-07-23T06:37:25.329851,147,148,"Here's the analysis:

1. SCAN: I found the pronoun ""it"" in the requirement.
2. IDENTIFY: The pronoun ""it"" refers to ""An application"".
3. CHECK: The reference is somewhat ambiguous because ""it"" could a...",,,
102,2001_hats,"[SRSreq 78] When a user selects the Application/Delete menu item, the HATS-GUI shall prompt the user to confirm the deletion operation. If the user confirms, all files in the application directory shall be deleted and the application directory itself shall be deleted. No application is currently selected at the end of this operation.","When a user selects the Application/Delete menu item, the HATS-GUI shall prompt the user to confirm the deletion operation. If the user confirms, all files in the application directory shall be deleted and the application directory itself shall be deleted. No application currently selected at the end of this operation.","The pronoun ""No application"" was replaced with ""No application currently selected"" to clarify that it refers to the application that was being deleted, not a general application.",Antecedent ambiguity,"""No application""",TRUE,few-shot,2025-07-23T06:37:29.602846,335,320,"Ambiguity Type: Antecedent ambiguity
Problem Found: ""No application""
Fixed Requirement: When a user selects the Application/Delete menu item, the HATS-GUI shall prompt the user to confirm the deletion...",,,
103,2001_hats,"[SRSreq 96] To perform a transformation in an application, the HATS-GUI shall execute the following sequence of actions: • The HATS-GUI shall confirm that the transformation language program exists. (It is an error if the program does not exist.) • The HATS-GUI shall check that the parser file is younger than the grammar and lexical specification files and that the parser file was generated from the grammar and lexical specification files. If this is not the case, the HATS-GUI shall generate a new parser file. • The HATS-GUI shall check that a parsed version of the transformation language program exists and is younger than the parser file and the transformation language program file. If it is not, the HATS-GUI shall generate a new parsed version of the transformation language program. • The HATS-GUI shall start the FindTarget program using the transformation language program as input. • The HATS-GUI shall take the list of target program files generated by FindTarget, and for each file in the list it shall check that a parsed version of the target program exists and is younger than the target parser file and the target program file. If it is not, the HATS-GUI shall generate a new parsed version of the target program. • The HATS-GUI shall start the ApplyTransformation program in HATS-SML and pass the parsed transformation language program file name, the user defined library file name, and the output file name to the ApplyTransformation program. The HATS-GUI shall redirect the standard output and standard error streams and capture any text written to those streams.","The HATS-GUI shall execute the following sequence of actions: • The HATS-GUI shall confirm that the transformation language program exists. (The HATS-GUI is an error if the program does not exist.) • The HATS-GUI shall check that the parser file is younger than the grammar and lexical specification files and that the parser file was generated from the grammar and lexical specification files. If this is not the case, the HATS-GUI shall generate a new parser file. • The HATS-GUI shall check that a parsed version of the transformation language program exists and is younger than the parser file and the transformation language program file. If the parsed version of the transformation language program does not exist, the HATS-GUI shall generate a new parsed version of the transformation language program. • The HATS-GUI shall start the FindTarget program using the transformation language program as input. • The HATS-GUI shall take the list of target program files generated by FindTarget, and for each file in the list the HATS-GUI shall check that a parsed version of the target program exists and is younger than the target parser file and the target program file. If the parsed version of the target program does not exist, the HATS-GUI shall generate a new parsed version of the target program. • The HATS-GUI shall start the ApplyTransformation program in HATS-SML and pass the parsed transformation language program file name, the user defined library file name, and the output file name to the ApplyTransformation program. The HATS-GUI shall redirect the standard output and standard error streams and capture any text written to those streams.","The pronouns ""it"" and ""this"" were replaced with specific antecedents to clarify the reference.",Multiple pronoun ambiguities,#NAME?,TRUE,few-shot,2025-07-23T06:37:44.111152,1588,1658,"Ambiguity Type: Multiple pronoun ambiguities
Problem Found: 
- It (twice)
- It (twice)
- This
- It
Fixed Requirement: The HATS-GUI shall execute the following sequence of actions: • The HATS-GUI shall...",,,
104,2001_hats,"[SRSreq 111] The text displayed in the text display area shall correspond to the concatenation of the node labels (separated by spaces) of the leaf nodes of the displayed graph (in-order traversal, left to right). If a leaf displayed node corresponds to a non-terminal SDT node, the label in the text window shall be surrounded by pointed brackets (<>). For example, if a non-terminal TERM appears in a leaf node, its text representation shall be <TERM>. Appendix G gives an example of the display of text associated with an SDT.","The text displayed in the text display area shall correspond to the concatenation of the node labels (separated by spaces) of the leaf nodes of the displayed graph (in-order traversal, left to right). If a leaf displayed node corresponds to a non-terminal SDT node, the label in the text window shall be surrounded by pointed brackets (<>). For example, if a non-terminal TERM appears in a leaf node, the label in the text window shall be <TERM>. Appendix G gives an example of the display of text associated with an SDT.","The pronouns ""its"" and ""it"" were replaced with ""the label in the text window"" and ""a non-terminal SDT node"" respectively to clarify the reference.",Multiple pronoun ambiguities,"its, it",TRUE,few-shot,2025-07-23T06:37:50.459915,529,521,"Ambiguity Type: Multiple pronoun ambiguities
Problem Found: its, it
Fixed Requirement: The text displayed in the text display area shall correspond to the concatenation of the node labels (separated b...",,,
105,2001_hats,"[SRSreq 117] When a displayed node and its children are displayed simultaneously, the parent node shall be displayed higher than the children.","When a displayed node and the node's children are displayed simultaneously, the node shall be displayed higher than the children.","The pronoun ""its"" was replaced with ""the node's"" to clarify that the parent node is the one being referred to.",Possessive Pronoun Ambiguity,its,TRUE,few-shot,2025-07-23T06:37:53.259418,142,129,"Ambiguity Type: Possessive Pronoun Ambiguity
Problem Found: its
Fixed Requirement: When a displayed node and the node's children are displayed simultaneously, the node shall be displayed higher than t...",,,
106,2001_hats,[SRSreq 120] The user shall be able to expand displayed nodes (provided it is possible to expand the selected nodes). The HATS-GUI shall change the graph display by adding the descendant nodes to the displayed graph (thus changing the expandable nodes to internal nodes).,The user shall be able to expand displayed nodes (provided it is possible to expand the selected nodes). The HATS-GUI shall change the graph display by adding the descendant nodes to the displayed graph (thus changing the expandable nodes to internal nodes).,"The pronoun ""it"" was replaced with ""the selected nodes"" to clarify the antecedent. The pronoun ""the"" was not replaced as it is a definite article and not ambiguous in this context.",Pronoun ambiguity,"it, the",TRUE,few-shot,2025-07-23T06:37:57.523834,271,258,"Ambiguity Type: Pronoun ambiguity
Problem Found: it, the
Fixed Requirement: The user shall be able to expand displayed nodes (provided it is possible to expand the selected nodes). The HATS-GUI shall ...",,,
107,2001_hats,"[SRSreq 130] If a displayed graph or a text display is too large to fit inside its window, the windows shall have scroll bars attached to them. Dragging scrollbar buttons shall scroll the display. Pressing the arrow keys of the keyboard shall also scroll the display.","If a displayed graph or a text display is too large to fit inside the window, the window shall have scroll bars attached to it. Dragging scrollbar buttons shall scroll the display. Pressing the arrow keys of the keyboard shall also scroll the display.","The pronouns ""its"" and ""them"" were replaced with ""the window"" to clarify the reference.",Multiple pronoun ambiguities,"its, them",TRUE,few-shot,2025-07-23T06:38:01.068664,267,251,"Ambiguity Type: Multiple pronoun ambiguities
Problem Found: its, them
Fixed Requirement: If a displayed graph or a text display is too large to fit inside the window, the window shall have scroll bars...",,,
108,2001_hats,"[SRSreq 133] For displayed graph windows, the keyboard cursor location shall move according the following rules: • A left arrow key moves the cursor to the next unhidden node to the left. The node to the left does not need to be a sibling of the current node, but it does need to be at the same level as the current node. If there are no nodes to the left, the cursor does not move. • A right arrow key moves the cursor to the next unhidden node to the right. The node to the right does not need to be a sibling of the current node, but it does need to be at the same level as the current node. If there are no nodes to the right, the cursor does not move. • An up arrow key moves the cursor to the closest ancestor that is not hidden. If there is no such node, the cursor does not move. • An down arrow key moves the cursor to the leftmost, nearest descendant that is not hidden. If there is no such node, the cursor does not move.","For displayed graph windows, the keyboard cursor location shall move according to the following rules: • A left arrow key moves the cursor to the next unhidden node to the left. The node to the left does not need to be a sibling of the current node, but it does need to be at the same level as the current node. If there are no nodes to the left, the cursor does not move. • A right arrow key moves the cursor to the next unhidden node to the right. The node to the right does not need to be a sibling of the current node, but it does need to be at the same level as the current node. If there are no nodes to the right, the cursor does not move. • An up arrow key moves the cursor to the closest ancestor that is not hidden. If there is no such ancestor, the cursor does not move",No changes made,Multiple pronoun ambiguities,"- ""it"" (in ""the cursor to the left does not need to be a sibling of the current node, but it does need to be at the same level as the current node."")",TRUE,few-shot,2025-07-23T06:38:17.520909,932,780,"Ambiguity Type: Multiple pronoun ambiguities
Problem Found: 
- ""it"" (in ""the cursor to the left does not need to be a sibling of the current node, but it does need to be at the same level as the curre...",,,
109,2001_hats,"[SRSreq 157] The HATS-GUI shall display 1,000,000 node SDTs in the same amount of time, plus or minus two seconds, as it takes to display a 10,000 node SDT.","The HATS-GUI shall display 1,000,000 node SDTs in the same amount of time, plus or minus two seconds, as the HATS-GUI takes to display a 10,000 node SDT.","The pronoun ""it"" was replaced with ""the HATS-GUI"", making it clear that the time taken to display a 10,000 node SDT is being compared to the time taken by the HATS-GUI itself.",Pronoun ambiguity,it,TRUE,few-shot,2025-07-23T06:38:21.739862,156,153,"Ambiguity Type: Pronoun ambiguity
Problem Found: it
Fixed Requirement: The HATS-GUI shall display 1,000,000 node SDTs in the same amount of time, plus or minus two seconds, as the HATS-GUI takes to di...",,,
110,MDOT,"DD-100 The DUAP System shall cache data only if the data record associates the data with its source, a geo-referenced location, and a timestamp.","The DUAP System shall cache data only if the data record associates the data with the data's source, a geo-referenced location, and a timestamp.","The possessive pronoun ""its"" was replaced with ""the data's"" to clarify that the data record is the owner of the source.",Possessive pronoun ambiguity,its,TRUE,few-shot,2025-07-23T06:38:24.829954,144,144,"Ambiguity Type: Possessive pronoun ambiguity
Problem Found: its
Fixed Requirement: The DUAP System shall cache data only if the data record associates the data with the data's source, a geo-referenced...",,,
111,MDOT,PS-020-060 The system map display shall support each type of traffic item to be displayed in its own layer.,The system map display shall support each type of traffic item to be displayed in its own layer.,"The pronoun ""its"" was replaced with ""its own"" to clarify that the layer belongs to each type of traffic item.",Possessive pronoun ambiguity,its,TRUE,few-shot,2025-07-23T06:38:27.336419,107,96,"Ambiguity Type: Possessive pronoun ambiguity
Problem Found: its
Fixed Requirement: The system map display shall support each type of traffic item to be displayed in its own layer.
Explanation: The pro...",,,
112,MDOT,"PS-200-020 The DUAP Presentation Services shall require users to confirm their identity. (comment: Could be implemented, for example, through a password associated with that username.)",The DUAP Presentation Services shall require users to confirm their identity.,"None, the pronoun ""their"" was not ambiguous in this case, but ""that"" was not present. However, I noticed that the comment suggests an example implementation, which implies that ""that"" was intended to refer to a specific username, but it's not clear. To fix this, I would rephrase the requirement to make it clear what is being referred to.",Antecedent ambiguity,"their, that",FALSE,few-shot,2025-07-23T06:38:35.921264,184,77,"Ambiguity Type: Antecedent ambiguity
Problem Found: their, that
Fixed Requirement: The DUAP Presentation Services shall require users to confirm their identity.
Explanation: None, the pronoun ""their"" ...",,,
113,1999_tcs,"When executing in the Normal Startup Mode, the TCS shall provide the system functionality necessary to initialize the system to place it in the Operations State within 60 seconds from the time power is supplied and the TCS application is launched. [SSS024]","When executing in the Normal Startup Mode, the TCS shall provide the system functionality necessary to initialize the system to place the system in the Operations State within 60 seconds from the time power is supplied and the TCS application is launched.","The pronoun ""it"" was replaced with ""the system"".",Pronoun ambiguity,it,TRUE,few-shot,2025-07-23T06:38:42.035971,256,255,"Here's the analysis:

1. SCAN: I found the pronoun ""it"" in the requirement.
2. IDENTIFY: The pronoun ""it"" refers to the system.
3. CHECK: The pronoun ""it"" could refer to either the TCS or the system, ...",,,
114,1999_tcs,The TCS shall allow the operator to set the LOL delay timer(s) during mission planning. [SSS075] The LOL delay is the time from when the AV detects an unplanned LOL to the time it initiates LOL procedures.,The TCS shall allow the operator to set the LOL delay timer(s) during mission planning. The LOL delay is the time from when the AV detects an unplanned LOL to the time the AV initiates LOL procedures.,"The pronoun ""it"" was replaced with ""the AV"" to clarify the reference.",Pronoun ambiguity,it,TRUE,few-shot,2025-07-23T06:38:45.048885,205,200,"Ambiguity Type: Pronoun ambiguity
Problem Found: it
Fixed Requirement: The TCS shall allow the operator to set the LOL delay timer(s) during mission planning. The LOL delay is the time from when the A...",,,
115,1999_tcs,The TCS shall provide adequate capability to allow the operator to operate each UAV within its certified operational flight envelope. [SSS348],The TCS shall provide adequate capability to allow the operator to operate each UAV within the UAV's certified operational flight envelope.,"The pronoun ""its"" was replaced with ""the UAV's"" to clarify that the certified operational flight envelope belongs to the UAV being operated.",Possessive pronoun ambiguity,its,TRUE,few-shot,2025-07-23T06:38:47.849119,142,139,"Ambiguity Type: Possessive pronoun ambiguity
Problem Found: its
Fixed Requirement: The TCS shall provide adequate capability to allow the operator to operate each UAV within the UAV's certified operat...",,,
116,1999_tcs,The TCS shall monitor the uplink and downlink to each UAV under its control. [SSS355],The TCS shall monitor the uplink and downlink to each UAV under the TCS's control.,"The pronoun ""its"" was replaced with ""the TCS's"" to clarify that the TCS is the entity controlling the UAVs.",Possessive Pronoun Ambiguity,its,TRUE,few-shot,2025-07-23T06:38:50.617182,85,82,"Ambiguity Type: Possessive Pronoun Ambiguity
Problem Found: its
Fixed Requirement: The TCS shall monitor the uplink and downlink to each UAV under the TCS's control.
Explanation: The pronoun ""its"" was...",,,
117,1999_tcs,"The TCS data sensitivities shall be determined by the data sensitivities of the systems with which it interfaces, to including the air vehicles, payloads, and C4I systems. [SSS364]","The TCS data sensitivities shall be determined by the data sensitivities of the systems with which the TCS interfaces, to including the air vehicles, payloads, and C4I systems.","The pronoun ""it"" was replaced with ""the TCS"" to clarify that the TCS is the system that interfaces with other systems.","Antecedent ambiguity (pronoun ""it"" is unclear what it refers to)",it,TRUE,few-shot,2025-07-23T06:38:54.285681,180,176,"Ambiguity Type: Antecedent ambiguity (pronoun ""it"" is unclear what it refers to)
Problem Found: it
Fixed Requirement: The TCS data sensitivities shall be determined by the data sensitivities of the sy...",,,
118,1999_tcs,"The TCS shall be designed to protect its communication and data links against enemy Electronic Warfare (EW) threats, physical anti-radiation weaponry and physical destruction. [SSS366]","The TCS shall be designed to protect the TCS's communication and data links against enemy Electronic Warfare (EW) threats, physical anti-radiation weaponry and physical destruction.","The possessive pronoun ""its"" was replaced with ""the TCS's"" to clarify that the TCS is the owner of the communication and data links.",Possessive pronoun ambiguity,its,TRUE,few-shot,2025-07-23T06:38:57.616447,184,181,"Ambiguity Type: Possessive pronoun ambiguity
Problem Found: its
Fixed Requirement: The TCS shall be designed to protect the TCS's communication and data links against enemy Electronic Warfare (EW) thr...",,,
119,1999_tcs,The TCS shall be approved for operation at the same level as the systems with which it interfaces. [SSS368],The TCS shall be approved for operation at the same level as the systems with which the TCS interfaces.,"The pronoun ""it"" was replaced with ""the TCS"" to clarify the antecedent.",Antecedent ambiguity,it,TRUE,few-shot,2025-07-23T06:38:59.971812,107,103,"Ambiguity Type: Antecedent ambiguity
Problem Found: it
Fixed Requirement: The TCS shall be approved for operation at the same level as the systems with which the TCS interfaces.
Explanation: The prono...",,,
120,1999_tcs,Software written for other systems shall be used in TCS where it is determined that the existing software is suitable for use within the TCS software. [SSS438],Software written for other systems shall be used in TCS where it is determined that the existing software is suitable for use within the TCS software shall be used.,"The pronoun ""it"" was replaced with ""the existing software"" to clarify the reference.",Pronoun ambiguity,it,TRUE,few-shot,2025-07-23T06:39:02.582846,159,164,"Ambiguity Type: Pronoun ambiguity
Problem Found: it
Fixed Requirement: Software written for other systems shall be used in TCS where it is determined that the existing software is suitable for use wit...",,,
121,1999_tcs,Visual alerts to the TCS operator shall be in the form of a displayed message box that has a display priority greater than other existing windows to ensure that it is viewable immediately by the operator. [SSS452] The position of the displayed message window shall be easily adjustable by the operator to ensure that important mission data is not obscured. [SSS453],Visual alerts to the TCS operator shall be in the form of a displayed message box that has a display priority greater than other existing windows to ensure that the displayed message box is viewable immediately by the operator. The position of the displayed message window shall be easily adjustable by the operator to ensure that important mission data is not obscured.,"The pronouns ""it"" were replaced with ""the displayed message box"".",Pronoun ambiguity,"it, it",TRUE,few-shot,2025-07-23T06:39:06.358326,365,370,"Ambiguity Type: Pronoun ambiguity
Problem Found: it, it
Fixed Requirement: Visual alerts to the TCS operator shall be in the form of a displayed message box that has a display priority greater than ot...",,,
122,1999_tcs,"The TCS HCI shall provide unambiguous AV and payload control and status feedback indicators to ensure safe, efficient operations of two AVs and their payloads by a single TCS station. [SSS475]","The TCS HCI shall provide unambiguous AV and payload control and status feedback indicators to ensure safe, efficient operations of two AVs and their payloads by a single TCS station.","The pronoun ""their"" was replaced with ""their payloads"" to make it clear that the payloads belong to the AVs.",Possessive pronoun ambiguity,their,TRUE,few-shot,2025-07-23T06:39:09.534159,192,183,"Ambiguity Type: Possessive pronoun ambiguity
Problem Found: their
Fixed Requirement: The TCS HCI shall provide unambiguous AV and payload control and status feedback indicators to ensure safe, efficie...",,,
123,1999_tcs,"The TCS shall provide for a specific icon shape on a constant contrast background, as well as other visual information coding mechanisms, to cue the TCS operator regarding which UAVs are under his or her primary control. [SSS476]","The TCS shall provide for a specific icon shape on a constant contrast background, as well as other visual information coding mechanisms, to cue the TCS operator regarding which UAVs are under the TCS operator's primary control.","The pronouns ""his"" and ""her"" were replaced with ""the TCS operator's"" to clarify the antecedent.",Pronoun ambiguity,"his, her",TRUE,few-shot,2025-07-23T06:39:12.982678,229,228,"Ambiguity Type: Pronoun ambiguity
Problem Found: his, her
Fixed Requirement: The TCS shall provide for a specific icon shape on a constant contrast background, as well as other visual information codi...",,,
124,1999_tcs,TCS transport and storage containers shall be reusable and enable the operators to set-up equipment within the established timelines in their ORDs. [SSS505],TCS transport and storage containers shall be reusable and enable the operators to set-up equipment within the established timelines in the operators' ORDs.,"The pronoun ""their"" was replaced with ""the operators'"" to clarify the antecedent.",Pronoun ambiguity,their,TRUE,few-shot,2025-07-23T06:39:15.490396,156,156,"Ambiguity Type: Pronoun ambiguity
Problem Found: their
Fixed Requirement: TCS transport and storage containers shall be reusable and enable the operators to set-up equipment within the established tim...",,,
125,1999_tcs,Each Service shall support the TCS as part of the UAV system which is organic to them. [SSS508],Each Service shall support the TCS as part of the UAV system which is organic to the UAV system.,"The pronoun ""them"" was replaced with ""the UAV system"" to clarify the antecedent.",Antecedent ambiguity,them,TRUE,few-shot,2025-07-23T06:39:17.810702,95,96,"Ambiguity Type: Antecedent ambiguity
Problem Found: them
Fixed Requirement: Each Service shall support the TCS as part of the UAV system which is organic to the UAV system.
Explanation: The pronoun ""t...",,,
126,1999_tcs,The TCS shall meet the deployment criteria for the organic unit to which it is assigned. [SSS516],The TCS shall meet the deployment criteria for the organic unit to which the TCS is assigned.,"The pronoun ""it"" was replaced with ""the TCS"" to clarify the antecedent.",Antecedent ambiguity,it,TRUE,few-shot,2025-07-23T06:39:20.122588,97,93,"Ambiguity Type: Antecedent ambiguity
Problem Found: it
Fixed Requirement: The TCS shall meet the deployment criteria for the organic unit to which the TCS is assigned.
Explanation: The pronoun ""it"" wa...",,,
