,Name_of_Project,Description,Structural_sbard,Vague_both,Anaphoric_taphsir
0,2005_clarus_low,The Clarus system shall implement quality checking processes as soon as data become available.,1,1,0
1,2005_clarus_low,The CAS shall be able to configure schedules for executing QChS.,1,0,0
2,2005_clarus_low,The Clarus system shall record the methods applied when deriving quality checking information.,1,0,0
3,2005_clarus_low,The CAS shall record the quality checking methods used.,1,0,0
4,2005_clarus_low,The Clarus system shall be able to implement quality checking rules for each environmental parameter.,1,0,0
5,2005_clarus_low,The CAS shall be able to configure the quality checking rules for each environmental parameter.,1,0,0
6,2005_clarus_low,The CAS shall enable administrators to manage quality checking rules.,1,0,0
7,2005_clarus_low,The Clarus system shall be able to implement quality checking rules for specific environmental situations.,1,1,0
8,2005_clarus_low,The CAS shall be able to configure quality checking rules for specific environmental situations.,1,1,0
9,2005_clarus_low,The Clarus system shall be able to implement quality checking rules specific to observation locations.,0,1,0
10,2005_clarus_low,The CAS shall be able to configure quality checking rules specific to observation locations.,0,1,0
11,2005_clarus_low,The Clarus system shall be able to base its quality checking process on historical environmental data.,1,0,1
12,2005_clarus_low,The CAS shall be able to configure historical environmental data to be used by quality checking processes.,1,0,0
13,2005_clarus_low,The Clarus system shall be able to use multiple algorithms for its quality checking process.,1,0,1
14,2005_clarus_low,The CAS shall be able to configure multiple algorithms to be used in the quality checking process.,1,0,0
15,2005_clarus_low,The CAS shall be configurable to allow new observation types to be implemented as they become available.,0,1,1
16,2005_clarus_low,The Clarus system shall enable administrators to manage security groups.,1,0,0
17,2005_clarus_low,The CAS system shall enable administrators to manage security group members.,1,0,0
20,2005_clarus_low,The Clarus system shall be able to restrict environmental data publication based on source.,1,0,0
21,2005_clarus_low,The CAS shall be able to record data sharing restrictions.,1,0,0
22,2005_clarus_low,The Clarus system shall record statistics about its operation.,1,0,1
23,2005_clarus_low,The CAS shall record statistics about the system operation.,1,0,0
29,2005_clarus_low,The CAS shall manage quality checking schedules.,1,0,0
32,2005_clarus_low,The Clarus system shall manage environmental data and metadata according to the Clarus data sharing agreements.,1,0,0
33,2005_clarus_low,The CAS shall manage data sharing rules based on contributor data sharing agreements.,1,0,0
36,2005_clarus_low,The Clarus system shall provide environmental data quality flags.,1,0,0
37,2005_clarus_low,The CAUI shall enable a quality manager to apply manual flags to a set of observations from an individual ESS.,1,0,0
38,2005_clarus_low,The CAUI shall enable a quality manager to apply manual flags to a set of observations.,1,0,0
39,2005_clarus_low,The CAUI shall enable a quality manager to apply manual flags to a set of observations over a fixed time range.,1,0,0
40,2005_clarus_low,The CAUI shall enable a quality manager to apply manual flags to a set of observations over a time range with an open ended future time.,1,0,0
42,2005_clarus_low,The CAUI shall allow a quality manager to apply a manual quality flag to environmental data.,1,0,0
44,2005_clarus_low,The Clarus system shall be able to implement quality checking rules specific to each environmental parameter.,0,1,0
45,2005_clarus_low,The CAUI shall enable quality checking rules to be configured specific to each environmental parameter.,1,1,0
46,2005_clarus_low,The CAUI shall enable administrators to acquire environmental metadata.,1,0,0
47,2005_clarus_low,The CAUI shall enable administrators to manage environmental metadata.,1,0,0
48,2005_clarus_low,The Clarus system shall provide a user interface for administration.,1,0,0
49,2005_clarus_low,The CAUI shall enable administrators to manage contributor metadata.,1,0,0
50,2005_clarus_low,The CAUI shall enable administrators to manage collector metadata.,1,0,0
51,2005_clarus_low,The CAUI shall enable administrators to manage quality checking schedules.,1,0,0
52,2005_clarus_low,The CAUI shall enable administrators to manage environmental data collection schedules.,1,0,0
53,2005_clarus_low,The CAUI shall enable administrators to manage contributor data sharing agreements.,1,0,0
54,2005_clarus_low,The CAUI shall enable administrators to assign system privileges.,1,0,0
56,2005_clarus_low,CS shall be able to transform extracted environmental data into the internal storage format.,1,0,0
57,2005_clarus_low,CS shall be able to store transformed environmental data in the QEDC.,1,0,0
58,2005_clarus_low,CS shall be able to convert observation units into the Clarus standard unit specification.,1,0,0
64,2005_clarus_low,CS shall be able to collect in-situ environmental observations from data collectors.,1,0,0
65,2005_clarus_low,The Clarus system shall be able to access remotely sensed environmental observations from data collectors.,1,0,0
66,2005_clarus_low,CS shall be able to retrieve remotely sensed environmental observations from data collectors.,1,0,0
67,2005_clarus_low,The Clarus system shall be able to receive roadway weather measurements derived from VII data.,1,0,0
68,2005_clarus_low,CS shall be able to retrieve roadway weather measurements derived from VII data.,1,0,0
69,2005_clarus_low,The Clarus system shall allow access to new surface transportation-related observed environmental data.,1,0,0
70,2005_clarus_low,CS shall be able to be implemented to collect new observation types as they become available.,1,1,1
74,2005_clarus_low,The Clarus system shall be able to retrieve environmental data directly from environmental sensor station collectors.,1,0,0
76,2005_clarus_low,The Clarus system shall minimize the time for data acquisition.,1,0,0
77,2005_clarus_low,CS shall be able to dynamically adjust its retrieval schedules when environmental data is expected to be ready but is temporarily delayed.,1,1,1
82,2005_clarus_low,The Clarus system shall accept environmental data from railway systems or in-situ ESS along tracks.,1,0,0
83,2005_clarus_low,CS shall be able to collect environmental data from railway systems from railway collectors.,1,0,0
84,2005_clarus_low,CS shall be able to collect environmental data from in-situ ESS along tracks from railway collectors.,1,0,0
87,2005_clarus_low,The Clarus system shall accept environmental data from (roadway) vehicles.,1,0,0
99,2005_clarus_low,CS shall create a log entry when a data set is invalid.,1,0,0
100,2005_clarus_low,The Clarus system baseline data types shall be defined by the NTCIP ESS 1204 standard.,1,0,0
102,2005_clarus_low,"The Clarus system data definitions shall be consistent with the ITE TM 1.03 standard, Functional Level Traffic Management Data Dictionary (TMDD).",1,1,0
104,2005_clarus_low,CS shall accept environmental data described by definitions defined by CMML version 2.,1,0,0
106,2005_clarus_low,"The Clarus system shall accept only observations that include location, timestamp, and source metadata.",1,1,0
107,2005_clarus_low,"CS shall accept only observations that include location, timestamp, and source metadata.",1,1,0
108,2005_clarus_low,The Clarus system shall accept only observations of identified measurement types and units.,0,1,0
109,2005_clarus_low,CS shall accept only observation of identified measurement types and units.,1,1,0
112,2005_clarus_low,The Clarus system shall accept data through a Clarus standard interface.,1,0,0
113,2005_clarus_low,CS shall implement the Clarus standard interface.,1,0,0
114,2005_clarus_low,The Clarus system shall be able to communicate with environmental sensor stations through its collector using the NTCIP ESS 1204.,1,0,1
117,2005_clarus_low,CS shall be able to accept data from an RWIS database in its native output format.,1,0,1
118,2005_clarus_low,The Clarus system shall be able to communicate with an individual ESS through its native interface.,1,0,1
119,2005_clarus_low,The Clarus system shall transfer data as efficiently as possible.,0,1,0
121,2005_clarus_low,CS shall be able to request collector environmental data on demand.,1,0,0
123,2005_clarus_low,The Clarus system shall employ industry standards to minimize implementation impact to users and providers.,1,0,0
124,2005_clarus_low,CS shall be able to extract environmental data from an XML message that conforms to the Clarus standard XML message specification.,1,0,0
125,2005_clarus_low,CS shall be able to extract environmental data from comma separated value messages.,1,0,0
126,2005_clarus_low,CS that process comma separated value ASCII text shall be able to dynamically parse environmental data that includes a descriptive header row conforming to the Clarus collector standard message specification.,1,0,0
127,2005_clarus_low,CS that process comma separated value ASCII text shall be able to dynamically parse environmental data described by a stored collector configuration.,1,0,0
128,2005_clarus_low,CS shall be able to extract environmental data from CMML version 2 messages.,1,0,0
129,2005_clarus_low,CS shall be able to extract environmental data from netCDF version 3.6 messages.,1,0,0
130,2005_clarus_low,The Clarus system shall allow access to new surface transportation related observed environmental data.,1,0,0
131,2005_clarus_low,The DOG shall be able to monitor new environmental data services as they are added.,1,0,1
136,2005_clarus_low,The EMC shall be configurable to allow new observation types to be implemented as they become available.,0,1,1
139,2005_clarus_low,"The EMC shall be able to maintain contact info for each contributor, collector, and station sensor.",1,0,0
140,2005_clarus_low,"The EMC shall be able to maintain backup contact info for each contributor, collector, and station sensor.",1,0,0
141,2005_clarus_low,"The EMC shall be able to maintain owner names for each contributor, collector, and station sensor.",1,0,0
142,2005_clarus_low,The EMC shall be able to maintain an equipment list for each station.,1,0,0
143,2005_clarus_low,The EMC shall be able to maintain pavement types for stations with corresponding instrumentation.,1,0,0
144,2005_clarus_low,"The EMC shall be able to maintain latitude, longitude, and elevation for stations.",1,0,0
146,2005_clarus_low,The EMC shall store collector metadata that consists of information based on TMDD & MS/ETMCC.,1,0,0
147,2005_clarus_low,The Clarus system shall disseminate environmental metadata in response to polling.,1,0,0
148,2005_clarus_low,EMS shall disseminate metadata in response to polling.,1,0,0
149,2005_clarus_low,The Clarus system shall disseminate data using standard Internet protocols.,1,0,0
150,2005_clarus_low,EMS shall disseminate metadata using standard Internet protocols.,1,0,0
151,2005_clarus_low,The Clarus system shall allow new EMS to be implemented that disseminate new observation types to be implemented as they become available.,1,1,1
154,2005_clarus_low,The Clarus system shall minimize the time for data dissemination.,1,0,0
155,2005_clarus_low,EMS shall respond to queries for metadata within five minutes.,1,0,0
158,2005_clarus_low,The EMS shall accept source queries that consist of a list of Clarus contributors including station identifier.,1,0,0
159,2005_clarus_low,The EMS shall accept location queries based on a bounding latitude/longitude coordinate pair.,1,0,0
160,2005_clarus_low,The EMS shall accept location queries based on latitude/longitude location and radius.,1,0,0
162,2005_clarus_low,EMS shall be able to distribute metadata in a comma separated value ASCII format.,1,0,0
163,2005_clarus_low,The Clarus system shall respond to queries for environmental metadata from the available metadata.,1,1,0
164,2005_clarus_low,EMS responses shall include metadata that meets the requested metadata query filtering specifications.,1,0,0
165,2005_clarus_low,EMS shall respond to queries returning no results with a message stating that no results matching that query are available.,1,1,0
166,2005_clarus_low,The Clarus system shall respond to a request for information within five minutes.,1,0,0
167,2005_clarus_low,The EMS shall respond to a request for metadata within five minutes.,1,0,0
168,2005_clarus_low,The QEDC shall keep the results of each quality test for each observation for the life of the observation.,1,0,0
169,2005_clarus_low,The QEDC shall be configurable to allow new observation types to be implemented as they become available.,0,1,1
170,2005_clarus_low,The Clarus system shall maintain a dynamic library of data for at least seven days.,1,0,0
172,2005_clarus_low,The QEDC observation types shall be defined by NTCIP ESS 1204.,1,0,0
173,2005_clarus_low,The Clarus system shall allow service providers to select specific desired data sets.,0,1,0
174,2005_clarus_low,The QEDC shall support queries for its observations.,1,0,1
175,2005_clarus_low,The Clarus system shall respond to queries for environmental data from the available data.,1,1,0
176,2005_clarus_low,The QEDC shall support queries against all of its available observation datasets.,1,1,1
178,2005_clarus_low,The QEDC combined from all available Clarus hosts shall support 470 million current observations.,1,1,0
179,2005_clarus_low,The Clarus system shall disseminate data in response to a scheduled request.,1,0,0
180,2005_clarus_low,QEDS shall disseminate data in response to a scheduled environmental data request.,1,0,0
181,2005_clarus_low,The Clarus system shall disseminate environmental data in response to polling.,1,0,0
182,2005_clarus_low,QEDS shall disseminate data in response to an immediate environmental data request.,1,1,0
183,2005_clarus_low,The Clarus system shall disseminate data in response to a change notification request.,1,0,0
184,2005_clarus_low,QEDS shall disseminate data in response to a change notification request.,1,0,0
185,2005_clarus_low,The Clarus system shall be able to notify subscribers when data sets become available.,1,1,0
186,2005_clarus_low,QEDS shall disseminate environmental data to subscribers when datasets fulfilling a subscription query become available.,1,1,0
187,2005_clarus_low,QEDS shall be able to disseminate environmental data to contributor subscribers when datasets fulfilling a subscription query applying threshold filters become available.,1,1,0
188,2005_clarus_low,QEDS system shall disseminate environmental data using standard Internet protocols.,1,0,0
190,2005_clarus_low,QEDS shall be able to disseminate environmental data in English units.,1,0,0
193,2005_clarus_low,QEDS shall provide quality checking statistics to data contributors.,1,0,0
194,2005_clarus_low,The Clarus system shall enable quality managers to review which quality checks passed or failed.,1,0,0
195,2005_clarus_low,QEDS shall enable quality managers to review which quality checks passed or failed.,1,0,0
196,2005_clarus_low,QEDS shall be able to disseminate new observation types as they become available.,1,1,1
199,2005_clarus_low,QEDS shall respond to environmental data queries within one minute.,1,0,0
200,2005_clarus_low,The Clarus system shall be able to disseminate data based on spatial queries.,1,0,0
201,2005_clarus_low,QEDS shall be able to disseminate data based on spatial queries.,1,0,0
205,2005_clarus_low,QEDS shall disseminate data with descriptions that conform to the TMDD.,1,0,0
208,2005_clarus_low,QEDS shall be able to disseminate environmental data in netCDF version 3.6 format.,1,0,0
209,2005_clarus_low,QEDS shall be able to disseminate environmental data in HDF version 5 format.,1,0,0
210,2005_clarus_low,QEDS shall be able to disseminate environmental data in CMML version 2 format.,1,0,0
211,2005_clarus_low,QEDS shall be able to disseminate environmental data in comma separated value ASCII format.,1,0,0
212,2005_clarus_low,The Clarus system shall allow service providers to select specific desired datasets.,0,1,0
213,2005_clarus_low,QEDS shall respond to environmental data queries selecting specific desired datasets.,1,1,0
214,2005_clarus_low,QEDS shall enable users to request environmental data from among the available output formats.,1,1,0
215,2005_clarus_low,QEDS shall respond to queries returning no results with a message stating that no results matching that query are available.,1,1,0
219,2005_clarus_low,QEDS shall accept location queries based on a bounding latitude/longitude coordinate pair.,1,0,0
220,2005_clarus_low,QEDS shall accept location queries based on a latitude/longitude location and radius.,1,0,0
222,2005_clarus_low,QEDS shall accept quality flag queries based on a range of quality flag values.,1,0,0
225,2005_clarus_low,QEDS shall accept source queries that are a list of Clarus contributors combined with a station identifier.,1,0,0
226,2005_clarus_low,The Clarus system shall allow users to create a data subscription request.,1,0,0
228,2005_clarus_low,QEDS shall accept data subscriptions that include an environmental data request and the publishing trigger.,1,0,0
229,2005_clarus_low,QEDS shall be able to accept subscription requests with triggers based on a schedule.,1,0,0
230,2005_clarus_low,QEDS shall be able to accept subscription requests with triggers based on quality flag state changes.,1,0,0
231,2005_clarus_low,QEDS shall disseminate subscription responses to the originating request address by default.,1,1,0
234,2005_clarus_low,QEDS shall automatically delete a subscription when the triggering event will not occur again and no more responses are possible.,1,1,0
236,2005_clarus_low,QEDS shall disseminate subscription responses within twenty minutes of new data becoming available.,1,1,0
237,2005_clarus_low,The Clarus system shall respond to a request for information within one minute.,1,0,0
238,2005_clarus_low,QEDS shall respond to an environmental data request within one minute.,1,0,0
239,2005_clarus_low,The Clarus system shall be able to handle three hundred simultaneous requests for environmental data.,1,0,0
244,2005_clarus_low,QChS processing shall commence when new data arrives but no less frequently than the scheduled interval.,1,1,0
245,2005_clarus_low,Each QChS shall produce a unique quality flag value.,1,0,0
249,2005_clarus_low,QChS algorithms shall use sensor range metadata for range checking bounds.,1,0,0
250,2005_clarus_low,QChS algorithms shall use climate records for range checking bounds.,1,0,0
251,2005_clarus_low,QChS algorithms shall be able to use monthly climate extremes for range checking bounds.,1,0,0
255,2005_clarus_low,QChS shall implement a manual override to set quality flags.,1,0,0
257,2005_clarus_low,QChS shall be able to implement quality checking rules for a specific environmental parameter.,1,1,0
258,2005_clarus_low,QChS shall be able to implement quality checking rules for specific environmental situations.,1,1,0
259,2005_clarus_low,The Clarus system shall be able to implement quality checking spatial tests using available data.,1,1,0
260,2005_clarus_low,QChS shall be able to implement quality checking spatial tests using available data.,1,1,0
261,2005_clarus_low,QChS shall be able to implement different quality checking rules specific to regional weather.,0,1,0
262,2005_clarus_low,The Clarus system shall be able to base its quality checking process on values from multiple observations.,1,0,1
263,2005_clarus_low,QChS shall be able to flag observations based on more than one observation type.,1,1,0
264,2005_clarus_low,The Clarus system shall be able to base its quality checking process on values distributed in time.,1,1,1
265,2005_clarus_low,QChS shall be able to base its quality checking process on values distributed in time.,1,1,1
266,2005_clarus_low,QChS shall be able to use historical environmental data in their quality checking algorithms.,1,0,1
268,2005_clarus_low,QChS shall be implemented to quality check new observation types as they become available.,1,1,1
272,2005_clarus_low,The Clarus system shall be able to complete an automated quality checking check of environmental data within ten seconds of data receipt.,1,0,0
273,2005_clarus_low,A QChS shall be able to complete an automated quality check within ten seconds of when data is available for checking.,1,1,0
274,2005_clarus_low,All QChS shall be completed within twenty minutes of data being available for checking.,1,1,0
280,2005_clarus_low,The Clarus system shall be able to be hosted at one or more physical locations.,0,1,0
281,2005_clarus_low,The Clarus system shall track its constituent hosts.,1,0,1
282,2005_clarus_low,The Clarus system shall allocate each collector to a specific host.,0,1,0
283,2005_clarus_low,The Clarus system shall allocate each contributor to a specific host.,0,1,0
284,2005_clarus_low,Clarus hosts shall be able to aggregate environmental data from other Clarus hosts.,1,1,0
285,2005_clarus_low,Clarus hosts shall be able to distribute queries to other Clarus hosts.,1,0,0
286,2005_clarus_low,The Clarus system shall use hardware that implements industry accepted standard interfaces.,1,0,0
287,2005_clarus_low,The Clarus system shall use software that implements industry accepted standard interfaces.,1,0,0
289,2005_clarus_low,All HTML coding shall meet FHWA requirements for web sites.,1,0,0
291,2005_clarus_low,"The Clarus system shall be able to use latitude, longitude, and elevation coordinates to specify location to the nearest three feet.",1,0,0
294,2005_clarus_low,The Clarus system shall be able to publish environmental data at three times the volume rate that it collects it.,1,0,1
298,2005_clarus_low,The Clarus system shall be able to respond to 95% of all requests for environmental data 95% of the time.,1,0,0
299,2005_clarus_low,The Clarus program shall establish data sharing agreements with all participating sources of environmental data.,1,0,0
300,2005_clarus_low,The Clarus program shall identify categories of recipients for dissemination of data.,1,0,0
301,2005_clarus_low,"The Clarus program shall determine the need for bilateral Clarus Data Sharing Agreements with countries, agencies, states, and regions.",1,0,0
302,2005_clarus_low,The authorized representative(s) of the contributors shall be identified.,1,0,0
303,2005_clarus_low,The contributors shall identify and define the types of data and information that will be included in the Clarus Data Sharing Agreement.,1,0,0
308,2005_clarus_low,The Clarus program shall provide data and information statistics on its operation to contributors.,1,0,1
309,2005_clarus_low,The contributors shall inform the Clarus program of changes in authorized personnel/offices.,1,0,0
311,2005_clarus_low,The Clarus Initiative Management Team shall undertake joint communications activities and products that will enhance public understanding and dissemination of contributions of the Clarus program.,1,0,0
312,2005_clarus_low,The Clarus Initiative Management Team shall agree upon the activities and products that will enhance public understanding/ communication of the contribution of the Clarus program.,1,0,0
313,2005_clarus_low,The contributors shall inform the Clarus program of known error(s) and modifications in its data and information.,1,0,1
314,2005_clarus_low,The Clarus program shall determine its redistribution of shared data from contributors based upon Clarus Data Sharing Agreements.,1,0,1
315,2005_clarus_low,The Clarus program shall report successes and failures in data and information transmission to its contributors.,1,0,1
317,2005_clarus_low,The Clarus program shall maintain information about requestors and their access to data and information.,1,0,1
319,2005_clarus_low,The Clarus Initiative Management Team shall specify the general frequency of policy meetings.,0,1,0
320,2005_clarus_low,The Clarus Initiative Coordinating Committee shall nominate technical expert(s) to participate on technical working groups.,1,0,0
323,2005_clarus_low,The contributors shall have the right to use the Clarus system data and information for purposes delineated within the Clarus Data Sharing Agreement.,1,0,0
324,2005_clarus_low,The requestors shall have the right to use the Clarus system data and information for purposes delineated within the Clarus User Agreement.,1,0,0
325,2005_clarus_low,The Clarus program shall have the right to reject the use of data and information provided by the contributors when deemed appropriate.,1,1,0
326,2005_clarus_low,"The Clarus program shall inform contributors of the policies, processes and procedures employed to reject data and information provided by the contributors.",0,1,0
327,2005_clarus_low,"The contributors shall provide the Clarus program with a timely notice of their intent to change, alter, replace, or eliminate any shared data and information as specified within this Clarus Data Sharing Agreement.",1,1,1
328,2005_clarus_low,"Any reference in the Clarus Data Sharing Agreement to statutes, regulations and rules shall be a reference to the amended, substituted, replaced or re-enacted statute, regulations and rules.",1,0,0
329,2005_clarus_low,The Clarus program shall provide to contributors the limitation of liability for contributing environmental data and metadata.,1,0,0
330,2005_clarus_low,The Clarus program shall provide to requesters the limitation of liability for using environmental data and metadata.,1,0,0
332,2005_clarus_low,The Clarus program shall provide an environment that has uninterruptible power for the Clarus system.,1,0,0
333,2005_clarus_low,The Clarus program shall provide an environment that has redundant communication for the Clarus system.,1,0,0
338,2005_clarus_low,The Clarus program shall define quality checking rules for environmental observations.,1,0,0
343,2005_clarus_low,The Clarus program shall maintain a comprehensive Clarus system test environment.,0,1,0
344,2005_clarus_low,The Clarus program shall test all software changes in the designated test environment before deployment to production.,1,0,0
345,2005_clarus_low,The Clarus program shall test all hardware changes in the designated test environment before deployment to production.,1,0,0
347,2005_clarus_low,"The Clarus program shall operate according to Government IT security requirements as outlined in OMB Circular A-130, Management of Federal Information Resources, Appendix III, Security of Federal Automated Information Resources.",1,0,0
348,2005_clarus_low,"The Clarus program shall operate according to Government IT security requirements as outlined in the National Institute of Standards and Technology (NIST) Guidelines, Departmental Information Resource Management Manual, and associated guidelines.",1,0,0
349,2005_clarus_low,"The Clarus program shall operate according to Government IT security requirements as outlined in U.S. DOT Order 1630.2B, Personnel Security Management.",1,0,0
350,2005_clarus_low,Weather service providers shall be able to use Clarus data to provide localized special weather products.,1,0,0
351,2005_clarus_low,Public agency maintenance and construction personnel shall be able to use the Clarus system to obtain environmental conditions.,1,0,0
352,2005_clarus_low,Rail system personnel shall be able to use the Clarus system to obtain environmental conditions.,1,0,0
353,2005_clarus_low,Traffic management personnel shall be able to use the Clarus system to obtain environmental conditions.,1,0,0
354,2005_clarus_low,Transit personnel shall be able to use the Clarus system to obtain environmental conditions.,1,0,0
355,2005_clarus_low,The freight community shall be able to use the Clarus system to obtain environmental conditions.,1,0,0
356,2005_clarus_low,Emergency management and public safety personnel shall be able to use the Clarus system to obtain environmental conditions.,1,0,0
357,2005_clarus_low,The Clarus program shall maintain information about data providers.,1,0,0
358,2005_clarus_low,The Clarus program shall maintain metadata about each data provider's network.,1,0,0
359,2005_clarus_low,The Clarus program shall maintain information about data provider redistribution restrictions.,1,0,0
360,2005_clarus_low,The Clarus program shall maintain information about service providers.,1,0,0
361,2005_clarus_low,The Clarus program shall maintain information about service provider communications.,1,0,0
362,2005_clarus_low,The Clarus program shall maintain information about service provider access to data.,1,0,0
363,2005_clarus_low,The Clarus program shall allow potential weather element data providers to request permission to submit weather information.,1,0,0
364,2005_clarus_low,The Clarus system shall accept data only from sources which data sharing agreements have been established.,1,1,0
365,2002_evla_back,Lag Frames – The BE shall receive LTA or Speed Dump Lag Frames from the Correlator.,1,0,0
366,2002_evla_back,Transfers – The transfer shall take place in such a manner that all data needed to perform any Fourier Transform shows-up on a single processor.,1,0,0
368,2002_evla_back,"Observational Mode – The BE shall receive, via M&C, data and parameters specific to the current EVLA Observational Mode needed for processing the Correlator Lag values.",1,1,0
369,2002_evla_back,"Meta-data – The BE shall receive, via M&C, all meta-data necessary to format BE results for delivery to the E2E.",1,1,0
370,2002_evla_back,Operational Status and Control – The BE shall provide operational status data to and receive control data from the M&C System. This includes Lag Frame destination addresses and address changes.,1,0,0
371,2002_evla_back,Error and Warning – The BE shall provide error and warning reports to M&C as operating conditions warrant.,1,0,0
372,2002_evla_back,Debug/Test Messages – The BE shall provide several optionally selectable levels of printed messages detailing operational parameters at critical locations in the system.,1,1,0
373,2002_evla_back,Formatted Output – The BE shall deliver formatted final results to the e2e System. The BE shall produce all data needed by the e2e System for archiving and further processing. The output is currently expected to be in a form compatible with AIPS++ Measurement Sets.,1,1,0
375,2002_evla_back,Correlator System – The BE shall notify M&C of any detected interruptions of data delivery from the Correlator.,1,0,0
379,2002_evla_back,"Lag Sets - The BE shall be able to handle lag sets up to a maximum size of 262,144 values.",0,1,0
380,2002_evla_back,Data Receive – The BE shall receive incoming data packets from the Correlator to Backend network interface. This network is a part of the BE System.,1,0,0
381,2002_evla_back,"Verify Receive – The BE shall verify the successful receipt of incoming data from the Correlator. This includes checking for receive errors and determining that all expected data was received, accumulation of error statistics and comparison against tolerances, and reporting of all out of tolerance conditions.",1,0,0
382,2002_evla_back,Input Data Management - The BE shall store input data records in a memory buffer and track buffer locations of all input data until data processing is complete. Report any buffer overflow conditions.,1,0,0
383,2002_evla_back,"Processing Management – The BE shall respond to incoming correlator mode changes, user optional processing sequence and/or parameter changes, and other external inputs that affect the data processing pipeline. Update internal parameter tables and synchronize data processing pipeline with new operational conditions.",1,0,0
385,2002_evla_back,Data Integrity Verification – The BE shall ensure that time series data is correctly ordered and contains valid data values along its entire extent.,1,1,1
386,2002_evla_back,Data Invalid – The BE shall replace all invalid data with zero values.,1,0,0
388,2002_evla_back,Normalization – The BE shall be able to apply normalizations based on reported data invalid counts.,1,0,0
389,2002_evla_back,Coarse Quantization Correction - The BE shall be able to apply corrections based on state count and/or quantizer power measurement data. This is the VanVleck correction.,1,0,0
390,2002_evla_back,"Time Domain Processing – The BE shall be able to apply user selected time domain processes. These processes should be constructed to be chainable (output of any time domain process can be piped to input of any other, including replica of self and Fourier Transform) and repeatable in the chain. No Optional time domain processes have as yet been proposed.",1,0,0
391,2002_evla_back,Windowing – The BE shall be able to perform windowing operations prior and subsequent to Fourier Transform. This will be needed for narrow band RFI mitigation. Post Fourier Transform windowing will be applied as a convolution.,1,1,0
392,2002_evla_back,"Time Domain Processing – The BE shall be able to apply user selected time domain processes. These processes should be constructed to be chainable (output of any time domain process can be piped to input of any other, including replica of self and Fourier Transform) and repeatable in the chain. No Optional time domain processes have as yet been proposed.",1,0,0
393,2002_evla_back,Fourier Transform Processing – The BE shall be able to perform Fourier Transform the lag set time series. A power-of-two complex-to-complex Fast Fourier Transform with retention of all output positive and negative frequencies will be used. This process must be able to accept as input the output of any of the time domain processes.,1,1,0
394,2002_evla_back,Frequency Domain Processing – The BE shall be able to apply user selected frequency domain processes. These processes should be constructed to be chainable (output of Fourier Transform and any frequency domain process can be piped to input of any frequency domain process including replica of self) and repeatable in the chain. No frequency domain processes have as yet been proposed.,1,0,0
395,2002_evla_back,"Integration – The BE shall be able to sum the frequency domain, spectral results. The amount (time duration) of summation will be controlled by an observational mode parameter obtained via M&C. The BE shall keep track of the number of samples/dumps integrated in each spectral channel. The summation will occur after all optional frequency domain processing, or if none, after the Fourier Transform. Integration for long periods of time is what will throttle the output of the Correlator to a rate manageable by the E2E.",1,1,0
396,2002_evla_back,Output Formatting – The BE shall combine the finished spectra with meta- and auxiliary data to form suitably formatted output data sets.  AIPS++ Measurement Sets are the expected entities.,1,0,0
397,2002_evla_back,Output Data Management – The BE shall store formatted output data records in a memory buffer with backup disk buffering. Store data ready for transmission to the e2e System until successful transfer has occurred. Report any errors and buffer overflow conditions that occur.,1,0,0
400,2002_evla_back,Monitor I/O Performance – The BE shall monitor data transfer rates from the Correlator and to the e2e. Accumulate data transfer statistics and compare against tolerances. Report all out of tolerance conditions.,1,0,0
402,2002_evla_back,"Monitor Compute Errors – The BE shall trap, flag and repair inf’s, NaN’s, underflows, overflows and other computation errors. Accumulate computation error statistics and compare against tolerances. Report all out of tolerance conditions.",1,0,0
403,2002_evla_back,"Monitor Processes – The BE shall periodically or upon request check PID’s and assure that all started tasks are alive and running. Report missing, stopped, defunct and other damaged processes.",1,1,0
404,2002_evla_back,"Monitor Processors – The BE shall periodically or upon request check Backend physical processors and assure that all needed processors are alive and responding. Report all crashed, stopped, or unresponsive processors.",1,1,0
405,2002_evla_back,Monitor Networks – The BE shall periodically or upon request check all Backend internal networks and assure that all communication connections are intact and functioning. Report all non-functioning components.,1,1,0
406,2002_evla_back,Start Process – The BE shall be able to initiate a processing task on any Backend processor.,1,0,0
407,2002_evla_back,Stop Process  – The BE shall be able to signal a kill for any Backend process.,1,0,0
408,2002_evla_back,Alter Priority – The BE shall be able to alter the priority of any of the BE tasks.,1,0,0
409,2002_evla_back,Reboot Processor – The BE shall be able to initiate a reboot of any Backend a physical processor.,1,1,0
411,2002_evla_back,Offload – The BE shall be able to redistribute internal workload among its processors. This may involve change of destination IP address(es) for the Correlator network.,1,0,1
412,2002_evla_back,General – BE processes shall not violate archive data requirements. All processes shall be reversible; the raw unconverted input always being recoverable from the output.,0,1,0
413,2002_evla_back,Input Data Queue – a memory buffer of lag frames. Data entry status queue to track each record in the buffer. The lag frames will contain all information necessary to properly assemble complete lag sets.,1,1,0
414,2002_evla_back,Output Data Queue – a memory buffer plus backup disk storage of all processed spectra. These will be converted to output AIPS++ Measurement Set entities prior to transfer to the e2e. Data entry status queue to track each record in the buffer.,1,0,0
415,2002_evla_back,"Processing Parameters – names, position(s) in sequence, and adjustable parameters for all fixed and user selectable processing pipeline applications.",1,0,0
416,2002_evla_back,Processing flags – a table of flags needed to identify various internal conditions relating to error response and processing state.,1,1,0
417,2002_evla_back,"Metadata – All internally and externally generated data about the processed time series and spectra including invalid data flags, processes applied, coordinates, etc.",1,1,0
420,2002_evla_back,"Failure Report – internal system component (e.g., disk drive, processors, processes, and networks) failure number (translatable into text error message) and time stamp.",1,0,0
421,2002_evla_back,"Recovery Report – internal system component (process, processor, network) recovery action result.",1,0,0
423,2002_evla_back,"Data Integrity – the Backend System shall maintain input data fidelity and dynamic range across all processing, manipulation and I/O functions.",1,0,0
424,2002_evla_back,"Error Handling – the system shall be capable of flagging and marking corrupted data segments and proceeding without interruption or effect on other data. This includes, but is not limited to, partial data, zero data, underflows, overflows, infinities, and NaN’s whether obtained on input or arising during processing.",1,1,0
425,2002_evla_back,"Input – The BE System shall be capable of accepting an aggregate data input stream from the Correlator of a minimum of 1.6 Gbytes/sec. This must be done simultaneously with the output stream, but not necessarily over the same interconnects. This is an initial deployment specification and will be increased over time.",1,1,0
426,2002_evla_back,"Output – The BE System shall be capable of delivering an output data stream to the e2e System of a minimum of 25 MBytes/sec. This includes resends and simultaneous transfer of data stored due to a previous e2e connection outage. This must be done simultaneously with the output stream, but not necessarily over the same interconnects. This is an initial deployment specification and will be increased over time.",1,1,0
427,2002_evla_back,CPU – The total processor capability of the BE System shall be (combination of numbers of processors and individual processor speed) sufficient to accomplish all processing tasks while avoiding loss or delay on the input and output data streams.,1,1,0
428,2002_evla_back,Memory – The BE System shall have sufficient (amount TBD) memory with sufficient (rate TBD) access speeds to accomplish all processing tasks while avoiding loss or delay on the input and output data streams.,1,1,0
429,2002_evla_back,Excess Storage – The BE System shall have sufficient storage (memory and/or disk) with sufficient access speeds to meet short duration Correlator bursting demands (level TBD) plus a standby reserve (amount TBD) to meet reliability needs and handle outage recovery demands.,1,1,0
430,2002_evla_back," Applications – all math/science application software shall take optimal advantage of all language, compiler, and system computational features and resources to reduce run times to the minimum practical level.",1,1,0
431,2002_evla_back,"Management – all management software functions shall take optimal advantage of all language, compiler and system features and resources to reduce overheads to the minimum practical level.",1,1,0
432,2002_evla_back,"I/O – all input and output, and storage and retrieval operations shall take optimal advantage of all system resources to reduce overhead and latency to the minimal practical level.",1,1,0
433,2002_evla_back,Processing – all data processing functions shall be chainable (outputs pipeable to inputs) and repeatable in the processing pipeline in cases where this makes computational sense.,1,0,0
434,2002_evla_back,"General - Operating system, message passing and other middle-ware, and programming language(s) used shall follow industry standards and be commonly available and widely used. Availability of source code for the OS will be very important.",0,1,0
435,2002_evla_back,"Auto-correction – the Backend System shall be self-monitoring.  It will be capable of detecting, reporting on and automatically taking action to remedy or lessen the impact of, at a minimum, the following types of abnormal conditions: processor hardware failure, operating system hangs or crashes, computational performance below minimum specifications, computational error rates above maximum specification, internal communications failures, and external (with the Correlator and E2E) communications disruptions.",1,1,1
436,2002_evla_back,Software – the software part of the system shall be able to perform without total system restart due to internal failure between array maintenance windows.,1,0,0
437,2002_evla_back,"Hardware – the hardware part of the system shall be able to perform indefinitely without complete loss of service, except in the event of total failure of primary and backup power.",1,0,0
438,2002_evla_back,Correlator mode changes – the system shall be capable of responding in a loss-less manner to I/O and processing changes arising from Correlator mode changes.,1,1,0
439,2002_evla_back,Loss of e2e – the system shall continue to operate in a loss-less manner in the event of a temporary (time duration TBD) loss of availability of the e2e System.,1,0,0
440,2002_evla_back,"Loss of Correlator – the system shall be able to complete processing of all onboard data, deliver the results to the End-to-End System and maintain availability for immediate resumption of operations once Correlator access is restored.",1,1,0
441,2002_evla_back,Loss of M&C – the system shall continue to operate during the absence of the M&C System until the first encounter of unavailable critical auxiliary data. The system will cache a predetermined amount (TBD) of correlator data after the first encounter of unavailable critical data and complete all requested operations on cached data once the unavailable critical data is obtained.,1,0,0
442,2002_evla_back,Standby Mode – the system shall be able to sit at idle and resume operations with minimal (amount TBD) delay.,1,0,0
443,2002_evla_back,"Hardware Accessibility – all system processing and interconnect hardware shall be readily accessible for maintenance, repair, replacement and/or reconfiguration.",1,0,0
444,2002_evla_back,Software Accessibility – all systems and application source code shall be available to or on the systems that execute it.,1,1,1
447,2002_evla_back,Software tools – software tools and pre-built applications that do not have source code available shall come with a complete diagnostic package and customer support.,1,1,0
448,2002_evla_back,Operating Systems – operating system software shall either have source code available or come with sufficient diagnostics and customer support.,0,1,0
449,2002_evla_back,"Hardware – I/O, communications, and processing hardware shall be easily expandable, reconfigureable, augmentable and replaceable to meet increasing data transfer and processing demands imposed by EVLA science, Correlator changes, and availability of new hardware.",0,1,0
450,2002_evla_back,"Transparency – 3.7.1, above, shall be accomplished in manner that is transparent to processing, communications and I/O software functions with the possible exception of recompilation of executables.",1,1,0
451,2002_evla_back,"Seamlessness – 3.7.1, above, shall be accomplished in a manner that is seamless, in that it does not affect hardware modules or software functionality that it meets at interfaces.",1,1,1
452,2002_evla_back,Performance – the Backend system shall ultimately be scaleable to an extent that it will be capable of handling up to two Gbytes per second per Correlator output channel in real-time.,1,1,1
456,2002_evla_back,"Each user shall have a set of system access properties that defines the user’s privileges within the system. (e.g., the subsystems a user may control or system tools the user may access). ",1,0,0
457,2002_evla_back,The administrator shall have the ability to create and add a new user to the system.,1,0,0
458,2002_evla_back,The administrator shall have the ability to remove a user from the system.,1,0,0
459,2002_evla_back,The administrator shall have the ability to edit a user’s system access properties.,1,0,0
460,2002_evla_back,The administrator shall have the ability to block all access to the system for all users or selectively by user. (All blocked users with active sessions shall automatically be logged off.),1,0,0
461,2002_evla_back,"Operations Activities – the system shall continue operations, although not necessarily at full capacity, on all unaffected resources during partial shutdowns for maintenance, repair and/or upgrade.",1,1,0
462,2002_evla_back,"Test Mode – the system shall be able to handle non-real-time operations in a transparent fashion (i.e., as if real-time). Note: non-real-time refers to input data from a source other than the Correlator (defined as real-time).",1,1,0
463,2002_evla_back,Replaceability –modular design principles shall be employed to the maximum extent possible. Maximal practical use of available “hot- swappable” devices and components shall be made.,0,1,0
464,2002_evla_back,Hardware – complete and comprehensible hardware systems specifications and configuration information shall be readily available.,0,1,0
465,2002_evla_back,Software Coding Practices– software system and application code shall be well documented and written in a generally familiar language or languages (preferably not more than two). Software shall be written in a style that is easily readable and using practices that allow for minimal confusion.,1,1,0
466,1999_multi_mahjong,The MultiMahjongServer will be designed to reside on a central computer (server) that is connected to a TCP/IP network and has a unique IP address.,1,0,0
467,1999_multi_mahjong,The MultiMahjongServer will allow connections from MultiMahjongClients and communicate with them using IP.,1,0,1
468,1999_multi_mahjong,"The MultiMahjongServer will serve as a node for MultiMahjongClients. That is, it will be able to relay data received from one MultiMahjongClient to other MultiMahjongClients that request it.",1,0,1
469,1999_multi_mahjong,"The MultiMahjongServer will automate the game initialisation functions (as opposed to the MultiMahjongClient doing them), such as: randomising tile order, randomising seating position and storing the ""Game Info"" database.",1,0,1
470,1999_multi_mahjong,The MultiMahjongServer will contain a High Scores list with the names and scores of the top MultiMahjong players.,1,0,0
471,1999_multi_mahjong,The MultiMahjongServer will allow players on MultiMahjongClient programs to chat with each other in real time.,1,0,0
472,1999_multi_mahjong,The MultiMahjongServer will allow players on MultiMahjongClient programs to modify their own names and icons during gameplay (as opposed to only at the beginning).,1,1,1
473,1999_multi_mahjong,The MultiMahjongServer will support an architecture whereby all Computer Opponents (CO) required will reside on it instead of on the MultiMahjongClient programs.,1,0,1
474,1999_multi_mahjong,The MultiMahjongServer will have a graphical user interface with which the administrator of the server can get log information and change game settings.,1,0,0
475,1999_multi_mahjong,The MultiMahjongServer will be able to save preferences to a file and read from that file at start-up.,1,0,0
476,1999_multi_mahjong,"When the user begins the MultiMahjongClient program, they will be able to choose to create a new multi player game, to create a new single player game, to join an existing multi player game, or to quit the program. These options will be available at any stage while the program is running as long as there is no game currently being played by the user (see Section 4.4 for more details about quitting).",1,1,1
477,1999_multi_mahjong,"When a user creates a new multi player game, they must: 1-Enter their name. 2- Choose an icon from a predetermined list. 3- Decide the number of human and computer opponents they want. As any game of Mahjong requires 4 players, the MultiMahjongClient will limit the user to choosing 4 players in total. 4- Set the score limit for winning a hand of Mahjong. 5- When all the necessary human players have joined the game, the user may choose to begin the game.",1,1,1
479,1999_multi_mahjong,"The processing for any Computer Opponents (CO) (see Section 4.5 for more detail) will be done by the MultiMahjongClient program. In a single player game, the MultiMahjongClient will need to process for 3 COs. In a multi player game with 2 human players, each MultiMahjongClient will support 1 CO. In a multi player game with 3 human players, only 1 of the 3 MultiMahjongClients will support a CO. Obviously, in a multi player game with 4 human players, no CO is required.",1,1,0
480,1999_multi_mahjong,"When a user creates a new single player game, they must: 1- Enter their name. 2- Choose an icon from a predetermined list. 3- Set the score limit for winning a hand of Mahjong.",1,0,1
481,1999_multi_mahjong,"When a user selects the option to join an existing game, the MultiMahjongClient will retrieve a list of any games that still require players from the MultiMahjongServer.",1,0,0
482,1999_multi_mahjong,"When a user wishes to join a multi player game, they must: 1- Enter their name. 2- Choose an icon from a predetermined list. 3- Choose which of the available games they wish to join.",1,1,1
483,1999_multi_mahjong,The MultiMahjongClient must send this join information to the MultiMahjongServer.,1,0,0
484,1999_multi_mahjong,"In a multi player game, each MultiMahjongClient must retrieve the following data from the MultiMahjongServer: 1- Whether it must support a CO. 2- The score limit for a hand. 3- All players' names, icons and seating positions. 4- The tiles of the human and CO (optional) player supported on the MultiMahjongClient.",1,0,1
485,1999_multi_mahjong,The list of un-started games that the MultiMahjongClient fetches from the MultiMahjongServer will be displayed in such a way that users can see the following information about each game: 1- The name and icon of the player who created the game. 2- The score limit for winning a hand. 3- The number of places that still need to be filled before the game can commence.,1,0,0
486,1999_multi_mahjong,The MultiMahjongClient will save the user preferences in a file and read them in when the program begins.,1,0,1
487,1999_multi_mahjong,"Users who create a new game will be able to change the ability level of any CO involved in the game. There will be 3 levels available: Beginner, Intermediate and Advanced.",1,1,0
488,1999_multi_mahjong,Users who create a new game will be able to choose to play different variations of Mahjong rules other than those described in Section 4.3.1. The variations will include the Cleared Hand variation and the Japanese variation (see the rulebook for more detail).,1,1,0
489,1999_multi_mahjong,"Any user who creates or joins a game will be able to upload their own JPEG or GIF image that they wish to have displayed above their name, if they do not wish to use a preset icon.",1,0,1
490,1999_multi_mahjong,"The MultiMahjongClient must only allow players to make moves according to the Chinese rules of Mahjong as described in the rulebook, ""How to Play Mah Jong"".",1,1,0
491,1999_multi_mahjong,The MultiMahjongClient will inform the user whose turn it is to pick up a tile.,1,0,1
492,1999_multi_mahjong,The MultiMahjongClient will retrieve other players' changes in the game situation from the MultiMahjongServer. The user's screen is then updated to display these changes. The following game changes are displayed: 1- Another player picks up a tile from the wall. 2- Another player exposes/reveals a set of tiles. 3- Another player discards a tile.,1,0,0
493,1999_multi_mahjong,"If the configurations of: the current discard, the tiles in a user's hand, and the player whose turn it is, would allow the user to Chow/Pung/Kong/Mahjong under the Chinese rules of Mahjong, the MultiMahjongClient will inform the user that they can do so. If they choose to take this action, then the MultiMahjongClient must send this information to the MultiMahjongServer.",1,0,0
494,1999_multi_mahjong,"User's will be able to pick up a tile from the wall if it is their turn. If they choose to pick up, the MultiMahjongClient must send this information to the MultiMahjongServer.",1,0,1
495,1999_multi_mahjong,"User's will be able to discard a tile if they have picked one up. When they choose to discard, the MultiMahjongClient must send this information to the MultiMahjongServer.",1,0,1
496,1999_multi_mahjong,The MultiMahjongClient must inform the user if another player is fishing.,1,0,0
497,1999_multi_mahjong,The MultiMahjongClient must inform the user if another player goes Mahjong. The wind of the round is also updated (if required).,0,1,0
500,1999_multi_mahjong,The MultiMahjongClient will play sound effects associated with certain game actions.,0,1,0
501,1999_multi_mahjong,Users will be able to turn the sound on or off at any stage during the game.,1,1,0
502,1999_multi_mahjong,Users will have access to the User's Documentation online at any stage during the game.,1,0,0
505,1999_multi_mahjong,User's will be able to Undo their last move if playing in single player mode.,1,0,1
506,1999_multi_mahjong,User's will be able to Save their game if playing in single player mode.,1,0,1
507,1999_multi_mahjong,User's will be able to chat with each other in real time.,1,0,0
510,1999_multi_mahjong,The user will be able to end the game at any stage of the game. ,1,0,0
511,1999_multi_mahjong,The MultiMahjongServer will inform all MultiMahjongClients connected to the game that the game has ended. Users of any MultiMahjongClient previously connected to the game will have the choice to quit the program or to begin/join a new game.,1,0,0
512,1999_multi_mahjong,"If a user leaves the game prematurely, a new CO is created on another user's machine to fill their place. This CO will take over the user's current position and circumstance within the game. This CO will play at an ability level as defined in the Level 2 Requirements for the CO (see Section 4.5.6).",1,0,1
513,1999_multi_mahjong,"If a user leaves the game prematurely, a new CO is created on another user's machine to fill their place. The user who created the game will decide at what level (see Section 4.5.8) the CO will play at.",1,0,1
515,1999_multi_mahjong,The CO will not have access to the data containing the faces of any tiles in the wall or any concealed tiles in any other players' hands.,1,0,0
516,1999_multi_mahjong,The CO will have access to the number of tiles in the wall or in a player's hand.,1,0,0
517,1999_multi_mahjong,The CO will be able to read any player's exposed or revealed hands.,1,0,0
518,1999_multi_mahjong,"The CO will be able to pick up tiles off the wall, discard tiles, reveal Kongs, and Chow/Pung/Kong/Mahjong.",1,0,0
520,1999_multi_mahjong,"The CO will be able to recognise ""almost finished"" sets of tiles (i.e. 2 tiles in a sequence is an almost finished Chow) and will not discard tiles in such sets. This is to give the CO a basic level of strategy.",1,0,0
521,1999_multi_mahjong,"The CO will be able to play at 3 different ability levels: Beginner, Intermediate and Advanced.",0,1,0
522,1999_multi_mahjong,The CO will be able to perform look ahead algorithms to determine its best move in the Intermediate and Advanced levels.,1,1,1
524,1999_multi_mahjong,The CO will be able to play any version of the rules that are specified by the user who creates the game.,1,0,0
525,1999_multi_mahjong,There will be CO's of different playing styles that the user can choose from.,1,1,0
526,1999_multi_mahjong,The potential users of the MultiMahjongClient product will be anyone who enjoys playing or is interested in the game of Mahjong.,1,0,0
527,1999_multi_mahjong,"The product is aimed at users who have a basic knowledge how to operate a PC, Macintosh or Unix box (see Section 5.3.1).",1,0,0
528,1999_multi_mahjong,"Users who wish to play multi player Mahjong will not need to have advanced knowledge of TCP/IP networking. It is assumed however, that the computer has been configured correctly to connect to a TCP/IP network.",1,1,0
529,1999_multi_mahjong,"Prior knowledge of Mahjong rules is not necessary, as the product will be designed for both players with some or no experience.",1,1,0
530,1999_multi_mahjong,The user of the MultiMahjongServer will most likely have general knowledge of a Web Server environment.,0,1,0
531,1999_multi_mahjong,The user will need to know how to set-up and operate a TCP/IP server.,1,0,0
532,1999_multi_mahjong,The user will understand the basic principles of networking and know any networking information associated with the server the MultiMahjongServer program is run on (hostname and IP address).,1,0,0
535,1999_multi_mahjong,An option to access the online troubleshooting guide (Section 7.2.4) is included in the error dialogue box.,1,0,0
537,1999_multi_mahjong,The only option to the user is to quit the game. All processes will be cleaned up (if possible) and the program execution will terminate.,0,1,0
539,1999_multi_mahjong,The coding standard will be the same as that suggested by Sun Microsystems. This document is available in PDF in our repository at: MultiMahjong/doc/SQAP/CodeConventions.pdf or online at: ftp://ftp.javasoft.com/docs/codeconv/CodeConventions.pdf,1,1,1
541,1999_multi_mahjong,The software will run on any machine that is capable of running a Java Virtual Machine that supports JDK 1.2 (see Section 5.3). These machines include: 1- A PC operated under Windows 95/98/NT 2- A Macintosh operated under OS 3- A Unix box operated under Solaris 2.6 or Solaris 7.,1,1,0
542,1999_multi_mahjong,"The minimum system requirements for the product to operate under are: 1- 100 MHz processor 2- 32 Mb of RAM 3- 10 MB of uncompressed hard disk 4- 16-bit video card with minimum resolution of 800 x 600  5- 28.8 Kbps modem and a TCP/IP connection to the Internet, or a TCP/IP LAN connection. For multi player game only.",1,1,0
543,1999_multi_mahjong,The CO must respond within 1 minute in both single and multi player modes.,1,1,0
544,1999_multi_mahjong,The MultiMahjongServer must be able to handle requests in multi player mode of up to 10 simultaneous games (max 40 players).,1,0,0
545,1999_multi_mahjong,The MultiMahjongClient must be able to calculate possible Chow/Pung/Kong/Mahjong moves (see Section 4.3.4) within 5 seconds of being informed of the last discard.,1,1,0
546,1999_multi_mahjong,The MultiMahjongServer will have no graphical user interface and will be run using a command prompt.,0,1,0
547,1999_multi_mahjong,The MultiMahjongServer will have a graphical user interface with which the administrator of the server can get log information and change game settings. No requirements for this graphical user interface are set in this document.,1,0,0
548,1999_multi_mahjong,"An administrator's manual, explaining how to install and operate the MultiMahjongServer, will be provided.",1,1,0
549,1999_multi_mahjong,This manual will be provided as an electronic file.,0,1,0
550,1999_multi_mahjong,The manual will contain the following sections: 1- How to install the MultiMahjongServer program. 2- The background knowledge the administrator must have in order to set-up and operate the MultiMahjongServer program. 3- How to configure the TCP/IP server the administrator is using to run the MultiMahjongServer program. 4- Troubleshooting guide for any problems the administrator may encounter during setup,1,0,0
551,1999_multi_mahjong,"A section added to the manual which details some technical information on the MultiMahjong product, including: 1- The languages we used to write the MultiMahjong product and a history of how it developed. 2- A brief description of how the MultiMahjongServer and MultiMahjongClients interact.",1,1,1
552,1999_multi_mahjong,The administrator's manual will also be viewable from within the MultiMahjongServer program.,0,1,0
554,1999_multi_mahjong,"A user's manual, explaining how to install and operate the MultiMahjongClient, will be provided.",1,1,0
555,1999_multi_mahjong,This manual will be provided in both a hard copy book and an electronic file.,0,1,0
556,1999_multi_mahjong,The manual will contain the following sections: 1- How to install the MultiMahjongClient program. 2- How to begin a single/multi player game or join a multi player game (see Section 4.2) 3. How to play a game of MultiMahjong (which describes the rules and scoring in a game of Chinese Mahjong).  4- An explanation of what all parts of the GUI do (see Section 6.3) and how to use them. 5- Troubleshooting guide,1,0,1
557,1999_multi_mahjong,The user's manual will also be viewable from within the MultiMahjongClient program.,0,1,0
558,1999_multi_mahjong,All design documentation and coding documentation will be maintained thoroughly during the project and delivered to the client.,1,0,0
559,1999_multi_mahjong,"This documentation will be available in electronic files, and, with the exception of source code, in hard copy format.",0,1,0
561,1999_multi_mahjong,The source code will be provided in hard copy format.,0,1,0
562,2005_pontis,"The user shall be able to view all data from any two inspections, for a single bridge, in a tiled14 presentation for easy comparison.",1,1,0
563,2005_pontis,"The user shall be able to select structures by structure ID, district, county, administrative area (geographic group), ownership, custodianship, functional class, NHS status, on/off system, inspector, bridge group, inspection due dates, and all or some environment and elements. The query shall be restricted depending on the user privilege. ",1,0,0
564,2005_pontis,"The system shall eliminate any and all dependencies on workstation (user) control/parameter files for program operation. For example, parameter information required by the NBI Translator (including information currently stored in ELEMENTS.PRN and ERRORS.LST) will be stored strictly within the Pontis database rather than on individual user workstations.",1,0,0
565,2005_pontis,The system will accommodate XP directory security and file permissions when storing any configuration or session parameters.,1,0,0
568,tachonet,FUN-01 The system must allow a member of the network to send requests to a particular or all the other members about possible delivery of a driver’s smart card to a similar person.,1,1,0
569,tachonet,FUN-02 The system must allow a member of the network to send a bulk request on all or a large part of its driver’s smart card holders to a particular or all members of the network.,1,1,1
570,tachonet,FUN-03 The system must allow a member to do statistics on messages issued and received from/to his system.,1,0,1
571,tachonet,FUN-04  The system must provide automatic reply to the sender of the request through the use of a standard interface to the Members systems.,1,0,0
572,tachonet,FUN-05 The system must track the workflow between senders and related replies.,1,0,0
573,tachonet,"FUN-06 The system must be able, in accordance with the rules on delays for each transaction, to automatically transmit alert messages to senders/replier/administrator when, f.i. a constraint on delay for reply is not fulfilled.",1,0,0
574,tachonet,"FUN-07 The system must allow the administrator to extract statistics of use, standard delay of reply by member/period, percentage of unsuccessful transaction,... .",1,0,0
576,tachonet,"FUN-09 The system must be able to define and manage various type of messages already in the driver’s smart card holder like pre- delivery check, stolen/lost cards, renewals, exchanges and duplicates.",1,1,0
577,tachonet,FUN-10 The system must be able to include new members in the network through simple administrative tasks.,1,1,0
578,tachonet,FUN-11 The system must be highly automatic to relieve the users of as many repetitive and tedious tasks as possible.,1,1,0
579,tachonet,FUN-12 The system must provide at application level a full security (including non repudiation) and encryption policy compatible with the level of security required in such situation.,1,1,0
581,tachonet,"FUN-14  The system must allow a Member State (through its Card Issuing Authority) to ask for the status of card (lost, stolen,…) to the corresponding Card Issuing Authority of the Member State having issued the card.",1,0,1
582,tachonet,"FUN-15  The system must allow a Member State (through its Card Issuing Authority) to send card status modification requests (lost, stolen,…) to the corresponding Card Issuing Authority of the Member State having issued the card.",1,0,1
583,tachonet,"FUN-16 The system must allow enforcement authorities (through its Card Issuing Authority) to ask for driver’s card status (based on either card number + issuing Member State code or driver’s surname, first names, date of birth and issuing Member State code) to the corresponding Card Issuing Authority of the Member State having issued the card.",1,0,1
584,tachonet,FUN-17 The system must allow enforcement authorities (through its Card Issuing Authority) to ask for workshop card status (based on workshop card number + issuing Member State code) to the corresponding Card Issuing Authority of the Member State having issued the card.,1,0,1
585,tachonet,USA-01 The system must guide users through an interface based on end user concepts.,1,0,0
586,tachonet,USA-02 The system must be easy to learn and does not obstruct the thematic understanding of the users.,0,1,0
587,tachonet,USA-03  The system must make it easy to correct mistakes.,0,1,1
588,tachonet,REL-01 The system is to be designed as a robust and dependable operational system which is tolerant to operator errors and which will recover cleanly from power cuts or other disasters.,1,1,0
589,tachonet,"REL-02  The system must function reliably, with few or no interruptions in its first operational year and fewer still thereafter.",1,1,1
591,tachonet,PER-01  The system should be able to cover more than one contact point per country depending on the administrative organisation adopted by each country and able to work in a multi hierarchical environment. This is no longer the case since everybody agrees upon having a single point of contact per Member State (even though the Member State is organized with several Card Issuing Authorities – up to the Member State to manage its own organisation).,1,1,1
592,tachonet,PER-02  There will be no restriction in time or place for the use of the software built from the specifications produced under this contract.,1,1,0
593,tachonet,PER-03  The system must be able to establish and keep the dialog with the Members systems despite the various technical environments and technologies used on their sites.,0,1,1
595,tachonet,PER-05 The system will be used 24x7 by operators under pressure to produce results rapidly. The system must respond rapidly to user requests irrespective of any background tasks. Such high- availability (24x7) is also required from the Member States systems to ensure acceptable response time (less than 1 minute) to enforcement authorities requests.,1,1,0
596,tachonet,SUP-01 The system should be able to support other types of message structure to cover f.i. a future driving licence network and correlated activities.,1,0,0
598,tachonet,SUP-03  The system must be designed so that it can migrate to upgraded hardware or new versions of the operating systems involved.,1,0,1
599,tachonet,SUP-04 The system must be able to migrate to other type of network than the one proposed by TESTA-II.,1,0,0
600,tachonet,"SUP-05 The system must provide solutions/rules regarding data encoding problems such as supporting different character sets, name truncation rules, name matching in case of misspelling,...",1,0,0
601,tachonet,DES-01  The system must be designed and documented with the expectation that its operational lifetime will be many years.,1,0,1
602,tachonet,DES-02  Each Member of this network will organise its data about smart card holders with no constraints or recommendations on operating system and/or technology used. The system will be able to dialog with these environments or specify a generic interface to dialog with the Member’s applications.,1,1,1
603,tachonet,INT-01 The system must use the network facilities supplied by the TESTA-II network.,1,0,0
604,tachonet,INT-02  The algorithms in the software will be based on existing techniques and no research will be required to develop new algorithms under this contract.,1,0,0
605,tachonet,INT-03 Most of the functionality of the new software shall depend on pre-existing or commercially available software.,1,1,0
606,2005_pontis,"1.6 The user shall be able to select a structure by directly typing in the structure ID in GUI, with the display scrolling to that structure. Bridge-level security of the user shall be applied automatically.",1,0,0
607,2005_pontis,1.7 The system shall display the data in the appropriate unit of measurement as configured for the application. This will be a permanent modal setting for the application. This setting shall be configurable (as stipulated in Requirement 22.1).,1,1,0
608,2005_pontis,2.6 The user shall be able to enter a WHERE clause of the SQL query in the Find and the Filter window and run a query against the projects in the database. The query will be verified by the application and SQL errors will be reported to the user for correction. This capability shall be an application privilege. Bridge-level security of the user shall be applied automatically.,1,1,0
609,2005_pontis,"2.7 The user shall be able to select a project by directly typing in the project ID in the GUI, with the display scrolling to that structure. Bridge or project level security of the user shall be applied automatically.",1,0,0
610,2005_pontis,3.2 The user shall be able to create reports in a .NET compliant report generator other than InfoMaker and review these reports from within the Pontis GUI.,1,0,0
611,2005_pontis,4.1 The system shall provide the ability to create any report that is bridge or project based by selecting the relevant “driver” records from a map display.,1,1,0
612,2005_pontis,5.7 The user shall be able to renumber the bridge key identifier and have the change made globally. This functionality shall be restricted depending on the user privilege.,1,0,0
614,2005_pontis,6.17 The system shall provide an inspection scheduling tool.13(13 Range of functionality is still to be determined. This requirement depends on consensus on the scheduling capability.),1,1,0
615,2005_pontis,6.19 Privileged users shall be able to delete an existing inspection unless it is “locked down”.,1,1,1
616,2005_pontis,6.22 The system shall provide a configurable tracking mechanism to ensure that a set of screens and data fields have been reviewed and approved during the course of an inspection.,1,0,0
617,2005_pontis,"7.7 The system administrator shall be able to configure the recalculation behavior of the derived data. The options shall include 1) do nothing, 2) alert user that recalculation is required and give option to recalculate before update/save, and 3) recalculate silently with no confirmation prompt when user saves the inspection.",1,1,0
618,2005_pontis,"12.3 The system shall provide a Bridge Analysis Dashboard that will allow the user to choose work items for a structure and the timing of the work, view the impact of the work on the condition of the structure, assign the work candidates to a project, and perform life-cycle cost analysis for the structure.",1,0,0
619,2005_pontis,15.4 The system shall allow users to configure data validation rules. This shall be a privileged operation.,1,0,0
620,2005_pontis,21.6 The system shall be capable of initiating a session without a login prompt. This capability will provide support for an independent launch shell for Pontis and will be configured by the system administrator.21,1,1,0
621,2005_pontis,"22.1 The administrator shall be able to configure the system units of measure in either English or metric mode. This will be a permanent setting for the application and database. (Data exchange operations will still support conversion, and the NBI tape will continue to be created in metric format only subject to NBIS reporting standards change at the Federal level.)",1,1,0
622,2005_pontis,22.4 The administrator shall be able to edit the DATADICT table or its successor(s) through a GUI window.,1,0,1
623,2005_pontis,"21.7 The system shall be capable of integrating authentication and permissions with BRIDGEWare. Note that this requirement implies that corresponding development work will be performed for Virtis/Opis. Where feasible, costs should be minimized by utilizing existing functionality.",0,1,0
624,2005_pontis,21.8 The system shall be capable of operating with a single-sign-on authentication mechanism based on Active Directory Services or the LDAP standard.( It should be recognized that the Virtis/Opis application authentication/security control approach may need to be revised to accomplish this capability globally in the AASHTO BRIDGEWare software suite.),1,1,1
625,2005_pontis,"23.3 The system shall be capable of showing all screens, menus, user interface controls, prompts, error messages and information notices in native language, with some of these elements customizable.",1,1,0
626,2005_pontis,24.1 The system shall provide an interface to communicate with an external service or third-party software. A set of standard interfaces 25 will be defined for this capability.(25 Web service and SOAP (Simple Object Access Protocol) will likely be used for these interfaces.),1,1,0
627,2005_pontis,"5.1 The software, through its user interface, will clearly identify the product name (Pontis 5.0.x), the licensee, the connected user, and the organization that developed the system (AASHTO). Additional session identification information will be available on demand.27(27 Pontis 4.x Help About and SysInfo windows provide examples.) The overall look and feel of the product will be that of a professional and conservative application.",1,1,1
628,2005_pontis,"5.1 Pontis 5.0 will, at AASHTO’s direction, adopt any elements of the look and feel of other existing AASHTOWare/BRIDGEWare applications where appropriate. In particular, UI conventions from Virtis/Opis will be reviewed to ensure that the Pontis 5.0 does not differ markedly in appearance. AASHTO may designate such model applications and must provide the development team with access to fully-documented style sheets/UI layouts or demonstration software to support this requirement.",1,1,0
629,2005_pontis,5.1 There will be no support for individual personalization of the user interface (skins) other than the vailability of certain features that are tied to a user role (e.g. not all users will have the ability to edit bridge data and thus will not see an “Edit On” button on the corresponding screen).,1,1,0
630,2005_pontis,"5.2 The application should look and feel consistent in the web and standalone operating environments, therefore it will conform to standard .NET standalone and web application conventions with necessary accommodations for the deployment environment only where these prove necessary and appropriate. ",1,1,1
631,2005_pontis,"5.2 The system developer shall consider supporting existing custom forms and reports developed in PowerBuilder 9. It shall decide on a development tool for users so that they can continue to customize Pontis and extend its capability. For example, custom forms and reports created with PowerBuilder 9 may be migrated to a .NET application by using the Sybase DataWindow .NET technology which is available in PowerBuilder 10.",1,1,1
632,2005_pontis,"5.2 Integrating DataWindow .NET is likely a short-term strategy to ease migration of user forms and reports to Pontis 5.0. A stated objective for Pontis 5.0 is eliminating dependency on PowerBuilder. Ideally, the application should not require any particular vendor technology for report or form generation, such as InfoMaker/PowerBuilder, so a sunset plan must be developed to outline a strategy to meet this objective. However, the application shall continue to provide a plug-in capability to integrate third-party .NET data displays and reports in the user workspace.28",1,1,0
633,2005_pontis,"5.3 This section describes general performance requirements for Pontis 5.0, including its capacity (the volume of all types of data that can be stored in the repository) and its speed (the time it takes to execute certain types of operations). 
Some factors that determine the ultimate performance of Pontis are outside the control of this project, and rely instead on decisions and actions of each agency that implements Pontis: 
• The capacity and speed of the commercial RDBMS product used for the data repository; 
• The speed of the servers on which Pontis, the RDBMS, the analytical and other processing engines, and other information resources are installed; 
• The effective speed and congestion levels on the network that connects the servers and client machines running the application; and 
• A standalone database engine will continue to be necessary. Performance objectives for the standalone database should be comparable. 
Some of these factors may make it impossible to achieve the performance requirements for Pontis 5.0 outlined in this section. However, based on our assessment of the existing condition of most agency systems and infrastructure, we think this outcome is unlikely. 
There are selected licensees, typically smaller agencies, who may have much lower powered computer resources, and their performance must be acceptable as well, although not necessarily comparable to larger installations. ",1,1,0
634,2005_pontis,"5.3 Pontis 5.0 is not strictly a transactional application or mission-critical for most capabilities. In light of this, the application shall be available for use 18 hours per day, 353 days per year, reserving 6 hours per day and one day per month for routine agency network and infrastructure maintenance. During normal times of operation, Pontis shall achieve 98 percent up time.",1,1,0
635,2005_pontis,"5.3 Because Pontis 5.0 is not a mission-critical application, there will be no attempt to design or construct the system for uninterrupted operation. Agencies may choose to implement database transaction logging, mirroring, or switchover to backup servers in the event of a hardware or network failure, but support for these decisions or implementation are beyond the scope of Pontis 5.0 effort. Procedures and equipment for backups (database and software) and disaster recovery are also outside the scope of this effort.",1,1,0
636,2005_pontis,"The Pontis application server (ASP.NET) software will run on a server located within a (presumably) secure facility at each agency. Because it is an ASP.NET application, the end users can vary in location depending on the network accessibility of the server. The Pontis database, and any other databases to be accessed from Pontis may be co-located on the same server machine, but at a minimum must be accessible from the Pontis application server via standard database communication and connection protocols. ",1,1,1
637,2005_pontis,"5.4 The server machine will run Windows Server 2003 or, given technology evolution, a descendant target server environment identified in the implementation plan. The server machine must have all necessary software to run an ASP.NET application. This specifically includes, but may not be limited to, IIS 30, the .NET Framework and ASP.NET.(30 The TAG should strongly consider the need to support HTTP/www servers other than IIS. Apache and its variants are the most widely-used web servers on the net and a rich platform to exploit open source capabilities. However, many agencies rely on IIS, so this technology consideration must be resolved as part of the design. Other AASHTOWare products (Trans*port) already vary from the IIS standard.) Other web servers, appliances, and add-in technologies may also be necessary depending on the final application design.",1,1,0
638,2005_pontis,"Back-end server stored procedures and server-side functions will be supported and may be assumed to be usable in the technical design of Pontis 5.0. This will require implementation of the triggers in native DBMS procedural code. This implies that it is very likely that the server-side code will vary for each target DBMS, even if the interfaces remain identical, increasing the development and testing effort with the significant benefit of assigning processing to the appropriate application tier(s).",1,1,0
639,2005_pontis,"Pontis 5.0 will be designed to be used with Internet Explorer; it may work correctly with other browsers but this cannot be guaranteed. Given the predominance of IE in the browser market, it does not appear to be necessary to consider support for other browsers, although this may need to be reconsidered if external customers are running the application(s) and need to employ different browser technology such as Netscape or Mozilla FireFox.",1,1,1
640,2005_pontis,"Standalone capabilities will require a workstation running the latest .NET Framework, presumably Windows XP Professional (SP2) or its successor. Some capabilities may require a network connection. The workstation’s hardware requirements will be similar to those of the existing Pontis 4.4 application. There will continue to be a standalone/runtime database engine provided with the application for offline work. The offline database is assumed to be Sybase Adaptive Server Anywhere release 9 or above.",1,1,1
641,2005_pontis,5.6 No commitment regarding the portability of the code is made other than that implied by the use of standard Microsoft .NET tools and well-documented third- party application libraries or frameworks.,1,0,0
642,2005_pontis,"5.6 Pontis 5.0 in production is intended to be supported through complete and sufficient on-line help and documentation and equivalent printed documentation, with occasional additional assistance provided through the Pontis Support Center. Pontis 5.0 will also continue to provide field-level help where applicable. As with the existing Pontis 4.x product, it is assumed that support will be provided by telephone, via e-mail, and through an on-line issues tracking system.",1,1,1
643,2005_pontis,"It is assumed that authentication will utilize a single sign-on (SSO) approach and application security will be declaratively managed through database or directory entries, rather than hard-wired into the application. This mechanism may have implications for BRIDGEWare/AASHTOWare generally and will need to be coordinated with the other AASHTO products 31. (31 Single sign-on technology is an issue that SCOJD and TAA should address for all AASHTOWare products. It appears that Kerberos is the most common basis, and Microsoft uses Kerberos for its Active Directory Services. Kerberos is also well supported by database vendors.)",1,1,0
644,2005_pontis,"5.7 Database security will need to be insured for the Pontis data stored in the RDBMS; most likely this will be done by using a specific username/password combination and running as particular database roles for each database connection. This security structure should be similar to the existing security approach in Pontis 4.x. For web clients, care will be taken to insure that connection information is not accessible from application pages (e.g., userid/password embedded in HTML form variables).",1,1,0
645,2005_pontis,5.7 There are no specific privacy or immunity (antivirus) requirements for Pontis 5.0 identified at this time.,1,1,0
646,2005_pontis,"5.8 As there are no evident cultural or political application requirements for Pontis 5.0, this section of the Functional Requirements document does not apply for the most part. However, the product likely will be designed for agency/international localization from the ground up with respect to user interface elements, reports, messages, and other application attributes where native language support is necessary. This capability will be usable by all licensing agencies as desired, on an optional basis, to customize the appearance of the product to suit their internal standards. This capability will be analogous to the localization capability of Pontis 4.4 but more comprehensive in scope.",1,1,0
647,2001_hats,"[SRSreq 01] Any operation requiring the user to supply a file name shall allow the user either to select the files from a list derived from files in the currently open application or to key in a file name, a relative path name, or a complete path name.",1,0,0
648,2001_hats,"[SRSreq 02] For any operation where the user is prompted to select from a list, the user shall be able to cancel the operation.",1,0,0
649,2001_hats,"[SRSreq 03]When collecting generated output files from HATS-SML, the HATS-GUI shall overwrite any file whose name is generated automatically. For example, given a transformation language program X.tlp, the file X.tlp.parsed is generated when the parser is executed. If X.tlp.parsed existed prior to executing the parser, it shall be overwritten without prompting the user.",1,0,1
650,2001_hats,"[SRSreq 04] When saving or copying files, the HATS-GUI shall use the following sequence of actions: • The HATS-GUI shall prompt the user for a file name for the file to be saved. • The HATS-GUI shall examine the contents of the application directory. • If a file with the given name already exists, the HATS-GUI shall prompt the user to overwrite the existing file. If the user agrees to overwrite the file, the HATS-GUI shall: o attempt to write the new file using a temporary name, o delete the previously existing file, o then rename the new file. • If the user does not agree to overwrite the existing file or if system errors occur while writing or renaming the new file or deleting the previous file, the new file shall not be written and the previous file shall be left unchanged. • In the case of an error, the HATS-GUI shall notify the user of the error. For example, the user shall be able to save an SDT generated during transformation program execution. If the user specifies the name of an existing file, the existing file is only overwritten after the user confirms that it is permissible to do so.",1,1,0
651,2001_hats,[SRSreq 05] Output pretty-printed text files and SDTs shall only be displayed when the user requests.,1,1,0
652,2001_hats,[SRSreq 06] The main interface shall be menu driven. A summary of the menus available is given below in Table 5. Items in the first row of Table 5 are top-level menu items. Items in following rows are second-level menu items.,1,1,0
653,2001_hats,[SRSreq 07] The File menu shall contain menu items related to manipulating individual files and for closing the HATS-GUI application.,1,0,0
654,2001_hats,[SRSreq 08] The Application menu shall contain items related to manipulating entire applications.,1,0,0
655,2001_hats,[SRSreq 09] The Configure menu shall contain items related to modifying the configuration of the application.,1,0,0
656,2001_hats,[SRSreq 10] The Run menu shall contain items related to executing the HATS-SML programs.,1,0,0
657,2001_hats,[SRSreq 11] The View menu shall contain items related to viewing HATS-SML output.,1,0,0
658,2001_hats,[SRSreq 12] The File/Select menu item shall provide an interface for selecting files within the currently open application.,1,0,0
659,2001_hats,[SRSreq 13] The File/Edit menu item shall provide an interface for starting an editor as an external process. The editor shall be started according to information in the application configuration.,1,0,0
660,2001_hats,[SRSreq 14] The File/Save-as menu item shall provide an interface for saving a previously selected file under a different name.,1,0,0
661,2001_hats,[SRSreq 15] The File/Delete menu item shall provide an interface for deleting a selected file. The HATS-GUI shall prompt the user to confirm deletion prior to completing this action.,1,1,0
662,2001_hats,[SRSreq 16] The File/Exit menu item shall provide an interface for exiting the HATS-GUI.,1,0,0
663,2001_hats,[SRSreq 17] The Application/Select menu item shall provide an interface for selecting and opening an application.,1,0,0
664,2001_hats,[SRSreq 18] The Application/Close menu item shall provide an interface for closing an application.,1,0,0
665,2001_hats,[SRSreq 19] The Application/Save menu item shall provide an interface for saving application configuration information.,1,0,0
666,2001_hats,[SRSreq 20] The Application/Save-as menu item shall provide an interface for saving an application and its associated files under a different name.,1,0,1
667,2001_hats,[SRSreq 21] The Application/Delete menu item shall provide an interface for deleting an application and all the files in the application directory. The HATS-GUI shall prompt the user to confirm deletion prior to completing this action.,1,1,0
668,2001_hats,[SRSreq 22] The Configure/Editors menu item shall provide an interface for the user to enter editor configuration information. This information shall be used when editors are started as processes.,1,0,0
669,2001_hats,[SRSreq 23] The Configure/Node Display menu item shall provide an interface for configuring the display of nodes.,1,0,0
670,2001_hats,[SRSreq 24] The HATS-GUI shall allow the user to specify the number of levels of nodes to expand during SDT viewing.,1,0,0
671,2001_hats,"[SRSreq 25] The HATS-GUI shall allow the user to select the colors for types of displayed nodes in a displayed graph. At a minimum, the system shall provide eight colors (red, yellow, white, black, green, blue, orange, and violet) for displayed nodes.",1,1,0
672,2001_hats,"[SRSreq 26] The HATS-GUI shall allow the user to select the shapes for types of displayed nodes in a displayed graph. At a minimum, the system shall provide two shapes, rectangles and ellipses, for displayed nodes.",1,1,0
673,2001_hats,[SRSreq 27] The Configure/File Associations menu item shall provide an interface for associating files in an application. File associations are shown in Table 6.,1,0,0
674,2001_hats,[SRSreq 28] The Configure/HATS-SML menu item shall provide an interface for the user to enter implementation-dependent information for starting HATS-SML processes.,1,0,0
675,2001_hats,[SRSreq 29] The Run/Generate Parser menu item shall provide an interface for generating a parser program.,1,0,0
676,2001_hats,[SRSreq 30] The Run/Parse Target menu item shall provide an interface for selecting and parsing target programs.,1,0,0
677,2001_hats,[SRSreq 31] The Run/Parse Program menu item shall provide an interface for selecting and parsing transformation language programs.,1,0,0
678,2001_hats,[SRSreq 32] The Run/Execute Transforms menu item shall provide an interface for selecting and executing transformation language programs.,1,0,0
679,2001_hats,[SRSreq 33] The Run/Pretty-print menu item shall provide an interface for selecting SDTs and pretty-print style files and formatting the SDT according to the style.,1,1,0
680,2001_hats,"[SRSreq 34] The View/SDT menu item shall provide an interface for viewing, navigating through, and searching SDTs output from the execution of transformation programs.",1,0,0
681,2001_hats,[SRSreq 35] The View/Text menu item shall provide an interface for viewing and searching pretty-printed text.,1,1,0
682,2001_hats,[SRSreq 36] The View/Standard Error menu item shall provide an interface for viewing error strings collected from HATS-SML.,1,0,0
683,2001_hats,[SRSreq 37] The View/Standard Output menu item shall provide an interface for viewing debugging information collected from HATS-SML.,1,0,0
684,2001_hats,[SRSreq 38] The View/Select Text menu item shall provide an interface for selecting pretty-printed text or text strings associated with SDT displays.,1,1,0
685,2001_hats,[SRSreq 39] The View/Copy Text menu item shall provide an interface for copying selected text into an operating system buffer.,1,0,0
686,2001_hats,"[SRSreq 40]The HATS-GUI shall interface with HATS-SML (version 2.0) in order to parse transformation language programs, execute transformation language programs, and create output SDTs, error messages, pretty-printed text, and parsed transformation language programs. The interface shall consist of starting HATS-SML programs and passing command line arguments and capturing data written to the standard output and standard error streams of the HATS-SML processes. The HATS-SML programs and their command line arguments are described in Appendix D.",1,1,0
687,2001_hats,"[SRSreq 41] The GUI shall allow the user to create, modify, copy, or delete applications or files regardless of the current status of HATS-SML.",1,1,0
688,2001_hats,"[SRSreq 42] If the HATS-GUI attempts to start a HATS-SML program and fails, the HATS-GUI shall notify the user by displaying the following message: “Unable to start HATS-SML.” The HATS-GUI shall provide any other details related to the failure that are available from the Host OS. Examples of information available from an operating system include indications that a specified file does ot exist, that a file cannot be opened due to file protection violations, or that errors occurred during I/O operations. 3.1.3.2. Host OS",1,1,0
689,2001_hats,"[SRSreq 43] The HATS-GUI shall be able to communicate with Sun Solaris, Linux, and Windows 2000. [SRSreq 44] Data sets shall be saved as files using file names with the appropriate extensions. See Table 3 for description of the files and extensions.",1,1,0
690,2001_hats,[SRSreq 45] The user shall be able to initiate processes from an interface provided by the HATS-GUI. The HATS-GUI shall optionally pass command line arguments to the process. Command sequences for initiating processes are part of the application configuration.,1,1,0
691,2001_hats,"[SRSreq 46] After initiating processes for editing files, the HATS-GUI is not responsible for communications with the process other than passing command line arguments.",1,0,0
692,2001_hats,"The HATS-GUI shall interact with the HOST OS file services to perform the following tasks:
• Create new files
• Delete existing files
• Open an existing file for read and/or write
• Read from an open file
• Write to an open file
• Close an open file
",1,0,0
693,2001_hats,[SRSreq 48] The HATS-GUI shall interact with the HOST OS to find files in directories. (This capability is necessary for the HATS-GUI to display file lists.),0,1,0
694,2001_hats,[SRSreq 49] The HATS-GUI shall interact with the HOST OS to compare time stamps for files. Time stamps indicate the date and time of the most recent update to a file. These time stamps must be reported with a precision of one second or less.,1,1,0
695,2001_hats,"[SRSreq 50] The HATS-GUI shall allow a user to create an application minimally consisting of a lexical specification file, a grammar file, a user-defined functions file, and application configuration information. The user shall be able to name this application.",0,1,0
698,2001_hats,[SRSreq 53] There shall be exactly one file describing the lexical specification of inputs associated with an application. It shall have the file extension .spec.,1,1,0
699,2001_hats,[SRSreq 54] There shall be exactly one file describing the grammar of inputs associated with an application. It shall have the file extension .grm.,1,1,1
700,2001_hats,[SRSreq 55] There shall be exactly one file describing the interpretation of function symbols associated with an application. This file shall be written in ML and have the file extension .lib.,1,1,0
701,2001_hats,"[SRSreq 57] The HATS-GUI shall suggest a file name for the user whenever it prompts the user to enter a file name. The HATS-GUI shall suggest the same file name for files copied to a different directory. The HATS-GUI shall suggest a file name with a sequentially numbered extension for files copied to the same directory. For example, if NatLang.txt exists, a suggested file name would be NatLang.txt.2.",1,1,0
702,2001_hats,[SRSreq 58] An application shall have associated with it an application configuration. The application configuration elements are given in Table 6.,1,0,1
703,2001_hats,"[SRSreq 59] The HATS-GUI shall display output written to the standard output and standard error streams in a tab-selectable window. Text in this window shall be cleared prior to executing individual HATS-SML programs, unless the programs are contained in a program script. In the case of a script, the window contents shall be cleared prior to executing the script. Refer to section 3.2.3.2 for a discussion of the execution of script files.",1,1,0
704,2001_hats,[SRSreq 62] The system shall open a new window when the user selects to display output.,1,0,0
705,2001_hats,[SRSreq 63] Display windows opened by the system shall have buttons for closing the windows.,1,0,0
706,2001_hats,[SRSreq 64] A navigation window shall be available. Navigation windows are discussed in section 3.2.3.3.4.,0,1,0
707,2001_hats,"[SRSreq 65] Each active display window shall have a mouse cursor, which indicates the location of the pointing device in the window.",1,0,0
708,2001_hats,[SRSreq 66] Each display window shall have a keyboard cursor to track the current location in the display.,1,0,0
710,2001_hats,[SRSreq 68] The keyboard cursor shall be set to the location of the mouse cursor when the pointing device is clicked.,1,0,0
711,2001_hats,"[SRSreq 69] When a user selects the File/Select menu item, the HATS-GUI shall provide the user with a list of files in the currently open application and allow the user to select a file. This file becomes the currently selected file. If no application is currently open, the HATS-GUI will prompt the user to select and open an application, then prompt the user to select a file.",1,1,0
712,2001_hats,"[SRSreq 70] When a user selects the File/Save As menu item, the HATS-GUI shall prompt the user to enter a new name. A new file shall be created in the currently open application with the newly entered file name. The contents of the selected file shall be written into the new file, and the new file shall become the currently selected file.",1,1,0
713,2001_hats,"[SRSreq 71] When a user selects the File/Delete menu item, the HATS-GUI shall prompt the user to confirm the deletion operation. If the user confirms, the currently selected file shall be deleted. No file shall be currently selected at the end of this operation.",1,1,0
714,2001_hats,"[SRSreq 72] When a user selects the File/Edit menu item, the HATS-GUI shall request that the operating system start a process and load that process with the editor specified by the application configuration. The name of a selected file shall be passed to the editor as a command line argument. The editor started by the HATS-GUI shall be the editor associated with the file in the application configuration, or if there is no editor associated with the file, then the editor associated with the file type of the file in the application configuration. If no editor is associated with either the file or the file type, then the default editor shall be used. If no default editor has been selected, then the HATS-GUI shall present a list of the configured editors and allow the user to select an editor. If no editors have been configured, then the HATS-GUI shall inform the user that an editor must be configured before starting an editor.",1,1,0
715,2001_hats,"[SRSreq 73] When a user selects the File/Exit menu option, the HATS-GUI shall request the host operating system to kill all currently active HATS-SML processes started by the HATS-GUI and halt the HATS-GUI process. If changes have been made to the configuration but have not been saved, the user shall be prompted to save the configuration. If the user agrees, the configuration shall be saved. If the user does not agree, the configuration shall not be saved.",1,1,0
716,2001_hats,"[SRSreq 74] When a user selects the Application/Select menu item, the HATS-GUI shall display a list of directory names in the current working directory, allow a user to navigate the directory structure, and allow a user to select a previously created application. This application becomes the currently selected application.",1,0,0
717,2001_hats,"[SRSreq 75] When a user selects the Application/Close menu item, the HATS-GUI shall close the currently selected application. No application is currently selected at the end of this operation. If changes have been made to the configuration but have not been saved, the user shall be prompted to save the configuration. If the user agrees, the configuration shall be saved. If the user does not agree, the configuration shall not be saved.",1,1,0
718,2001_hats,"[SRSreq 76] When a user selects the Application/Save menu item, the HATS-GUI shall save all application configuration information to nonvolatile storage.",1,0,0
719,2001_hats,"[SRSreq 77] When a user selects the Application/Save As menu item, the HATS-GUI shall prompt the user for a new application name. The HATS-GUI shall create a new directory at the same level as the currently selected application. All files in the application directory, including all subdirectories, shall be copied to the new directory, and the new directory shall become the currently selected application.",1,1,0
720,2001_hats,"[SRSreq 78] When a user selects the Application/Delete menu item, the HATS-GUI shall prompt the user to confirm the deletion operation. If the user confirms, all files in the application directory shall be deleted and the application directory itself shall be deleted. No application is currently selected at the end of this operation.",1,1,1
721,2001_hats,"[SRSreq 79] When deleting an application directory, if the application directory contains a subdirectory, the system shall confirm the deletion of the subdirectory with the user before continuing. If the user does not confirm the deletion of the subdirectory, the application director shall not be deleted.",1,0,0
722,2001_hats,"[SRSreq 80] When a user selects the Configure menu options, the HATS-GUI shall provide a list of elements in the application configuration, allow the user to select an element, then prompt the user for a value for the configuration element. The application configuration elements are given in Section 3.2.1.1. This information becomes part of the application configuration. ",1,1,0
723,2001_hats,"[SRSreq 81] When a user selects the Run/Generate Parser menu option, the HATS-GUI shall generate the parser using the MakeParser HATS-SML program as described in Appendix D.",1,0,0
724,2001_hats,"[SRSreq 82] When a user selects the Run/Parse Target menu option, the HATS-GUI shall parse the selected target program by using the ParseTarget HATS-SML programs as described in Appendix D. If no target program is selected, the HATS-GUI shall first prompt the user to select a target program.",1,1,0
725,2001_hats,"[SRSreq 83] When a user selects the Run/Parse Program menu option, the HATS-GUI shall parse the selected transformation language program by using the ParseTlp HATS-SML programs as described in Appendix D. If no target program is selected, the HATS-GUI shall first prompt the user to select a transformation language program.",1,1,0
726,2001_hats,"[SRSreq 84] When a user selects the Run/Execute Transforms menu option, the HATS-GUI shall execute the ApplyTransformations HATS-SML programs as described in Appendix D. This process is further described in Section 3.2.3.",1,0,0
727,2001_hats,"[SRSreq 85] When a user selects the Run/Pretty-print menu option, the HATS-GUI shall execute the Pretty- print HATS-SML programs as described in Appendix D. This process is further described in Section 3.2.3. ",1,1,0
728,2001_hats,"[SRSreq 86] When a user selects the View/SDT menu option, the HATS-GUI shall prompt the user to select an SDT file in the current application. The file list shall include SDTs in the application. The viewing of outputs is detailed in Section 3.2.3.",1,1,0
729,2001_hats,"[SRSreq 87] When a user selects the View/Text menu option, the HATS-GUI shall prompt a user to select a pretty-printed text file in the current application. The viewing of text outputs is detailed in Section 3.2.3.",1,1,0
730,2001_hats,"[SRSreq 88] When a user selects the View/Standard Error menu option, the HATS-GUI shall display the standard error screen showing all outputs written to the standard error stream since the most recent clearing of this data. The viewing of errors is detailed in Section 3.2.3.",1,1,0
731,2001_hats,"[SRSreq 89] When a user selects the View/Standard Output menu option, the HATS-GUI shall display the standard error screen showing all outputs written to the standard output stream since the most recent clearing of this data. The viewing of output is detailed in Section 3.2.3.",1,1,0
732,2001_hats,"[SRSreq 90] When viewing an SDT, a single left mouse click on an expandable displayed node shall expand the node by displaying the node’s children or collapse the node by hiding the node’s children.",1,0,0
734,2001_hats,[SRSreq 93] The HATS-GUI shall collect process exit codes from HATS-SML processes. Process exit codes of 0 indicate nominal completion of the process. Process exit codes other than 0 indicate failure.,1,0,0
735,2001_hats,[SRSreq 94] The GUI shall allow the user to import a file into the selected application. Importing a file consists of copying the file into the application directory.,1,0,0
736,2001_hats,[SRSreq 95] The HATS-GUI shall use the protocol and program signatures listed in Appendix D when executing HATS-SML programs.,1,0,0
737,2001_hats,"[SRSreq 96] To perform a transformation in an application, the HATS-GUI shall execute the following sequence of actions: • The HATS-GUI shall confirm that the transformation language program exists. (It is an error if the program does not exist.) • The HATS-GUI shall check that the parser file is younger than the grammar and lexical specification files and that the parser file was generated from the grammar and lexical specification files. If this is not the case, the HATS-GUI shall generate a new parser file. • The HATS-GUI shall check that a parsed version of the transformation language program exists and is younger than the parser file and the transformation language program file. If it is not, the HATS-GUI shall generate a new parsed version of the transformation language program. • The HATS-GUI shall start the FindTarget program using the transformation language program as input. • The HATS-GUI shall take the list of target program files generated by FindTarget, and for each file in the list it shall check that a parsed version of the target program exists and is younger than the target parser file and the target program file. If it is not, the HATS-GUI shall generate a new parsed version of the target program. • The HATS-GUI shall start the ApplyTransformation program in HATS-SML and pass the parsed transformation language program file name, the user defined library file name, and the output file name to the ApplyTransformation program. The HATS-GUI shall redirect the standard output and standard error streams and capture any text written to those streams.",1,1,1
738,2001_hats,"[SRSreq 98] The HATS-GUI shall allow the user to continue working while transformations are taking place. Thus a user shall be able to edit files, view output, and transmit other problems to HATS-SML while waiting for HATS-SML to generate output.",1,0,0
739,2001_hats,[SRSreq 99] The HATS-GUI shall allow the user to execute a script file. A script file shall contain a linear sequence of HATS-SML programs. The HATS-GUI shall begin with the first command and execute the commands sequentially until either an error occurs or all commands in the script file have been executed.,1,0,0
741,2001_hats,[SRSreq 101] The HATS-GUI shall allow a user to select output files in the application to display.,1,0,0
742,2001_hats,[SRSreq 102] The HATS-GUI shall allow a user to display selected output files. The manner in which the output is displayed shall depend on the type of the output.,1,0,0
743,2001_hats,[SRSreq 104] The user shall be able to select an arbitrary set of displayed nodes in a displayed graph. Selected displayed nodes shall be indicated visually. The following methods shall be used to select displayed nodes. • A single node shall be selected by right-clicking the mouse cursor on the node. • A single node shall be selected by moving the keyboard cursor to the node (using the tab key) and pressing the enter key. • Clicking and dragging the pointing device selection rectangle around a set of displayed nodes shall select a set of adjacent nodes. • A set of nodes shall be selected by holding the shift key while selecting nodes using the methods specified previously in this section.,1,1,0
744,2001_hats,[SRSreq 105] The user shall be able to deselect all selected displayed nodes by • clicking either the right or left mouse buttons while the mouse cursor is not pointed at any displayed nodes and the shift key is not depressed; or • by pressing the escape key.,1,0,0
746,2001_hats,"[SRSreq 107] When the system displays a navigation window, the user shall be able to select a current SDT location by clicking the mouse cursor in the navigation window. The center of the displayed graph will be the displayed node closest to the mouse cursor when the mouse is clicked.",1,0,0
747,2001_hats,"[SRSreq 108] When both an SDT and a pretty-printed text display corresponding to a single transformed target file are open, highlighting and cursor location motion shall be mirrored in the two windows. Thus, when a displayed node is selected in the SDT display, the corresponding text in the prettyprint window is highlighted. When the user scrolls to the end of the pretty-printed text display, the display of the SDT should also scroll to the corresponding displayed nodes.",1,1,0
748,2001_hats,"[SRSreq 109] The user shall be able to resize windows dynamically. When displayed graph windows are resized, the HATS-GUI shall respond by utilizing the space available.",1,1,0
749,2001_hats,[SRSreq 110] The display of an SDT shall also result in the display of text from leaf nodes in a text display area.,1,1,0
750,2001_hats,"[SRSreq 111] The text displayed in the text display area shall correspond to the concatenation of the node labels (separated by spaces) of the leaf nodes of the displayed graph (in-order traversal, left to right). If a leaf displayed node corresponds to a non-terminal SDT node, the label in the text window shall be surrounded by pointed brackets (<>). For example, if a non-terminal TERM appears in a leaf node, its text representation shall be <TERM>. Appendix G gives an example of the display of text associated with an SDT.",1,0,1
751,2001_hats,[SRSreq 112] The HATS-GUI shall provide for the copying of text from the text display area to a system buffer available for pasting into other applications (such as an editor).,1,1,0
752,2001_hats,[SRSreq 113] The user shall be able to display more than one SDT at a time. Each SDT shall be displayed in a separate window.,1,1,0
754,2001_hats,[SRSreq 115] SDTs shall be displayed as directed acyclic graphs with nodes and edges. Nodes in the displayed graph correspond to nodes in the SDT. Edges in the displayed graph correspond to the parentchild relationship between nodes in the SDT.,1,0,0
755,2001_hats,"[SRSreq 116] Initially, a displayed graph will have a single displayed node. That node will correspond to the root of the SDT.",1,0,0
756,2001_hats,"[SRSreq 117] When a displayed node and its children are displayed simultaneously, the parent node shall be displayed higher than the children.",1,0,1
758,2001_hats,[SRSreq 119] The user shall be able to control the display by choosing the color and shapes of displayed nodes based on node type. The HATS-GUI shall use the shape and color of displayed node types stored in the application configuration to display nodes.,1,0,0
759,2001_hats,[SRSreq 120] The user shall be able to expand displayed nodes (provided it is possible to expand the selected nodes). The HATS-GUI shall change the graph display by adding the descendant nodes to the displayed graph (thus changing the expandable nodes to internal nodes).,1,1,1
760,2001_hats,[SRSreq 121] The user shall be able to collapse displayed nodes. The HATS-GUI shall change the displayed graph by removing all descendants of the selected displayed nodes (thus changing the internal nodes to non-expandable leaf nodes).,1,0,0
761,2001_hats,"[SRSreq 122] The user shall be able to hide a set of selected displayed nodes. The HATS-GUI shall change the display by removing the selected nodes from the display and changing the parent and descendant nodes of the removed nodes to nodes with hidden descendants and parents, respectively.",1,0,0
762,2001_hats,[SRSreq 123] The user shall be able to issue an unhide instruction that reverses the hide instruction for all displayed nodes.,1,0,0
763,2001_hats,"[SRSreq 124] After issuing the unhide instruction, a user shall be able to issue a rehide instruction that reverses the unhide instruction. All displayed nodes hidden before the most recent unhide instruction shall become hidden.",1,1,0
764,2001_hats,[SRSreq 125] The HATS-GUI shall allow the user to expand the SDT by a predetermined number of node levels. The number of levels expanded is set in the application configuration.,1,0,0
765,2001_hats,[SRSreq 126] The HATS-GUI shall provide the function to fully expand a sub-tree regardless of the node expansion level in the application configuration.,1,1,0
767,2001_hats,"[SRSreq 128] SDT displays shall also provide the user with a view of text associated with the leaves of the displayed sub-tree. This text shall be copy-and-pasteable in the host operating system. Thus, text displayed in a HATS-GUI window can be pasted into other applications such as text editors that may be running concurrently with the HATS-GUI.",1,1,0
768,2001_hats,"[SRSreq 129] SDT displays shall provide the user with the option to refresh the display. When a display is refreshed, the current display is erased, the SDT file is read, and a new SDT display is generated. The new SDT display shall approximate the previous SDT display by expanding the SDT to the same number of nodes, if this is possible.",1,1,0
769,2001_hats,"[SRSreq 130] If a displayed graph or a text display is too large to fit inside its window, the windows shall have scroll bars attached to them. Dragging scrollbar buttons shall scroll the display. Pressing the arrow keys of the keyboard shall also scroll the display.",1,1,1
770,2001_hats,"For text windows, the keyboard cursor location shall move according the following rules:
• A left arrow key moves the cursor to the left one character. If the cursor is at the beginning of a line, the cursor is moved to the end of the previous line. If there is no previous line, the cursor does not move.
• A right arrow key moves the cursor to the right one character. If the cursor is at the end of a line, the cursor is moved to the first character of the next line. If there is no line after the current line, the cursor is not moved.
• An up arrow key moves the cursor up one line. If there is text in the same column, the column does not change. If there is no text in the column above the current cursor location, the cursor is moved to the end of the previous line. (A space is considered text.)
• A down arrow key moves the cursor down one line. If there is text in the same column, the column does not change. If there is no text in the column below the current cursor location, the cursor is moved to the end of the previous line. (A space is considered text.)",1,1,0
771,2001_hats,"[SRSreq 132] If keyboard cursor movement causes the keyboard cursor to move to text or graph nodes not currently displayed, the display will scroll the minimal amount to display the current cursor location.",1,0,0
772,2001_hats,"[SRSreq 133] For displayed graph windows, the keyboard cursor location shall move according the following rules: • A left arrow key moves the cursor to the next unhidden node to the left. The node to the left does not need to be a sibling of the current node, but it does need to be at the same level as the current node. If there are no nodes to the left, the cursor does not move. • A right arrow key moves the cursor to the next unhidden node to the right. The node to the right does not need to be a sibling of the current node, but it does need to be at the same level as the current node. If there are no nodes to the right, the cursor does not move. • An up arrow key moves the cursor to the closest ancestor that is not hidden. If there is no such node, the cursor does not move. • An down arrow key moves the cursor to the leftmost, nearest descendant that is not hidden. If there is no such node, the cursor does not move.",1,1,1
773,2001_hats,[SRSreq 134] The pointing-device cursor shall track the motion of the pointing device. The keyboard cursor shall move to the text element or graph node closest to the pointing-device cursor when the pointing device is clicked.,1,0,0
774,2001_hats,"[SRSreq 135] If the displayed graph of the entire SDT is too large for the window, a separate, small window with a compressed view of the SDT shall be displayed. The compressed view is called the navigation window display. In this navigation window, a representation of the entire SDT will be drawn. A small box will be displayed showing the part of the SDT currently displayed in the main tree display window.",1,1,0
775,2001_hats,[SRSreq 136] The user shall be able to turn the navigation window on and off.,1,0,0
776,2001_hats,"[SRSreq 137] The HATS-GUI shall provide the user the capability to search SDTs. The search criteria are described in Appendix E. The user shall enter a search pattern (see Appendix E and the following requirement). The HATS-GUI shall search the SDT for a matching pattern. When a match is found, the HATS-GUI shall highlight the matching displayed nodes and center the display on the left-most, top-level displayed node in the matching pattern. The keyboard cursor is set to this node. If no matches are found, the HATS-GUI shall display a message stating “No Match Found.”",1,1,0
777,2001_hats,"[SRSreq 138] To initiate an SDT search, the user shall be able to use the following sequence of actions.
• The user selects a set of nodes using the mouse cursor.
• The user presses the Ctrl-Insert key combination.
• The user selects the tree search option.
• The HATS-GUI presents a prompt for entering the search pattern.
• The user presses the Ctrl-Shift-Insert key combination.
• The HATS-GUI fills the search pattern entry box with text concatenated from the nodes highlighted at the time of the Ctrl-Insert key press.
• The user selects initiation of search. ",1,1,0
778,2001_hats,"[SRSreq 139] When searching for SDT patterns, search begins at the SDT node corresponding to the node at the current keyboard cursor location. This becomes the original starting location. Search continues top-to-bottom, left-to-right until the end of the SDT is encountered. When the end of the SDT is encountered, search will continue from the root of the SDT until arriving back at the starting location.",1,0,0
779,2001_hats,[SRSreq 140] The HATS-GUI shall provide for repeating a search. Repeating a search shall find the next matching sub-tree starting from the current keyboard cursor location. Search terminates when either a matching sub-tree is found or the search arrives at the original starting location.,1,0,0
780,2001_hats,"[SRSreq 141] The HATS-GUI shall provide for repeating a search in the reverse direction. Searching in the reverse direction continues right-to-left, bottom-to-top. Search terminates when either a matching sub-tree is found or the search arrives at the original starting location.",1,0,0
781,2001_hats,"[SRSreq 142] The HATS-GUI shall provide the user the capability to search the text display for text sub-strings. The search criteria are described in Appendix F. The user shall be prompted to enter a text string describing a string pattern. The HATS-GUI shall search the text for a matching pattern. When a match is found, the HATS-GUI shall highlight the matching text and center the display on the left-most element of the matching text. If no matches are found, the HATS-GUI shall display a message stating “No Match Found.”",1,1,0
782,2001_hats,"[SRSreq 143] When searching for text patterns, search begins at the current keyboard cursor location and continues left-to-right, top-to-bottom until the end of the text is encountered. When the end of the text is encountered, search will continue from the start of the text until arriving back at the starting location. ",1,0,0
783,2001_hats,"[SRSreq 144] The formatting of the displayed pretty-printed text shall be faithful to the formatting represented in the pretty-printed text file. No additional white space shall be inserted, and a fixed width font shall be used to display the text.",1,1,0
784,2001_hats,[SRSreq 145] The user shall be able to select pretty-printed text files to display.,1,1,0
785,2001_hats,[SRSreq 146] Selected pretty-printed text shall be displayed in a separate window.,0,1,0
786,2001_hats,"[SRSreq 147] Windows for pretty-printed text shall allow for scrolling left, right, up, and down if the text is too large to display in the window.",1,1,0
787,2001_hats,"[SRSreq 148] The HATS-GUI shall provide the user the capability to search the text display for text sub-strings. The search criteria are described in Appendix F. The user shall be prompted to enter a text string describing a string pattern. The HATS-GUI shall search the text for a matching pattern. When a match is found, the HATS-GUI shall highlight the matching text and center the display on the left-most element of the matching text. The keyboard cursor shall be set to this location. If no matches are found, the HATS-GUI shall display a message stating “No Match Found.”",1,1,0
788,2001_hats,"[SRSreq 149] 1 When the end of the text is encountered, search will continue from the start of the text until arriving back at the starting location.",1,0,0
789,2001_hats,[SRSreq 150] The HATS-GUI shall not halt as a result of any error messages received from HATS-SML.,1,0,0
790,2001_hats,"[SRSreq 151] The HATS-GUI shall collect error messages from HATS-SML in a single display area. This display area shall be initially clear, and shall contain all error messages generated by HATS-SML since the HATS-GUI was started. The display area shall be a window accessible via a window tab. The display shall list all error received from HATS-SML in the order received.",1,1,0
792,2001_hats,[SRSreq 153] The user shall be able to clear the error window without restarting the HATS-GUI.,0,1,0
793,2001_hats,"[SRSreq 154] When both an SDT and a pretty-printed text display corresponding to a single transformed target file are open, navigation in the SDT window shall result in navigation in the pretty-printed text window. Searching, selecting, and cursor location motion should be mirrored in the two windows. Specifically, when a node is selected in the displayed graph, the corresponding text in the pretty-print window is highlighted. For this purpose, the corresponding text is all the text that corresponds to terminal nodes of the SDT that are descendants of the SDT nodes that correspond to the selected display nodes.",1,1,0
794,2001_hats,"[SRSreq 155] When both an SDT and a pretty-printed text display corresponding to a single transformed target file are open, navigation in the pretty-printed text window shall result in navigation in the SDT display. Selecting, and cursor location motion should be mirrored in the two windows. Specifically, when text is selected in the text window, the displayed nodes corresponding nodes in the SDT are highlighted.",1,1,0
795,2001_hats,"[SRSreq 156] The HATS-GUI shall display and SDT with 10,000 nodes in five seconds or less.",1,0,0
796,2001_hats,"[SRSreq 157] The HATS-GUI shall display 1,000,000 node SDTs in the same amount of time, plus or minus two seconds, as it takes to display a 10,000 node SDT.",1,0,1
797,2001_hats,[SRSreq 158] The HATS-GUI shall allow a user to request transformations while HATS-SML is performing transformations or parsing.,1,0,0
798,2001_hats,"[SRSreq 159] The HATS-GUI shall allow a user to navigate through the display of an SDT with 10,000 nodes so that scrolling a screen width with any portion of the SDT displayed takes less than 3 seconds.",1,0,0
801,2001_hats,[SRSreq 162] The complexity of the scrolling algorithms for text and displayed graphs shall not exceed O(n2) for n displayed nodes.,1,0,0
802,2001_hats,[SRSreq 163] The user shall not be required to log in or authenticate his/her identity when using the system.,1,0,0
803,2001_hats,"[SRSreq 164] The GUI shall run on Windows 2000, Sun Solaris 8, and Linux operating systems without modification of the Java code.",1,0,0
805,2001_hats,[SRSreq 166] One algorithm for displaying an SDT has been implemented and found to be unacceptable: • Draw SDT into large virtual window with a smaller viewing area; • Zoom in on portions of the tree; This algorithm results in excessive memory usage and slow performance. This algorithm shall not be used in the HATS-GUI.,1,1,0
806,MDOT,"DD-100 The DUAP System shall cache data only if the data record associates the data with its source, a geo-referenced location, and a timestamp.",1,1,1
807,MDOT,PS-020-060 The system map display shall support each type of traffic item to be displayed in its own layer.,1,0,1
808,MDOT,"PS-200-020 The DUAP Presentation Services shall require users to confirm their identity. (comment: Could be implemented, for example, through a password associated with that username.)",1,0,1
809,1999_tcs,"The TCS system will be capable of controlling the Predator and Outrider AVs with a single control system,
using existing military services standard hardware and software, and supporting interfaces with various
C4I systems.",1,1,0
810,1999_tcs,"The TCS shall consist of the TCS workstation Hardware Configuration Items (HWCIs), TCS Computer Software Configuration Items (CSCIs), and additional TCS Support HWCIs and CSCIs.",1,0,0
811,1999_tcs,All TCS HWCI’s and CSCI’s shall be Year 2000 compliant. [SSS567].,1,0,0
812,1999_tcs,The TCS shall meet the applicable capability and characteristic criteria established by the Operational Requirements Document (ORD) CAF 003-90-I-A for the RQ-1A Predator Medium Altitude Endurance Unmanned Aerial Vehicle/System (MAE UAV) and the Close Range – Tactical Unmanned Aerial Vehicle (CR-TUAV). [SSS008] Appendix B and C identify applicable capability and characteristic criteria to TCS.,1,1,0
813,1999_tcs,"The TCS shall support 5 levels of UAV interaction: [SSS010]
Level 1: receipt and transmission of secondary imagery and/or [as well as] data
Level 2: direct receipt of imagery and/or [as well as] data
Level 3: control of the UAV payload in addition to direct receipt of imagery/data
Level 4: control of the UAV, less launch and recovery, plus all the functions of level three Level 5: capability to have full function and control of the UAV from takeoff to landing",1,1,0
814,1999_tcs,The TCS system shall provide software capabilities and hardware configurations necessary to fulfill the operational tasking requirements across the 5 levels of interaction. [SSS009],1,1,0
815,1999_tcs,Table 3-2 identifies the payloads with which the TCS shall be interoperable. [SSS013],1,0,0
817,1999_tcs,The TCS states shall not exist concurrently. [SSS015],0,1,0
820,1999_tcs,The TCS will execute the particular startup mode which corresponds with the manner in which the TCS Software was halted.,1,1,0
822,1999_tcs,"When the TCS software is halted due to an unplanned power interruption as well as abnormal program termination, then the TCS shall enter the Recovery Startup Mode upon application of power. [SSS020]",1,1,0
824,1999_tcs,Levels of interaction higher than those achievable by a particular TCS configuration shall be prohibited. [SSS022],1,1,0
825,1999_tcs,The TCS shall inform the operator if the operator attempts to execute a function prohibited as a result of the determined level of interaction. [SSS023],1,0,0
826,1999_tcs,"When executing in the Normal Startup Mode, the TCS shall provide the system functionality necessary to initialize the system to place it in the Operations State within 60 seconds from the time power is supplied and the TCS application is launched. [SSS024]",1,1,1
827,1999_tcs,"Initialization of the TCS HWCIs shall include startup of HWCIs [SSS542], download of software [SSS026], startup of CSCIs [SSS027], execution of Startup FD/L [SSS025], and establishment of the state of readiness of all interfaces. [SSS028]",1,0,0
828,1999_tcs,The TCS in the Recovery Startup Mode shall provide the system functionality to resume the Operations State within 45 seconds. [SSS029],1,0,0
829,1999_tcs,"Recovery of the TCS HWCIs shall include startup of HWCIs [SSS543], download of software [SSS544], startup of CSCIs [SSS545], and establishment of the state of readiness of all interfaces. [SSS546]",1,0,0
830,1999_tcs,"The TCS shall be capable of automatically recording system state data, interface communications and other information necessary to support event reconstruction. [SSS528]",1,1,0
832,1999_tcs,"For recovery from abnormal termination, TCS shall prompt the operator to select the type of recovery to be executed: (1)Resume in the Same Modes And Data; (2)Resume in the Same Modes but Review and Modify the Command Data as Necessary; or, (3)Perform a Command Shutdown and Startup Via the Normal Startup Mode. [SSS031]",1,1,0
833,1999_tcs,"When in the Operations State the TCS shall be capable of operating in three modes: normal operations mode, training operations mode, and maintenance operations mode. [SSS032]",0,1,0
834,1999_tcs,The Operations State modes shall not exist concurrently. [SSS033],0,1,0
835,1999_tcs,The operator shall have the capability to command the system to the Shutdown State from all modes under the Operations State. [SSS035],1,1,0
836,1999_tcs,"The TCS hardware and software shall execute periodic Fault Detection/Location (FD/L) while in the Normal Operations Mode and Training Mode, to include a periodic determination of level of interaction. [SSS036]",1,0,0
838,1999_tcs,"Functions under the Normal Operations Mode shall operate concurrently without precluding or excluding any of the other functions, in accordance with allowable operations as determined by the appropriate levels of interaction. [SSS038]",1,1,0
839,1999_tcs,"In the Training Operations Mode the TCS shall support the following functions: 
1. Mission Planning
2. Mission Control and Monitoring
3. Payload Product Management
4. Target Coordinate Development
5. C4I Systems Interface",1,0,0
840,1999_tcs,"Functions under the Training Operations Mode shall operate concurrently without precluding or excluding any of the other functions, in accordance with allowable operations as determined by the appropriate levels of interaction. [SSS040]",1,1,0
842,1999_tcs,"Functions, except for software upgrade and software debug, under the Maintenance Operations Mode shall operate concurrently without precluding or excluding any of the other functions in accordance with allowable operations as determined by the appropriate levels of interaction. [SSS042]",1,1,0
843,1999_tcs,"Upon the selection of a shutdown command the TCS shall enter the Shutdown State, which will cause the TCS to be placed in a condition where power can be removed without impacting operations as well as causing damage to the system, and from which restart of the system can be accomplished normally. [SSS043]",1,1,0
844,1999_tcs,"Shutdown of the TCS shall include storage as well as deletion, as specified by the operator, of mission data files [SSS044], shutdown of appropriate functions [SSS045], shutdown of HCIs [SSS046], and proper termination of all active interfaces [SSS047].",1,1,0
845,1999_tcs,There shall be no modes of operation in the shutdown state. [SSS048],1,1,0
846,1999_tcs,"The TCS will provide the hardware and software necessary to allow the operator to conduct the following major functions 1) mission planning, 2) mission control and monitoring, 3) payload product management, 4) targeting, and 5) C4I system interface.",0,1,0
847,1999_tcs,The TCS shall have the functionality to allow the operator to generate a UAV mission plan. [SSS050],1,0,0
848,1999_tcs,The TCS shall have the functionality to receive and process UAV mission plans from service specific mission planning systems. [SSS053],1,1,0
849,1999_tcs,"The TCS Mission plan shall include all necessary information required to be interoperable with the service specific mission planning systems including the Tactical Aircraft Mission Planning System (TAMPS), Aviation Mission Planning System (AMPS), and Air Force Mission Support System (AFMSS). [SSS051]",1,1,0
850,1999_tcs,The TCS shall have the functionality to transmit UAV mission plans to service specific mission planning systems. [SSS055],1,1,0
851,1999_tcs,The TCS shall facilitate automated processing of mission plan data received via C4I interfaces in order to extract the appropriate mission planning data. [SSS052],1,1,0
852,1999_tcs,The TCS shall have the functionality to receive and process UAV mission plans from other TCSs. [SSS054],1,0,0
853,1999_tcs,The TCS shall have the functionality to transmit UAV mission plans to other TCSs. [SSS056],1,0,0
855,1999_tcs,The TCS shall be capable of storing a minimum of 500 mission plans under unique names to allow for later retrieval. [SSS058],1,1,0
856,1999_tcs,The TCS mission planning function shall provide a graphical user interface that gives the operator the ability to define waypoints on a map based display using a pointing device with full keyset redundancy. [SSS059],1,1,0
857,1999_tcs,The TCS shall provide the capability to compute the range and bearing between two geographic positions on the map display. [SSS561].,1,1,0
858,1999_tcs,"As an objective, the TCS shall have the capability to import as well as create and modify map display overlays for fire support coordination measures [SSS547], airspace control measures [SSS548], and threat identification measures. [SSS060]",1,1,0
859,1999_tcs,"Upon completion of radar cross section analysis and characterization by the Government for each UAV type, TCS shall utilize a UAV signature versus threat lookup table (database) that identities the lethality of the threat to the UAV [SSS065], and shall provide the capability of displaying aircraft signature versus threat, before and during flight. [SSS066]",1,1,0
860,1999_tcs,The TCS shall permit dynamic mission and payload retasking during all phases of operational mission execution. [SSS067],1,0,0
861,1999_tcs,"The TCS shall allow the operator to enter as well as review mission plan parameters, including AV flight parameters, payload control parameters, data link control parameters, AV VCR control parameters (if applicable to the selected AV), and AV loiter patterns [SSS068]",1,1,0
862,1999_tcs,"The TCS shall provide the capability to enter system configuration characteristics in the mission plan, to include selected AV type, AV identification number, selected payload type, ground control authorization information, and required communications pre-set for data links, tactical communications, and C4I data dissemination. [SSS069]",1,1,0
863,1999_tcs,The TCS shall provide the system functionality necessary to upload a flight route plan and payload plan (if applicable) to the AV via the selected system data link as well as direct ground connection. [SSS070],1,1,0
864,1999_tcs,"TCS shall provide the capability for the operator to retrieve a mission plan for viewing, modification, as well as deletion at the operator's discretion [SSS071], and allow the operator to save the mission plan under a different name, for future retrieval [SSS072].",1,1,0
866,1999_tcs,The TCS shall notify the operator of all discrepancies found during the mission plan check as well as indicate successful completion of the mission plan check. [SSS074],1,1,0
867,1999_tcs,The TCS shall provide the capability to override validation faults after the fault is acknowledged by the operator. [SSS540],1,1,0
868,1999_tcs,The TCS shall allow the operator to set the LOL delay timer(s) during mission planning. [SSS075] The LOL delay is the time from when the AV detects an unplanned LOL to the time it initiates LOL procedures.,1,0,1
869,1999_tcs,The TCS shall provide the capability to print waypoint data in alphanumeric format. [SSS553],1,1,0
870,1999_tcs,"The Flight Route Plan, as a minimum, shall include AV flight path information, Loss of Link plan, AV VCR control tasking (if applicable to the selected AV), and data link control information. [SSS079]",0,1,0
871,1999_tcs,"The TCS shall allow the operator to define the desired AV route in waypoint format [SSS551], and shall provide the capability to include up to 500 waypoints in each flight route plan. [SSS080]",1,1,0
872,1999_tcs,The TCS shall provide the capability to display mission waypoints and flight path graphically. [SSS081],1,1,0
873,1999_tcs,The TCS shall provide the capability to enter waypoint data in alphanumeric format. [SSS082],1,1,0
874,1999_tcs,"The TCS flight route planner shall include, as a minimum, the following flight planning tools:
1. Weight and balance take off data calculations. 
2. Fuel Calculations.
3. Terrain avoidance warning for line of sight flights. 
4. Minimum data link reception altitude calculations for line of sight flights. 
5. Payload search area information such as: visual acuity range due to atmospheric conditions, diurnal transition periods for thermal imagery, and lunar and solar terrain shadowing. 
6. Ability to designate flight corridors and restricted air space. ",1,1,0
875,1999_tcs,The TCS shall present to the operator the estimated time of arrival and fuel status at each programmed waypoint of the proposed mission plan. [SSS088],1,0,0
877,1999_tcs,The TCS shall analyze the flight route plan selected for uplink to determine that the flight constraints of the AV and the limitation of the data link are not violated prior to transmission of the flight route plan to the AV. [SSS089],1,0,0
878,1999_tcs,The algorithmic accuracy of all flight planning calculations shall not deviate by more than 10% when compared with a mission flown by a validated 6 degree-of-freedom air vehicle simulator. [SSS090],1,1,0
879,1999_tcs,"The flight route plan, as a minimum, shall provide the necessary AV commands to autonomously execute a programmed flight and return to a designated recovery area. [SSS091]",1,1,0
880,1999_tcs,The TCS shall provide the operator with an interactive graphics and map based flight route planning capability. [SSS092],1,1,0
881,1999_tcs,"The TCS shall provide the capability to create waypoints that define the desired flight path, define AV Altitude and Airspeed associated with the waypoint. [SSS093]",1,1,0
882,1999_tcs,"The TCS shall provide the capability of displaying overlays each containing 100 simultaneous icons of known fire support coordination zones [SSS549], airspace control zones [SSS550], threat systems [SSS061], and displaying the threat engagement envelopes with associated radar terrain masking for those threats [SSS062].",0,1,0
883,1999_tcs,A de-clutter capability shall be provided that allows the operator to display only a selected number of the most significant threats. [SSS063],1,1,0
884,1999_tcs,"The TCS shall provide the capability to modify the maximum number of threats displayed, when de-clutter is selected. [SSS064]",1,1,0
885,1999_tcs,The TCS shall provide the capability to display waypoint data in alphanumeric format. [SSS552],1,1,0
886,1999_tcs,"The TCS shall have the capability to load a map onto the display, to zoom in and out, to scroll, to print, and to clear a map on the map display. [SSS095]",1,1,0
887,1999_tcs,The TCS shall provide the operator with a clearly indicated map scale. [SSS535],0,1,0
888,1999_tcs,"Upon operator request, the following icons shall be displayed on the map display (when the coordinates reside on the displayed portion of the map).
1. Display an icon indicating AV position when receiving downlink from the desired AV. 
2. Display an icon indicating payload center field of view and footprint when receiving downlink from the desired AV. 
3. Display an icon, in variable sizes, indicating target position and type at coordinates selected by the operator. 
4. Display icons indicating TCS position and Ground Data Terminal (GDT) position. 
5. Display an icon indicating Launch, Handover, and Recovery site (when applicable). 
6. Display icons indicating Flight Plan waypoints. ",1,0,0
889,1999_tcs,"The TCS shall be capable of displaying the positions of the icons in Lat./Lon., Universal Transverse Mercator (UTM), and Military Grid Reference System (MGRS) formats and provide conversion to multiple spheroid scales [SSS102]",1,1,0
890,1999_tcs,The TCS shall provide the capability to graphically display Line of Sight versus terrain profile (DTED). [SSS538],1,1,0
891,1999_tcs,"For those payloads identified in Table 3-2, the TCS shall be able to generate payload planning information to be uplinked to the AV separate from a flight route plan. [SSS103]",1,0,0
892,1999_tcs,"The TCS shall provide the system functionality necessary to generate a payload plan that, as a minimum, shall include the following information: [SSS104]
1. Payload type
2. Payload commands
3. Payload mode settings
4. Payload pointing commands, manual as well as automated
5. Payload field of view settings, manual as well as automated
The TCS shall provide the capability to display the payload swath for the selected payload for planning purposes. ",1,1,0
893,1999_tcs,The TCS shall provide the capability to display the payload swath for the selected payload for planning purposes. [SSS541],1,1,0
897,1999_tcs,"The TCS will have the capability to control and monitor an AV, payload, data link, and C4I interfaces during the execution of a mission.",1,1,0
898,1999_tcs,"While flying two MAE AVs Beyond Line Of Sight (BLOS), the TCS shall provide full control functionality of each AV. [SSS108]",1,1,0
899,1999_tcs,AV specific components used to perform ground based closed loop command and control functions for TCS shall be initialized upon operator selection of a specific AV. [SSS109],1,1,0
900,1999_tcs,"The TCS shall transmit command and control information to the AV via the uplink to the AV [SSS110], and receive AV telemetry and payload information via downlink from the AV [SSS111].",1,0,0
901,1999_tcs,The TCS shall be capable of being interoperable with Predator and Outrider UAVs across the 5 levels of UAV interaction. [SSS011],1,1,0
902,1999_tcs,The TCS shall have the capability to control and monitor multiple types of AVs. [SSS112],1,1,0
903,1999_tcs,TCS shall notify the operator when AV performance parameters are out of limits. [SSS113],1,0,0
904,1999_tcs,"The TCS shall provide the capability to pass control of an AV to another TCS [SSS114], and receive control of an AV from another TCS [SSS115].",1,1,0
905,1999_tcs,The TCS shall provide the capability to control the AV flight commands as well as to release the AV to an autonomous flight control mode. [SSS118],1,1,0
906,1999_tcs,AV telemetry data shall be available to support other TCS functions as required. [SSS119],0,1,0
907,1999_tcs,The TCS shall provide the capability to control the flight of the selected AV in accordance with the specific AV's operational performance capabilities. [SSS120],1,1,0
908,1999_tcs,The TCS shall provide the capability to fully control and display the AV's Identification Friend or Foe (IFF). [SSS121],1,1,0
909,1999_tcs,"The TCS shall provide the capability to enter AV preset limits which, as a minimum, will include airspeed limits, altitude limits, and fuel limits. [SSS122]",1,1,0
910,1999_tcs,The TCS shall allow the operator to control an AV using the LOS as well as SATCOM data links. [SSS124],1,1,0
911,1999_tcs,The TCS shall provide the necessary system capabilities required for AV flight control BLOS via uplink command to two MAE air vehicles. [SSS125],0,1,0
912,1999_tcs,"The TCS shall support operation of the AV via all flight modes, to include manual controls. [SSS126102]",1,0,0
913,1999_tcs,"The TCS shall provide the capability to implement an emergency action plan, if supported by the AV, to control the AV during equipment failures. [SSS539]",1,1,0
914,1999_tcs,The TCS shall provide interactive displays necessary to command the flight of an AV. [SSS127],1,1,0
915,1999_tcs,The TCS shall allow the operator to command the flight behavior characteristics inherent to the selected AV. [SSS128],1,0,0
916,1999_tcs,"The operator shall have the capability to initiate as well as change, to include as a minimum manual override, flight behaviors by sending the proper control commands to the UAV. [SSS129]",1,1,0
917,1999_tcs,The TCS shall have the capability to command the AV to use the navigation methods inherent to the selected AV. [SSS130],1,1,0
918,1999_tcs,"The operator shall have the capability to initiate as well as change, to include as a minimum manual override, UAV navigation methods by sending the proper control commands to the UAV. [SSS131]",1,1,0
919,1999_tcs,"The TCS shall provide the functionality to control, monitor, and display the operation of the Air Data Terminal (ADT). [SSS132] This control will include control of the ADT antenna and of the ADT transmitter and receiver.",1,0,0
920,1999_tcs,The TCS shall provide the functionality to control the ADT antenna. [SSS133] This control will including its pointing direction and mode of transmission (e.g. omni and directional).,1,0,0
921,1999_tcs,"The TCS shall provide the functionality to control the power, transmitter signal strength, and frequencies used by ADT for data link communication. [SSS134]",1,0,0
923,1999_tcs,"As and objective, the TCS shall be interoperable with the Integrity Beacon Landing System (IBLS) [SSS136], and the Common Automated Recovery System (CARS) [SSS137], both used by Outrider.",0,1,0
924,1999_tcs,"As an objective, the TCS shall present sufficient cues to the operator to implement and monitor automatic launch and recovery, and to initiate abort procedures if required. [SSS138]",1,1,0
925,1999_tcs,"The TCS shall allow the operator to initiate the emergency recovery feature of the AV, if the AV has an emergency recovery feature. [SSS139]",1,0,0
926,1999_tcs,"TCS shall provide the capability to monitor specific telemetry elements real-time, and record all telemetry elements for future review and processing. [SSS140]",1,1,0
927,1999_tcs,"TCS shall provide the capability to monitor AV adherence to the uplinked mission plan, detecting any deviations greater than 10% from projected flight path, and notifying the operator if deviations are detected. [SSS141]",1,1,0
928,1999_tcs,TCS shall provide the capability to monitor the status of all AV subsystems reporting status. [SSS142],1,1,0
929,1999_tcs,"The TCS shall display the AV status, to include but not be limited to the AV location and flight and avionics system status. [SSS143]",1,1,0
930,1999_tcs,"When the data link is interrupted, the TCS shall present the last known AV status values and the time at which the last values were reported. [SSS144]",1,0,0
931,1999_tcs,"The TCS shall be capable of displaying fuel parameters to the operator to include as a minimum, remaining fuel, flow rate, and bingo fuel. [SSS145] Bingo fuel is the minimum amount of fuel necessary to return to the designated Recovery site with reserve fuel.",1,1,0
932,1999_tcs,"The TCS shall compute the estimated position of the AV during Loss of Link (LOL) based upon the last known AV position and anticipated flight path based on current flight mode (e.g. flight route plan mode, emergency flight route plan mode, maintain current heading mode). [SSS146]",1,0,0
933,1999_tcs,TCS shall display a LOL timer to the operator initiating a LOL onset. [SSS536],1,0,0
934,1999_tcs,The TCS shall be capable of being interoperable with the installed payloads across the 5 levels of UAV interaction. [SSS012],1,1,0
935,1999_tcs,The TCS will have the capability to control and monitor the AV payload(s). [SSS147],1,1,0
936,1999_tcs,The TCS shall have the capability to receive data from and control payloads on an AV that is being controlled from another TCS. [SSS148],1,1,0
937,1999_tcs,The TCS shall provide the necessary system capabilities required for payload control beyond line of sight via uplink command of two air vehicles of the same type using sequential communication techniques. [SSS149] Sequential communication means alternatively communicating with one air vehicle and then the other. Current air vehicle design does not permit concurrent communications with two air vehicles at the same time.,1,1,0
938,1999_tcs,"The TCS shall receive, process, and present payload data to the operator so that the status of the payload can be determined. [SSS151]",1,0,0
939,1999_tcs,The TCS shall permit the operator to control the payload using all methods supported by the payload installed in the selected AV. [SSS152],1,0,0
940,1999_tcs,The TCS shall provide a graphical user interface display for the purpose of controlling the payload. [SSS153],1,0,0
941,1999_tcs,The TCS shall provide override of payload automated as well as preprogrammed inputs. [SSS154],0,1,0
942,1999_tcs,TCS shall provide the capability to monitor payload adherence to the uplinked mission plan. [SSS155],1,1,0
943,1999_tcs,The TCS shall display the current search footprint and the search history of the payload on the map. [SSS157],1,0,0
944,1999_tcs,The TCS shall have the capability to simultaneously control and monitor a line-of-sight as well as a BLOS data terminal. [SSS158],1,1,0
945,1999_tcs,The TCS shall provide the system functionality necessary to record data obtained via the data link. [SSS527],1,1,0
946,1999_tcs,"The TCS shall be capable of interfacing with the specified data terminal and issuing data link terminal commands required to establish, control, and maintain the data link with a selected AV. [SSS159]",0,1,0
947,1999_tcs,"Data terminal control shall include, but is not limited to, antenna pointing control, transmitter control, and receiver control. [SSS160]",1,1,0
948,1999_tcs,The TCS shall be capable of automatically selecting the proper mode of operation for the selected data terminal. [SSS161],1,1,0
949,1999_tcs,"As a minimum the TCS LOS data terminal control modes shall include acquisition, autotrack, search, manual point, omni directional, as well as directional modes of operation, if applicable to the selected data link. [SSS162]",1,1,0
950,1999_tcs,"The operator shall be able to manually override any automatic data terminal control mode selection if desired, except during Emission Control (EMCON) and Hazards of Electromagnetic Radiation to Ordnance (HERO) conditions. [SSS163]",1,0,0
951,1999_tcs,The TCS shall support a LOS data link and SATCOM data link capability. [SSS164],0,1,0
952,1999_tcs,"For shipboard operations, the TCS shall provide the capability to switch to a second LOS antenna, if a second antenna is available, when desired (e.g. the currently active antenna is masked by shipboard obstructions). [SSS116]",1,1,0
953,1999_tcs,"The TCS shall provide the capability to switch to a SATellite COMmunication (SATCOM) antenna, if the selected AV has SATCOM capability, when desire (e.g. the AV proceeds beyond LOS range as well as when LOS is obstructed). [SSS117]",1,1,0
954,1999_tcs,The TCS shall provide an interactive display for the purpose of controlling the data link terminal. [SSS165],0,1,0
955,1999_tcs,"The TCS shall provide automatic pointing commands for directional antennas [SSS167], and shall allow for the manual pointing of directional antennas when desired by the operator [SSS168].",1,0,0
956,1999_tcs,The TCS shall be capable of positioning antennas to maintain LOS as well as SATCOM. [SSS170],0,1,0
957,1999_tcs,"The TCS shall incorporate antenna pedestal 3 -axis stabilization to compensate for platform (e.g. ship, or HMMWV) motion, if applicable. [SSS557]",1,0,0
958,1999_tcs,The TCS shall be capable of automatically controlling the transmitter and receiver functions of the selected data terminal. [SSS171],0,1,0
960,1999_tcs,The TCS shall be capable of automatically controlling the transmitter and receiver modes of the selected data terminal. [SSS173],0,1,0
962,1999_tcs,The TCS shall be capable of automatically controlling the transmitter and receiver frequencies of the selected data terminal. [SSS175],0,1,0
965,1999_tcs,The TCS shall be capable of monitoring and displaying the signal strength of the received and transmitted signals for the selected data terminal. [SSS178],1,1,0
966,1999_tcs,The TCS shall be capable of monitoring and displaying the signal quality of the received and transmitted signals for the selected data terminal. [SSS179],1,1,0
967,1999_tcs,The TCS shall be capable of presenting to the operator a visual depiction of the minimum and maximum data link operational ranges. [SSS180],1,1,0
968,1999_tcs,"The TCS will have the functionality necessary to manage all aspects of payload product handling to include receiving, processing, displaying, and performing limited exploitation. The payload product includes the payload sensor output and the appropriate AV and payload telemetry data.",1,1,0
969,1999_tcs,"The TCS shall have the functionality to process payload product data from Electro Optical (EO), Infrared (IR), and Synthetic Aperture Radar (SAR) payloads. [SSS182] This functionality, as a minimum, shall include: formatting, storing, internally routing, and recording the video [SSS190]; creating and storing a freeze frame of the video [SSS191]; retrieving and displaying the video [SSS192]; printing a hard copy of freeze frame video [SSS193]; and processing digital imagery for export and dissemination [SSS194]. Payload data includes the digital and analog imagery and associated telemetry sent to the TCS from each of these payloads.",1,1,0
971,1999_tcs,"The TCS shall be in compliance with Common Imagery Ground Surface Station (CIGSS), United States Imagery Standards (USIS), Video Working Group Standards Architecture, National Imagery Transmission Format (NITF) Version 2.0, and Global Command Control Systems (GCCS) when processing payload imagery data. [SSS185]",0,1,0
972,1999_tcs,The NITF 2.0 imagery files generated by the TCS shall contain the necessary telemetry and support data to permit subsequent imagery exploitation by C4I systems. [SSS186],1,1,0
973,1999_tcs,The TCS shall have a built-in text entry capability including the ability to annotate textual information on imagery. [SSS187],1,1,0
974,1999_tcs,The TCS shall be capable of receiving secondary HAE UAV payload imagery. [SSS188],0,1,0
975,1999_tcs,Payload telemetry data shall be available to support other TCS functions as required. [SSS189],1,1,0
976,1999_tcs,"The TCS shall display live and recorded imagery data, with as well as without annotation and overlay, upon operator request. [SSS195] Annotation includes operator generated comments as well as graphics which are superimposed on the imagery. Overlays consist of information obtained from external sources that is selected by the operator for presentation with the imagery.",1,1,0
977,1999_tcs,"The TCS shall provide the capability to simultaneously view imagery as well as data from more than one payload, when applicable. [SSS537]",1,1,0
979,1999_tcs,The TCS shall have the capability to select and deselect several types of cross hairs (or other similar ICON) to identify a selected point on a target. [SSS197],1,1,0
980,1999_tcs,RS170A video and digital imagery shall be routed to TCS functions and displayed upon operator request. [SSS198],1,0,0
981,1999_tcs,"The TCS shall have the functionality to conduct limited exploitation, to include voice and textual reporting for spot and mission objectives, on the payload product data. [SSS200] Limited exploitation, as a minimum, will include image enhancement and annotation.",1,1,0
982,1999_tcs,"The image enhancement capability shall include contrast, brightness, edge enhancement, and sharpness. [SSS201]",0,1,0
983,1999_tcs,The TCS shall provide the capability to capture frozen-frames of imagery and store these frozen images for further review and processing. [SSS202],1,1,0
984,1999_tcs,"The TCS shall have the capability to display Near-Real Time (NRT) imagery to include, as a minimum, date/time group, target location coordinates when the target is in the center of the field of view, north seeking arrow, and AV position and heading. [SSS203]",1,1,0
985,1999_tcs,The TCS shall provide the capability to compute the range and bearing between two geographic positions located on the payload imagery display. [SSS560],1,1,0
986,1999_tcs,"The TCS will have the functionality to determine target coordinates, and estimate target coordinate accuracy.",1,0,0
987,1999_tcs,The TCS shall support a target location function where the operator can request the current ground location of the payload field-of-view center. [SSS206],1,0,0
988,1999_tcs,"The TCS shall have the functionality to determine the location of items of interest within the payload field of view, and express these locations in coordinates acceptable for military applications. [SSS207]",1,1,0
989,1999_tcs,"The TCS shall have the functionality to develop an estimate of the error in computed target coordinates,  and associate the error estimate with the appropriate target. [SSS208]",1,1,0
990,1999_tcs,"The TCS shall be capable of entering DII-COE compliant (C4I) networks. [SSS209] Network interoperability will include, but not be limited to:
Advanced Tomahawk Weapons Control Station (ATWCS)
Advanced Field Artillery Tactical Data System (AFATDS)
All Source Analysis System (ASAS)
Automated Target Hand-off System (ATHS)
Closed Circuit Television (CCTV)",0,1,0
991,1999_tcs,"The TCS shall be capable of entering DII-COE compliant (C4I) networks. Network interoperability will include, but not be limited to:
Advanced Tomahawk Weapons Control Station (ATWCS) Advanced Field Artillery Tactical Data System (AFATDS) All Source Analysis System (ASAS)
Automated Target Hand-off System (ATHS)
Closed Circuit Television (CCTV)
Common Operational Modeling, Planning, and Simulation Strategy (COMPASS)
Contingency Airborne Reconnaissance System (CARS)
Enhanced Tactical Radar Correlator (ETRAC)
Guardrail Common Sensor/Aerial Common Sensor (ACS) Integrated Processing Facility (IPF)
Intelligence Analysis System (IAS)",0,1,0
992,1999_tcs,"The TCS shall have the functionality necessary to manage all aspects of C4I system interfaces to include receiving, processing, and transmitting tactical information to include but not limited to character based text messages, NITF 2.0 imagery files, and RS-170A video. [SSS210]",1,1,0
993,1999_tcs,"The TCS shall provide the functionality necessary to interface with various C4I systems in order to satisfy the operational requirements for:  [SSS211]
1. Tasking TCS to plan and conduct a mission.
2. Presentation of payload product and target coordinates for export and dissemination.
3. Use of UAV obtained data (Non-real time tracks, tactical points and amplifying information) to provide a C4I system with information that may be used by C4I system operators, for transmission on tactical data communication links, and available to support engagement by appropriate weapons systems.
The TCS shall have the capability to interoperate with a data server to receive, extract, and push intelligence data. ",1,1,0
994,1999_tcs,"The TCS shall have the capability to interoperate with a data server to receive, extract, and push intelligence data. [SSS212]",1,1,0
995,1999_tcs,The TCS shall have the capability to use cable to deliver live video imagery in multiple locations. [SSS213],1,1,0
996,1999_tcs,"The TCS shall have the ability to interface with Service specific ground and airborne Ultra High Frequency (UHF), Very High Frequency (VHF), UHF/VHF, and High Frequency (HF) radios for digital message transmission while using the same radios for record traffic. [SSS214] Record traffic is defined as operational/voice communications.",1,1,0
997,1999_tcs,"Where applicable, TCS data burst messages shall comply with Variable Message Formats. [SSS215]",1,0,0
998,1999_tcs,"The TCS shall export and disseminate formatted NITF 2.0 files [SSS558], digital imagery (if applicable) [SSS218], RS-170A video (with as well as without overlay) [SSS219], and tactical communication messages [SSS220].",0,1,0
999,1999_tcs,The TCS will have the capability to manage all operational C4I interfaces across all 5 levels of interaction.,1,1,0
1000,1999_tcs,"The TCS shall, as a minimum, have the functionality to provide the following control capabilities:
1. Send and receive tactical communication messages. 
2. Send and receive annotated and un-annotated digital imagery. 
3. Establish digital communication and when completed terminate communications to the C4I systems specified in Section 3.2.5.
4. Establish and when completed terminate digital communication to peripheral devices. ",1,1,0
1001,1999_tcs,"The TCS will have the functionality to process received C4I messages and to prepare C4I messages for transmission. Processing will include formatting, storing, routing, and display.",1,0,0
1002,1999_tcs,"The TCS shall, as a minimum, have the functionality to provide the following digital data processing capabilities:
1. Create Tactical Communications Messages to include United States Message Text Format (USMTF), Tactical Fire (TACFIRE), Over The Horizon Gold (OTH-Gold), and Intelligence and Electronic Warfare Character Oriented Message Catalog (IEWCOMCAT) For Transmission (specific message types will be identified in the all applicable TCS to C4I IDDs) [SSS230]
2. Review Incoming Tactical Communication Messages [SSS231]
3. Prepare Annotated as well as Un-annotated Digital Imagery For Transmission [SSS232]
4. Review Incoming Annotated as well as Un-annotated Digital Imagery [SSS233]",0,1,0
1003,1999_tcs,All digital messages received by the TCS shall be automatically checked for errors and corrected when possible. [SSS234],0,1,0
1005,1999_tcs,The TCS shall provide the capability to log all incoming and outgoing formatted tactical messages. [SSS236],1,1,0
1006,1999_tcs,"The TCS shall, as a minimum, have the functionality to provide the following analog data processing capabilities:
1. Prepare annotated as well as un-annotated analog imagery for transmission 
2. Receive incoming annotated as well as un-annotated analog imagery ",1,1,0
1007,1999_tcs,"The TCS shall have the functionality to monitor the status of all C4I interfaces, and display appropriate control information. ",1,1,0
1008,1999_tcs,"The TCS shall, as a minimum, have the functionality to provide the following data monitoring capabilities:
1. Display which C4I systems are supported and online during a mission 
2. Monitor the status of all incoming and outgoing tactical communication messages 
3. Review all tactical communication messages received and transmitted 
4. View incoming and outgoing, annotated as well as un-annotated analog imagery 
5. View incoming and outgoing, annotated as well as un-annotated digital imagery messages",0,1,0
1009,1999_tcs,TCS shall be capable of executing AV maintenance software and displaying appropriate status results. [SSS245],0,1,0
1010,1999_tcs,TCS shall be capable of executing payload maintenance software and displaying appropriate status results. [SSS246],0,1,0
1011,1999_tcs,TCS shall be capable of executing data terminal maintenance software and displaying appropriate status results. [SSS247],0,1,0
1012,1999_tcs,TCS shall be capable of executing workstation and peripheral equipment maintenance software and displaying appropriate status results. [SSS248],0,1,0
1013,1999_tcs,"Fault Detection/Location (FD/L) to the Line Replaceable Unit (LRU) level shall be provided to indicate the readiness status of TCS, if inherent to the COTS hardware and software utilized. [SSS249]",1,1,0
1014,1999_tcs,"As a minimum, TCS shall provide Startup FD/L for the operator workstation. [SSS250]",0,1,0
1015,1999_tcs,"The TCS shall allow the operator to control and monitor the AV's FD/L, if required and provided by the Original Equipment Manufacturer (OEM) [SSS251]; Payload's FD/L, if required and provided by the Original Equipment Manufacturer (OEM) [SSS252]; and Data Link FD/L, if required and provided by the Original Equipment Manufacturer (OEM) [SSS253].",1,1,0
1016,1999_tcs,The TCS shall allow authorized operators to install software upgrades via CD-ROM as well as other media storage devices. [SSS276],1,1,0
1017,1999_tcs,The TCS shall restrict operator access to this capability via password protection. [SSS277],0,1,0
1018,1999_tcs,"The TCS shall provide the capability for Authorized Operators to modify all TCS programmable parameters. [SSS278] As a minimum, the TCS shall restrict Operator access to this capability via password protection. [SSS279]",1,1,0
1019,1999_tcs,"The TCS shall be capable of importing National Imagery Mapping Agency (NIMA) Digital Terrain Elevation Data (DTED), Digital Feature Analysis Data (DFAD), Arc Digitized Raster Graphic and scanned hard copy maps, via compact disk. [SSS280]",1,1,0
1020,1999_tcs,The TCS shall be capable of importing map information via operator procedure [SSS555] and shall be capable of incorporating vector format and Compressed ADRG (CADRG) maps. [SSS281],1,1,0
1021,1999_tcs,"The TCS shall allow an Authorized Operator to execute a software debug capability and view the resulting debug diagnostic information. [SSS282] As a minimum, the TCS will restrict Operator access to this capability via password protection. [SSS283]",1,1,0
1023,1999_tcs,"The TCS shall provide the capability to interface with equipment necessary to provide connectivity with standard DoD tactical (VHF, UHF, and UHF/VHF) radios, Mobile Subscriber Equipment, and military and commercial satellite communications equipment [SSS285]",1,1,0
1025,1999_tcs,The TCS shall provide the system functionality necessary to interface with the data terminal. [SSS287],1,1,0
1026,1999_tcs,The TCS shall provide the system functionality to allow interfacing with external systems via a local area network. [SSS288],1,0,0
1028,1999_tcs,"The TCS shall provide the necessary hardware and software functionality to allow the TCS to integrate with ASAS. [SSS291] The interface requirements and specifications will be defined in the TCS to ASAS IDD, TCS 201.",1,1,0
1029,1999_tcs,"The TCS shall provide the necessary hardware and software functionality to allow the TCS to integrate with JSTARS GSM. [SSS292] The interface requirements and specifications will be defined in the TCS to JSTARS IDD, TCS 209.",1,1,0
1030,1999_tcs,"The TCS shall provide the necessary hardware and software functionality to allow the TCS to integrate with JMCIS. [SSS293] The interface requirements and specifications will be defined in the TCS to JMCIS IDD, TCS 214.",1,1,0
1031,1999_tcs,"The TCS shall provide the necessary hardware and software functionality to allow the TCS to integrate with JSIPS-N. [SSS294] The interface requirements and specifications will be defined in the TCS to JSIPS-N IDD, TCS 210.",1,1,0
1032,1999_tcs,"The TCS shall provide the necessary hardware and software functionality to allow the TCS to integrate with AFATDS. [SSS295] The interface requirements and specifications will be defined in the TCS to AFTADS IDD, TCS 200.",1,1,0
1034,1999_tcs,"The TCS shall provide the necessary hardware and software functionality to allow the TCS to integrate with CARS. [SSS297] The interface requirements and specifications will be defined in the TCS to CARS IDD, TCS 217.",1,1,0
1035,1999_tcs,"The TCS shall provide the necessary hardware and software functionality to allow the TCS to integrate with CCTV. [SSS298] The interface requirements and specifications will be defined in the TCS to CCTV IDD, TCS 205.",1,1,0
1036,1999_tcs,"The TCS will provide the necessary hardware and software functionality to allow the TCS to integrate with Service Mission Planners. The Service Mission Planners will consist of AMPS, AFMSS, and TAMPS.",1,1,0
1037,1999_tcs,"The TCS shall provide the necessary hardware and software functionality to allow the TCS to integrate with AMPS.[SSS563] The interface requirements and specifications will be defined in the TCS to AMPS IDD, TCS 235.",1,1,0
1038,1999_tcs,"The TCS shall provide the necessary hardware and software functionality to allow the TCS to integrate with AFMSS.[SSS564] The interface requirements and specifications will be defined in the TCS to AFMSS IDD, TCS 220.",1,1,0
1039,1999_tcs,"The TCS shall provide the necessary hardware and software functionality to allow the TCS to integrate with TAMPS.[SSS565] The interface requirements and specifications will be defined in the TCS to TAMPS IDD, TCS 219.",1,1,0
1040,1999_tcs,"The TCS shall provide the necessary hardware and software functionality to allow the TCS to integrate with GCS/ACS IPF. [SSS300] The interface requirements and specifications will be defined in the TCS to GCS/ACS IPF IDD, TCS 215.",1,1,0
1041,1999_tcs,"The TCS shall provide the necessary hardware and software functionality to allow the TCS to integrate with JDISS. [SSS301] The interface requirements and specifications will be defined in the TCS to JDISS IDD, TCS 212.",1,1,0
1042,1999_tcs,"The TCS shall provide the necessary hardware and software functionality to allow the TCS to integrate with TES. [SSS302] The interface requirements and specifications will be defined in the TCS to TES IDD, TCS 236.",1,1,0
1043,1999_tcs,"The TCS shall provide the necessary hardware and software functionality to allow the TCS to integrate with IAS. [SSS303] The interface requirements and specifications will be defined in the TCS to IAS IDD, TCS 206.",1,1,0
1044,1999_tcs,"The TCS shall provide the necessary hardware and software functionality to allow the TCS to integrate with ATHS. [SSS304] The interface requirements and specifications will be defined in the TCS ATHS IDD, TCS 208.",1,1,0
1045,1999_tcs,"The TCS shall provide the necessary hardware and software functionality to allow the TCS to integrate with ATWCS. [SSS305] The interface requirements and specifications will be defined in TCS ATWCS IDD, TCS203",1,1,0
1046,1999_tcs,"The TCS shall provide the necessary hardware and software functionality to allow the TCS to integrate with Trojan Spirit II. [SSS306] The interface requirements and specifications will be defined in the TCS to TROJAN SPIRIT II IDD, TCS 213.",1,1,0
1047,1999_tcs,"The TCS shall provide the necessary hardware and software functionality to allow the TCS to integrate with TBMCS. [SSS307] The interface requirements and specifications will be defined in TCS to TBMCS IDD, TCS 221.",1,1,0
1048,1999_tcs,"The TCS shall provide the necessary hardware and software functionality to allow the TCS to integrate with MIES. [SSS308] The interface requirements and specifications will be defined in the TCS to MIES IDD, TCS 216.",1,1,0
1049,1999_tcs,"The TCS shall provide the necessary hardware and software functionality to allow the TCS to integrate with ETRAC. [SSS309] The interface requirements and specifications will be defined in the TCS ETRAC IDD, TCS 218.",1,1,0
1050,1999_tcs,"The TCS shall provide the necessary hardware and software functionality to allow the TCS to integrate with COMPASS. [SSS310] The interface requirements and specifications will be defined in TCS to COMPASS IDD, TCS 222.",1,1,0
1051,1999_tcs,"The TCS shall provide the necessary hardware and software functionality to allow the TCS to integrate with TEG. [SSS311] The interface requirements and specifications will be defined in TCS to TEG IDD, TCS 207.",1,1,0
1052,1999_tcs,The TCS shall provide interfaces with the respective UAV program-provided data links for command and control and UAV data.. [SSS312],1,1,0
1053,1999_tcs,"The TCS shall have provisions for simultaneously supporting both of the following external interfaces: LOS data link, SATCOM data link. [SSS313]",1,1,0
1054,1999_tcs,"Details of the TCS to DT interface will be defined in the TCS to Data Terminal IDD , TCS 242.",1,0,0
1055,1999_tcs,The TCS shall provide an interface between the TCS and an external hard copy printer. [SSS314],1,1,0
1056,1999_tcs,"The TCS shall as a minimum, allow Operator(s) to print freeze-frame video, C4I Messages, Mission Plans, FD/L information, and current map display. [SSS315]",0,1,0
1057,1999_tcs,The TCS shall have the functionality to output digital message data and imagery to a hard copy printer. [SSS316],1,1,0
1058,1999_tcs,"Details of the Tactical Control System (TCS) to printer interface will be defined in the TCS to Printer IDD, TCS 255.",1,0,0
1060,1999_tcs,The TCS shall have the functionality to transfer digital data as well as digital imagery to and from external data storage systems. [SSS318],1,1,0
1061,1999_tcs,"Details of the Tactical Control System (TCS) to external data storage interface will be defined in the TCS to External Data Storage IDD, TCS256.",1,0,0
1062,1999_tcs,The TCS shall have an interface between the TCS and DoD standard power supply equipment. [SSS319],1,0,0
1063,1999_tcs,The TCS shall have the functionality to connect to the power supply equipment provided in the TCS operating environment. [SSS320],1,1,0
1064,1999_tcs,"Details of the Tactical Control System (TCS) to external power interface will be defined in the TCS to External Power IDD, TCS 257.",1,0,0
1065,1999_tcs,"The TCS shall have an interface to a source of current navigation information. [SSS321] As a minimum this information will include the location of all data terminals, launch and recovery sites, and the controlling TCS.",1,1,0
1066,1999_tcs,"Details of the Tactical Control System (TCS) to external power interface will be defined in the TCS to Geopositional Data IDD, TCS 243.",1,0,0
1067,1999_tcs,The uplink and downlink information passed between the TCS and the AV shall be in accordance with the associated AV documentation. [SSS324],1,0,0
1068,1999_tcs,The TCS shall support a concurrent uplink and downlink capability. [SSS325],0,1,0
1070,1999_tcs,The AV Standard Interface is designated as a mission and safety critical interface for the TCS.,1,0,0
1071,1999_tcs,The TCS shall provide an internal interface for establishing communications with the Real Time Processor (RTP) within TCS. [SSS326],1,0,0
1072,1999_tcs,This interface shall allow the information from the data server to be made available to other components of the TCS. [SSS327],1,1,0
1073,1999_tcs,The RTP interface shall support distributed processing capability. [SSS328],0,1,0
1074,1999_tcs,"The RTP interface requirements and specifications will be defined in the Data Server IDD, TCS 238.",1,0,0
1075,1999_tcs,Remotely hosted applications shall communicate in a client server relationship via the defined data server interface. [SSS329],1,0,0
1077,1999_tcs,"The SAR Processor interface requirements and specifications will be defined in the TCS to SAR Processor IDD, TCS 240.",1,0,0
1078,1999_tcs,The TCS shall incorporate an intercom system that provides verbal communicate in the situation where there are multiple operators. [SSS331],1,1,0
1079,1999_tcs,The intercom system shall be compatible with service specific voice communication systems. [SSS332],0,1,0
1081,1999_tcs,The TCS shall allow the Operator(s) to fully control the VCR via the TCS Display input device(s). [SSS334],1,0,0
1082,1999_tcs,The TCS shall be able to route VCR recorded payload video to the C4I Interfaces. [SSS335],1,0,0
1083,1999_tcs,An RS-170A video interface shall be provided for the system to output and input analog imagery and overlays to and from a Video Cassette Recorder (VCR) for recording and playback. [SSS336],1,1,0
1084,1999_tcs,The TCS shall have ports for outputting data and imagery to an internal hard copy printer. [SSS337],1,1,0
1085,1999_tcs,"The TCS shall, as a minimum, allow the Operator(s) to print freeze-frame video, C4I Messages, Mission Plans, FD/L information, and current map display to an internal printer. [SSS338]",1,1,0
1088,1999_tcs,The TCS shall have the functionality to transfer digital data as well as digital imagery to and from data storage devices. [SSS340],1,1,0
1089,1999_tcs,The TCS shall provide a CD drive for the retrieval of TCS data. [SSS341],1,0,0
1090,1999_tcs,The TCS shall provide a tape drive for storage and retrieval of TCS data. [SSS342],1,0,0
1091,1999_tcs,"The TCS shall provide a RAID for storage and retrieval of TCS data, if required. [SSS343]",1,0,0
1092,1999_tcs,The TCS shall have an interface to an uninterruptible power supply. [SSS344],1,0,0
1093,1999_tcs,All TCS internal data decisions will be left to the design and the requirement specifications for system components.,1,0,0
1094,1999_tcs,The TCS design shall consider all safety requirements affecting design and performance except nuclear safety. [SSS345],1,0,0
1095,1999_tcs,"The TCS safety requirements are intended to eliminate as well as control potential hazards to equipment and personnel involved in the TCS. The TCS shall comply with para 5.3 of MIL-STD 882C, “System Safety Program Requirements”, dated 19 January 1993 w/ Notice 1 dated 19 January 1996. [SSS346]",1,1,0
1096,1999_tcs,"The TCS shall provide sufficient cues to allow the operator to safely take-off, land and navigate under Instrument Flight Rules. [SSS347]",1,1,0
1097,1999_tcs,The TCS shall provide adequate capability to allow the operator to operate each UAV within its certified operational flight envelope. [SSS348],1,1,1
1098,1999_tcs,Appropriate cautions and warnings shall be provided to the operator if the air vehicle deviates into unsafe flight regime. [SSS349],1,1,0
1099,1999_tcs,"For mission planning, the TCS shall provide terrain avoidance warning and minimum reception altitude calculations for line of sight flights. [SSS350]",1,1,0
1101,1999_tcs,The TCS shall provide the required information to allow the operator to maintain safe separation from other aircraft and a safe altitude in civilian airspace per Federal Aviation Administration (FAA) rules. [SSS352],1,0,0
1102,1999_tcs,The TCS shall be designed such that no single hardware failure results in an unsafe command to be transmitted to the air vehicle. [SSS353],1,0,0
1103,1999_tcs,The TCS shall be designed such that no single software error results in an unsafe command to be transmitted to the air vehicle. [SSS556],1,0,0
1104,1999_tcs,The TCS shall be capable of restoring power in sufficient time to avoid loss of air vehicle control during power outages. [SSS354],1,1,0
1105,1999_tcs,The TCS shall monitor the uplink and downlink to each UAV under its control. [SSS355],1,0,1
1106,1999_tcs,"Upon detection of loss of link, the TCS shall attempt to reestablish communications with the air vehicle. [SSS356]",1,0,0
1107,1999_tcs,"The TCS design shall provide protection against injury to TCS operators and maintenance personnel. [SSS357] The system design shall use MIL-STD-2036, Section 5.1.3.11 as a guide, with regard to personnel hazards, and MIL-STD-1472D, Section 5.13, as a guide for safety from a human engineering viewpoint. [SSS358]",1,0,0
1108,1999_tcs,"System safety and health hazards, if any, shall be identified and evaluated during Phase I of the TCS development. [SSS359]",1,0,0
1109,1999_tcs,Risk levels and a program to manage the probability and severity of hazards shall also be developed. [SSS360],0,1,0
1111,1999_tcs,The TCS shall be accredited by the Designated Approving Authority prior to processing classified as well as sensitive unclassified data. [SSS362],0,1,0
1112,1999_tcs,"Using risk assessment procedures defined in DoD 5200.28(D), a risk index and the minimum security requirements for TCS shall be determined. [SSS363] The inputs to this procedure are the clearance or authorization of the TCS users and the sensitivities of the data that the TCS processes, stores or transfers. These requirements pertain to the TCS computer hardware and software.",1,1,0
1113,1999_tcs,"The TCS data sensitivities shall be determined by the data sensitivities of the systems with which it interfaces, to including the air vehicles, payloads, and C4I systems. [SSS364]",1,0,1
1114,1999_tcs,"Links that provide communications between the TCS and other systems shall be secured in a manner appropriate for the sensitivities of the material passed through such links, in accordance with DoD Directive C-5200.5, “Communication Security (COMSEC)” dated 21 April 1990. [SSS365]",1,1,0
1115,1999_tcs,"The TCS shall be designed to protect its communication and data links against enemy Electronic Warfare (EW) threats, physical anti-radiation weaponry and physical destruction. [SSS366]",1,1,1
1116,1999_tcs,"All hardware, software, documentation, and sensitive information processed by TCS shall be physically protected, minimally at the level determined by the risk index computed in Section 3.8.1, to prevent intentional as well as unintentional disclosure, destruction, and modification. [SSS367]",1,1,0
1117,1999_tcs,The TCS shall be approved for operation at the same level as the systems with which it interfaces. [SSS368],1,0,1
1118,1999_tcs,"All TCS users, operators, maintainers and other personnel having access to TCS shall be cleared to the highest sensitivity of the data that the TCS processes, stores and transfers. [SSS369]",1,0,0
1119,1999_tcs,Additional local site procedures shall be developed to prevent the intentional or unintentional disclosure of sensitive information to unauthorized individuals. [SSS370],1,0,0
1120,1999_tcs,A training program consisting of an initial security training and awareness briefing covering AIS security in general but also tailored to the TCS shall be developed. [SSS371],1,1,0
1121,1999_tcs,The TCS shall be capable of operation within environments specified in the System/Subsystem Design Document for the land-based shelter and shipboard environments. [SSS372],1,1,0
1122,1999_tcs,The TCS hardware shall be mounted as well as ruggedized to withstand inter and intra theater movement. [SSS373],1,1,0
1123,1999_tcs,"The TCS hardware will provide the functionality and capability to receive, process, and disseminate video and telemetry data from the AV and payload; perform mission planning; monitor and control the payload; monitor and control the AV; and monitor and control the data links.",1,1,0
1124,1999_tcs,The hardware of the TCS shall be capable of being scaled as well as being modular to meet the varying needs of the Services. [SSS374],0,1,0
1125,1999_tcs,"The TCS hardware shall allow for long range communications from one TCS to another [SSS375], data storage expansion [SSS376], access to other computers to share in processing capability [SSS377], and multiple external peripherals [SSS378].",1,1,0
1126,1999_tcs,"The TCS hardware shall support the data rate characteristics of the AV, data link and payload to ensure interoperability. [SSS379]",1,0,0
1127,1999_tcs,"For each OUTRIDER system, the TCS shall provide full independent computer redundancy. [SSS380]",0,1,0
1129,1999_tcs,The TCS shall have sufficient throughput to support the processing requirements of the selected data link. [SSS382],1,1,0
1130,1999_tcs,"To meet growth requirements, the TCS shall be capable of adding additional storage without major hardware reconfiguration. [SSS383]",0,1,0
1131,1999_tcs,"The TCS computer system shall contain a CD-ROM drive that is compatible with National Imagery and Mapping Agency (NIMA), CD-ROM Digital Terrain Elevation Data (DTED), Digital Feature Analysis Data (DFAD), and embedded training media. [SSS384]",1,1,0
1133,1999_tcs,"The TCS shall use standard electrical power sources available within the DoD family of ground mobile, airborne, and shipboard electrical power sources. [SSS386]",1,1,0
1134,1999_tcs,The TCS shall be capable of restoring power in sufficient time to avoid loss of critical mission data and loss of air vehicle control during power outages. [SSS387],0,1,0
1135,1999_tcs,The TCS shall have an uninterrupted power supply for critical phases (landing and takeoff as a minimum) of mission execution. [SSS388],1,1,0
1136,1999_tcs,"The TCS throughput shall not exceed 50% of the throughput capability delivered over any 10 second period [SSS389], and as an objective throughput shall not exceed 25% of throughput capability deliveredover any 10 second period. [SSS390].",1,1,0
1137,1999_tcs,The TCS shall be capable of providing a 50% spare memory storage capacity over delivered storage used [SSS391]. As an objective a 75% spare memory storage capacity over storage used shall be provided. [SSS392],1,1,0
1138,1999_tcs,"The TCS software will provide the functionality and capability to receive, process, and disseminate video and telemetry data from the AV and payload; perform mission planning; monitor and control the payload; monitor and control the AV; and monitor and control the data links.",1,1,0
1139,1999_tcs,"The TCS shall have software based on Defense Information Infrastructure/Common Operating Environment per Assistant Secretary of Defense for Command, Control, Communications, and Intelligence (ASD(C3I)) Joint Technical Architecture (JTA). [SSS393]",1,1,0
1140,1999_tcs,"The TCS shall comply with the Assistant Secretary of Defense (C3I) Joint Technical Architecture (JTA). This includes, but is not limited to, the language, the computer, database, architecture, and interoperability. [SSS394]",1,1,0
1141,1999_tcs,"The TCS shall provide an open software architecture to be capable of supporting additional CSCIs, CSCs, and CSUs for future AVs, future payloads, and payload capabilities (e.g. auto-search and automatic target tracking), and future Tactical UAVs. [SSS395]",1,1,0
1142,1999_tcs,The TCS core software shall be generically written to provide level one through level five interaction for both Outrider and Predator UAVs and establish the architecture for future tactical UAVs. [SSS396],1,1,0
1143,1999_tcs,"The TCS software shall provide the UAV operator with the necessary tools for computer related communications, mission tasking, mission planning, mission execution, data receipt, data processing, and data dissemination. [SSS397]",1,1,0
1144,1999_tcs,The TCS software shall be capable of being hosted on a variety of computer operating systems that are organic to the various Services. [SSS398],1,1,0
1147,1999_tcs,The TCS’s operating system and executable software shall be re-programmable without hardware disassembly. [SSS401],1,0,0
1148,1999_tcs,Training software shall be alterable without affecting the configuration of the operational software. [SSS402] Training software is the software that provides the computer based training functionality for the system operator.,1,0,0
1149,1999_tcs,The TCS software shall restrict the operator(s) from exercising levels of interaction not achievable by the system. [SSS403],1,0,0
1150,1999_tcs,"The TCS software shall provide a high resolution, computer generated, graphical user interface that enables the UAV operator that is trained on one system to control different types of UAVs as well as UAV payloads with minimal additional training. [SSS404]",1,1,0
1151,1999_tcs,"Each control console shall have, at a minimum, the capability to display the following four display windows: (1) display to provide aircraft position, TCS position, flight path, and a waypoint graphics in the foreground which are positioned in relation to a map displayed in the background, (2) display to provide aircraft flight data or payload data in the foreground, and downlinked video in the background. (3) A display to provide graphic presentations of downlinked telemetry data, and (4) display to present the interface menus for workstation software. [SSS405]",1,1,0
1152,1999_tcs,"The DII/COE UCP/CMP shall provide a consistent and common set of interfaces for United States Message Text Format (USMTF), Army Tactical Command Control System (ATCSS), and Field Artillery Tactical Data Systems (FATDS) message sets. [SSS406]",0,1,0
1153,1999_tcs,The TACCOM segment shall provide external interfaces for the communications media as indicated in Table 3.10.4-1: [SSS407],1,0,0
1154,1999_tcs,The TACCOM segment shall provide API’s for the transmission of imagery in National Imagery Transmission Formats 1.1a and 2.0 as per MILSTD-2500 and to be compatible with the Common Imagery Ground/Surface Station (CGIS) Guidelines. [SSS408],1,1,0
1155,1999_tcs,"The TCS data latency shall not be greater than that present in the Predator ground control station or Outrider ground control station, whichever is smaller. [SSS409]",1,0,0
1156,1999_tcs,The TCS reliability will be considered in every phase of the design and development process and shall achieve a system reliability (Mean Time Between Failures MTBF) equal to or greater than that which is specified in the Predator and Outrider ORDs. [SSS410],1,0,0
1157,1999_tcs,The TCS maintainability will be considered in every phase of the design and development process and shall achieve a system maintainability (Mean Time To Repair MTTR) equal to or greater than that which is specified in the Predator and Outrider ORDs. [SSS411],1,0,0
1158,1999_tcs,"The Design features shall be included to: 
1. minimize the number and frequency of required preventive maintenance actions based on performance requirements and lowest life cycle costs;
2. minimize the contribution to degradation of TCS equipment reliability as a consequence of performing either preventive as well as corrective maintenance;
3. enable the performance of all maintenance actions with safety and comparative ease by providing adequate access to all equipment components and minimizing the requirements for special tools and test equipment;
4. minimize the requirement for specially trained maintenance personnel;
5. improve system availability by the effective selection and incorporation of Built In Test Equipment (BITE);
6. allow removal and replacement of replaceable units without soldering and unsoldering.",1,1,0
1159,1999_tcs,"The TCS equipment shall achieve an availability (Ao), as defined below, equal to or greater than that which is specified in the Predator and Outrider ORDs. [SSS413]",1,0,0
1160,1999_tcs,"The total, fully useable, addressable, physically present program instruction memory and data storage memory for each processor shall have at least 50% unused memory during the Normal Operations Mode over any 10 second period. [SSS414]",1,1,0
1161,1999_tcs,The processing speed of each processor shall be such that at least 50% of the throughput of each processor remains unused over all 10 second periods and at least 20% of the throughput of each processor remains unused over one second periods regardless of the system function performed. [SSS415],1,1,0
1162,1999_tcs,"The I/O channel reserve capability for each processor shall have at least a 50% reserve, addressable and useable, I/O channel capacity over any 10 second period. [SSS416]",1,1,0
1163,1999_tcs,TCS software flexibility and expandability shall be provided through use of the DII COE and through use of standardized software development practices. [SSS417],0,1,0
1164,1999_tcs,Hardware and software shall be selected for use in the TCS with the goal of providing ease of future changes to the TCS elements. [SSS418] The object of portability for the TCS is to select or develop hardware which will readily host emerging software packages and software which will be as independent of host hardware as possible.,1,1,0
1165,1999_tcs,"The selection of processors, interface cards for communication interfaces, disk drives, video, networking equipment, and all other hardware for use in the TCS shall be made according to standards for production of an open architecture. [SSS419]",1,0,0
1166,1999_tcs,The selection of operating system and programming language for use in the TCS shall be made according to standards for development of an open architecture. [SSS420],1,0,0
1168,1999_tcs,The system shall be functionally and physically partitioned to allow for efficient fault isolation. [SSS422],1,1,0
1169,1999_tcs,Control over internal items and devices shall be provided for detecting and isolating internal faults. [SSS423],0,1,0
1170,1999_tcs,Test points and data paths shall be defined to support efficient fault isolation. [SSS424],0,1,0
1171,1999_tcs,"The TCS shall provide the common software architecture for TCS interaction with Predator, Outrider, and future Tactical UAVs. [SSS425]",1,1,0
1172,1999_tcs,"In the selection of hardware design solutions to satisfy the requirements herein, Non-Developmental Items (NDI) (off-the-shelf equipment previously approved for service use) shall be chosen to the maximum practicable extent. [SSS426] If NDI that provides the desired functions can not be identified, then Commercial-Off-The-Shelf (COTS) hardware may be used.",1,1,0
1173,1999_tcs,System documentation shall be developed as part of the TCS program and will follow MIL-STD-498 for format. [SSS427],1,0,0
1174,1999_tcs,"The documentation developed shall contain sufficient level of detail to identify the functional, operational and design requirements of the TCS. [SSS428]",1,1,0
1175,1999_tcs,The documentation shall contain sufficient technical detail to define the hardware and software design implemented to satisfy the system requirements. [SSS429],1,1,0
1176,1999_tcs,"TCS material factors shall be governed by the NDI, GFE and COTS specifications developed by the equipment manufacturers, where applicable. [SSS431]",1,0,0
1177,1999_tcs,"During Phase 1, control techniques to minimize electromagnetic interference, emanation, and susceptibility shall be used in the design of TCS equipment. [SSS432] This control will be inherent in the design of the TCS and the electrical and electronic equipment components and assemblies thereof.",1,0,0
1178,1999_tcs,"The susceptibility to coupling and the propagation of Electromagnetic Interference (EMI) will be minimized by component location, cable routing, and judicious use of shielding.",1,0,0
1179,1999_tcs,There shall be neither unacceptable response nor malfunction of any TCS and associated equipment due to EMI produced by any as well as all of the TCS and equipment associated with the TCS. [SSS434],1,1,0
1180,1999_tcs,The TCS shall be compatible with the external electromagnetic environment that is typical of the service specific environment in the TCS will be operated. [SSS435] The specific electromagnetic environment values will be determined during Phase I of the TCS development.,1,1,0
1181,1999_tcs,"The TCS design shall ensure that personnel, fuel, and ordinance are not exposed to electromagnetic radiation as a result of operating the TCS. [SSS436] The specific radiation hazard (RADHAZ) and HERO values will be determined during Phase I of the TCS development.",1,1,0
1182,1999_tcs,Newly designed software shall be developed in accordance with a tailored MIL-STD-498. [SSS437],1,0,0
1183,1999_tcs,Software written for other systems shall be used in TCS where it is determined that the existing software is suitable for use within the TCS software. [SSS438],1,1,1
1184,1999_tcs,A modular architecture shall be used by the TCS software in order to support future interoperability with multiple types of UAVs and payloads while maintaining consistent displays and user interfaces. [SSS439],1,1,0
1185,1999_tcs,"TCS hardware flexibility and expansion shall be provided through use of GFE, NDI and COTS hardware designed to be upgraded and expanded. [SSS440]",1,1,0
1186,1999_tcs,"After emplacement at the operational site, the TCS shall be capable of planning and launching a mission within 1 hour of tasking. [SSS441]",1,1,0
1187,1999_tcs,The TCS shall be capable of operating continuously in functional Operation Mode for a minimum of 72 hours. [SSS442],0,1,0
1188,1999_tcs,The TCS shall have ergonomically designed operator controls and displays for the 5th percentile female to 95th percentile male operator. [SSS443],1,0,0
1191,1999_tcs,The TCS shall have monitor(s) that allow reading of displays under direct sunlight and low light level environments. [SSS446],1,1,0
1192,1999_tcs,The TCS HCI shall be a Graphical User Interface (GUI) based on X-windows and Motif. [SSS447],1,0,0
1193,1999_tcs,"When performing a given task during mission execution, the operator shall be given appropriate warning messages from other concurrently-executing subsystem tasks. [SSS448]",1,1,0
1194,1999_tcs,TCS Warning messages shall be color coded and flashed based on mission criticality. The color codes and flash frequencies will follow MIL-STD 1472 guidelines. [SSS449],1,0,0
1195,1999_tcs,"The TCS operator shall be required to enter an acknowledgment prior to disabling the display of critical warning flags for any AV, Payload, ADT, GDT, and TCS faults. [SSS450]",1,0,0
1196,1999_tcs,A combination of visual and auditory outputs will be provided to alert the TCS operator to situations which may require operator response.,1,1,0
1197,1999_tcs,Visual alerts to the TCS operator shall be in the form of a displayed message box that has a display priority greater than other existing windows to ensure that it is viewable immediately by the operator. [SSS452] The position of the displayed message window shall be easily adjustable by the operator to ensure that important mission data is not obscured. [SSS453],1,1,1
1198,1999_tcs,"In addition to displayed alert messages to the TCS operator, auditory alerts to include tones shall also be provided. [SSS454] The volume of these auditory tones shall be adjustable by the operator via keyboard and trackball input to at least 20dB above the speech interference level at the operator’s ear. [SSS455]",1,1,0
1200,1999_tcs,All TCS operator inputs shall be error checked such that any erroneous operator entry will not cause current processing to terminate. [SSS457] The HCI shall prompt the operator for a valid input. [SSS458],1,1,0
1201,1999_tcs,Display jitter and flicker shall not be perceptible by the operator. [SSS459],1,0,0
1202,1999_tcs,The operational tasks to be performed concurrently by the operator during normal operation will bedetermined by appropriate task analysis and function allocation.,1,1,0
1205,1999_tcs,"The HCI shall provide redundancy in all operations, so that the loss of any one HCI input device does not prohibit operation of any TCS function. [SSS463]",1,0,0
1206,1999_tcs,The TCS shall provide the functionality to display all HCI elements on any available monitor on the TCS workstation. [SSS464],1,1,0
1207,1999_tcs,"The TCS shall be capable of displaying a window within a window format to include, as a minimum, displaying a video window overlaid on a map screen as well as a map screen overlaid on a video screen. [SSS465]",1,1,0
1208,1999_tcs,"The TCS shall provide full complementary control operations from the keyset as well as the X/Y control device (e.g., trackball, mouse, joystick). [SSS466]",1,1,0
1209,1999_tcs,The TCS shall provide access to the DII Style Manager so that pointing device characteristics can be modified. [SSS467],1,0,0
1210,1999_tcs,The shall provide the functionality to have a maximum delay time of 1 second from operator command to system acknowledgement and response.[SSS 559],1,1,0
1211,1999_tcs,"The TCS shall provide a capability for porting an off-the-shelf, complex control joystick with multiple toggle and multi-position switches as part of the TCS hardware suite. [SSS468]",1,1,0
1212,1999_tcs,"The TCS shall use graphical representations to convey information, such as system status, C4I links, and AV-GDT links. [SSS469]",1,0,0
1214,1999_tcs,"The TCS shall provide automated TCS system information, control options, and logical & simple operator guidance and support for immediate and adaptive responding to crisis situations. [SSS471]",1,1,0
1215,1999_tcs,The TCS shall provide maximum automated system software support to system status monitoring and alerting of the TCS operator when a preset system parameter goes under as well as over a set threshold. [SSS472],1,1,0
1216,1999_tcs,"The TCS shall provide the necessary processing, display, and control capabilities to ensure dynamic situational awareness input to the TCS operator. [SSS473]",1,1,0
1217,1999_tcs,"The TCS shall minimize alphanumeric data display in favor of graphic, pictorial information display [SSS474]",1,0,0
1218,1999_tcs,"The TCS HCI shall provide unambiguous AV and payload control and status feedback indicators to ensure safe, efficient operations of two AVs and their payloads by a single TCS station. [SSS475]",1,1,1
1219,1999_tcs,"The TCS shall provide for a specific icon shape on a constant contrast background, as well as other visual information coding mechanisms, to cue the TCS operator regarding which UAVs are under his or her primary control. [SSS476]",1,1,1
1220,1999_tcs,The TCS HCI shall provide the capability to select and amplify an object and point on a map as well as payload screen. [SSS477],1,1,0
1221,1999_tcs,The TCS HCI shall provide coarse and fine payload control capabilities directly on the payload screen. [SSS478],1,1,0
1222,1999_tcs,The TCS HCI shall display the SAR imaging swath on the map display. [SSS479] The TCS HCI shall provide the on-screen capability to select and efficiently move as well as reorient a previously defined SAR imaging swath. [SSS480],1,1,0
1223,1999_tcs,The TCS HCI shall provide the capability to lock onto and hold a coordinate point on the payload imagery window. [SSS481],1,1,0
1224,1999_tcs,"The TCS HCI shall provide the capability to display operator definable “Lock Out” zones around waypoints, Launch and Recovery Point (LRP), as well as any selected point on the AV flight path. [SSS482]",1,1,0
1225,1999_tcs,The TCS HCI shall provide for a rapid means to cancel aural warnings. [SSS484],1,1,0
1226,1999_tcs,"The TCS HCI shall provide for separation, grouping, and visual coding of multiple categories of alerts, to include Warnings, Cautions, and Advisories. [SSS485]",1,0,0
1227,1999_tcs,"The TCS HCI shall provide for visual Warnings, Cautions, and Advisories to be displayed at or near the center of the field of view, i.e., within a 30o cone, of all monitors in a TCS system. [SSS486]",1,1,0
1228,1999_tcs,"For AV safety as well as mission-critical Warnings, the TCS HCI shall provide a default selection as well as an override option, along with a selection of adaptive responses, and the minimum information necessary to assist the operator in responding quickly and adaptively to the emergency. [SSS487]",1,1,0
1229,1999_tcs,"The TCS HCI shall provide for on-screen information to include, as a minimum, overlays, headers, cursors, alphanumeric annotation, waypoints, crosshairs, designed to be visible against the complete spectrum of map and payload video backgrounds. [SSS488]",1,1,0
1230,1999_tcs,"The TCS HCI shall provide continuously-available, on-screen control functions for time and missioncritical operations, to include as a minimum print, freeze, declassification, mark VCR, declutter, cease RF transmission. [SSS489]",1,1,0
1231,1999_tcs,The TCS HCI shall provide for the capability to automatically designate target locations from the payload screen onto the map screen. [SSS490],1,1,0
1232,1999_tcs,"TCS training and training support shall include the processes, procedures, techniques, training devices and equipment to train civilian, active duty and reserve military personnel to operate and support the TCS system. [SSS491] This will include: individual and crew training; new equipment training; initial, formal, and on-the-job training. TCS training will strike a balance between institutional, new equipment and unit training.",1,0,0
1233,1999_tcs,"The TCS system shall provide, for the operator and maintainer, an embedded or add-on interactive training courseware with self-paced instruction, duplicating UAV flight performance characteristics, capabilities, and limitations. [SSS492] The OUTRIDER TCS system shall be compatible with the U.S. Army Intelligence and Electronic Warfare Tactical Proficiency Trainer as an objective. [SSS493]",1,1,0
1234,1999_tcs,The interactive courseware training capability for TCS shall be developed during Phase I and introduced to the user during scheduled demonstrations and tests. [SSS494],1,1,0
1235,1999_tcs,"The training capability for performance of TCS functions shall include primary mission (flight route/payload) planning, mission control and monitoring, imagery processing, tactical communications, AV control communications and TCS system on line diagnostics. [SSS495] ",0,1,0
1236,1999_tcs,"The TCS shall provide the functional capability to train in the operation of the TCS system, performance of TCS UAV functions, and on line system troubleshooting. [SSS496]",1,1,0
1237,1999_tcs,"TCS system training shall include system architecture, component familiarization, and system startup, initialization, system recovery and shutdown. [SSS497]",1,0,0
1238,1999_tcs,The TCS system shall not support formal Training operations concurrent with the execution of an actual mission. [SSS499] The capability for the conduct of actual communications processing concurrently with Training operations shall be provided if and only if messages are identified as training messages. [SSS500],1,1,0
1239,1999_tcs,Training shall be adequate to maintain operator and maintainer skills and proficiencies. [SSS501],1,1,0
1240,1999_tcs,TCS shall record operator and maintainer actions for self assessment and performance enhancement. [SSS502],1,0,0
1241,1999_tcs,Operator and maintainer performance shall be measurable using parameters retrievable from the TCS to determine proficiency levels. [SSS503],1,0,0
1242,1999_tcs,Support for the TCS shall be in accordance with the Integrated Logistical Support Plan (ILSP) and the maintenance concepts and policies of the individual Services. [SSS504],1,0,0
1243,1999_tcs,All TCS Operator Manuals and Technical Manuals shall be verified and validated prior to initial operational test. [SSS529],1,0,0
1244,1999_tcs,TCS transport and storage containers shall be reusable and enable the operators to set-up equipment within the established timelines in their ORDs. [SSS505],1,0,1
1245,1999_tcs,"The TCS shall adhere to DoD regulations and policy governing military standards for logistics, Petroleum, Oil and Lubricants (POL), Test, Measurement, and Diagnostic Equipment (TMDE), tools, and other support items. [SSS506]",1,0,0
1246,1999_tcs,"Standard tools, TMDE, repair parts, and lubricants shall be used to maintain the TCS. Exceptions shall be considered on a case by case basis. [SSS507]",1,0,0
1247,1999_tcs,Each Service shall support the TCS as part of the UAV system which is organic to them. [SSS508],1,0,1
1248,1999_tcs,The TCS shall be maintained in accordance with the UAV ORD for that Service and the level of repair analysis for the hardware chosen. ,1,0,0
1249,1999_tcs,A TCS support and fielding package shall be developed and available for operational testing. [SSS510],0,1,0
1250,1999_tcs,The TCS shall be maintained in accordance with Services’ approved UAV maintenance concepts and procedures. [SSS511],1,0,0
1251,1999_tcs,"To the maximum extent possible, general purpose test equipment (GPTE) and common tools resident in each service shall be used to perform all corrective and preventative maintenance at all authorized levels of maintenance. [SSS512]",1,1,0
1252,1999_tcs,"Tools and test equipment required to maintain the TCS but not resident in each service inventory shall be identified as special tools and special purpose test equipment (SPTE), respectively, and kept to a minimum. [SSS513]",1,1,0
1253,1999_tcs,The environmental support required by the TCS shall be at least the same as that required for the respective UAV System. [SSS514],1,1,0
1254,1999_tcs,Basing for the system will follow the plan for UAV units and service command echelon requirements as delineated in the ORD. [SSS515],1,0,0
1255,1999_tcs,The TCS shall meet the deployment criteria for the organic unit to which it is assigned. [SSS516],1,0,1
1256,1999_tcs,The TCS shall be transported into the theater as an organic component of the operational UAV system being deployed. [SSS517],1,0,0
1257,1999_tcs,"TCS transportation in theater for Army and Marine Corps systems shall be by ground, air, as well as rail transportable. [SSS518",1,1,0
1258,1999_tcs,"For the Air Force, TCS transportation to the theater shall be by air. [SSS519] Within the theater, the USAF GCS shall be capable of being moved around an established air field. [SSS520]",0,1,0
1260,1999_tcs,The TCS shall be air transportable by helicopter (CH-47/CH-53D) and C-130 drive-on/drive-off capable. [SSS522],1,1,0
1263,1999_tcs,"The TCS shall be configurable for sea, ground, as well as air transport in 2 hours or less. [SSS525]",1,1,0
1264,1999_tcs,"The TCS system shall be capable of being de-configured from sea, ground, as well as air transport and ground-mobile in 2 hours or less. [SSS526]",1,1,0
1265,1999_tcs,The TCS shall have an objective capability to be integrated and operated from tactical and command and control aircraft. [SSS531],1,1,0
1266,1999_tcs,The TCS shall have an objective capability to be integrated and operated from submarines. [SSS532],1,1,0
1267,1999_tcs,The TCS shall have a capability to be integrated and operated from land based platforms. [SSS533],1,1,0
1268,1999_tcs,The TCS shall have an objective capability to be integrated and operated from ships. [SSS534],1,1,0
1270,1999_tcs,"When the requirements of the Operational Requirement Document (ORD), this System/Subsystem Specification (SSS), other related requirement documents, and referenced documents are in conflict, the following precedence will apply: 7. TCS ORD – The ORD shall have precedence over any other TCS documentation., 8. TCS SSS – This SSS shall have precedence over other requirements documents except item (1.) above., 9. Other TCS requirement documents – Other requirement documents shall have precedence over any referenced documents., 10. Referenced documents – Documents referenced herein and in other TCS requirement documents shall have precedence over all applicable subsidiary documents referenced therein.",1,0,0
